timestamp_ns,dt,raw_baro_alt,gps_alt,ekf_alt,ekf_vel_z,pid_target,pid_out_throttle
1783082150009789952,0.001,-0.678348,-0.678348,-0.242462,-0,0,0.5
1783082150010789888,0.001,-0.678348,-0.678348,-0.357237,-2.97579e-05,0,0.5
1783082150011789824,0.001,0,0,-0.357237,-2.97578e-05,0,0.5
1783082150012789760,0.001,-0.678348,-0.678348,-0.424166,-6.64963e-05,0,0.5
1783082150013789696,0.001,0,0,-0.424166,-6.64961e-05,0,0.5
1783082150014789632,0.001,-0.678348,-0.678348,-0.468008,-9.56269e-05,0,0.5
1783082150015789568,0.001,0,0,-0.468008,-9.56268e-05,0,0.5
1783082150016789504,0.001,-0.678348,-0.678348,-0.498951,-0.000118062,0,0.5
1783082150017789440,0.001,0,0,-0.498951,-0.000118062,0,0.5
1783082150018789376,0.001,-0.678348,-0.678348,-0.521957,-0.000135566,0,0.5
1783082150019789312,0.001,0,0,-0.521958,-0.000135566,0,0.5
1783082150020789248,0.001,-0.678348,-0.678348,-0.539734,-0.000149481,0,0.5
1783082150021789184,0.001,0,0,-0.539734,-0.000149481,0,0.5
1783082150022789120,0.001,-0.678348,-0.678348,-0.553882,-0.000160738,0,0.5
1783082150023789056,0.001,0,0,-0.553882,-0.000160738,0,0.5
1783082150024788992,0.001,-0.678348,-0.678348,-0.565409,-0.000169984,0,0.5
1783082150025788928,0.001,0,0,-0.565409,-0.000169984,0,0.5
1783082150026788864,0.001,-0.678348,-0.678348,-0.574983,-0.000177674,0,0.5
1783082150027788800,0.001,-0.678348,-0.678348,-0.58306,-0.0001823,0,0.5
1783082150028788736,0.001,0,0,-0.58306,-0.0001823,0,0.5
1783082150029788672,0.001,-0.678348,-0.678348,-0.589966,-0.00018649,0,0.5
1783082150030788608,0.001,0,0,-0.589966,-0.00018649,0,0.5
1783082150031788544,0.001,-0.678348,-0.678348,-0.595939,-0.000190253,0,0.5
1783082150032788480,0.001,0,0,-0.595939,-0.000190253,0,0.5
1783082150033788416,0.001,-0.678348,-0.678348,-0.601156,-0.000193616,0,0.5
1783082150034788352,0.001,0,0,-0.601156,-0.000193615,0,0.5
1783082150035788288,0.001,-0.678348,-0.678348,-0.605752,-0.000196609,0,0.5
1783082150036788224,0.001,0,0,-0.605752,-0.000196609,0,0.5
1783082150037788160,0.001,-0.678348,-0.678348,-0.609831,-0.000199266,0,0.5
1783082150038788096,0.001,0,0,-0.609831,-0.000199265,0,0.5
1783082150039788032,0.001,-0.678348,-0.678348,-0.613477,-0.000201615,0,0.5
1783082150040787968,0.001,0,0,-0.613477,-0.000201615,0,0.5
1783082150041787904,0.001,-0.678348,-0.678348,-0.616754,-0.000203687,0,0.5
1783082150042787840,0.001,-0.678348,-0.678348,-0.619716,-0.000204864,0,0.5
1783082150043787776,0.001,0,0,-0.619716,-0.000204864,0,0.5
1783082150044787712,0.001,-0.678348,-0.678348,-0.622406,-0.000205936,0,0.5
1783082150045787648,0.001,-0.678348,-0.678348,-0.62486,-0.000206378,0,0.5
1783082150046787584,0.001,0,0,-0.62486,-0.000206378,0,0.5
1783082150047787520,0.001,-0.678348,-0.678348,-0.627108,-0.000206801,0,0.5
1783082150048787456,0.001,0,0,-0.627108,-0.000206801,0,0.5
1783082150049787392,0.001,0,0,-0.627108,-0.000206801,0,0.5
1783082150050787328,0.001,-0.678348,-0.678348,-0.629175,-0.000207624,0,0.5
1783082150051787264,0.001,0,0,-0.629175,-0.000207623,0,0.5
1783082150052787200,0.001,-0.678348,-0.678348,-0.631081,-0.000208328,0,0.5
1783082150053787136,0.001,0,0,-0.631082,-0.000208328,0,0.5
1783082150054787072,0.001,-0.678348,-0.678348,-0.632846,-0.00020892,0,0.5
1783082150055787008,0.001,0,0,-0.632846,-0.00020892,0,0.5
1783082150056786944,0.001,-0.678348,-0.678348,-0.634483,-0.000209403,0,0.5
1783082150057786880,0.001,-0.678348,-0.678348,-0.636007,-0.000209473,0,0.5
1783082150058786816,0.001,0,0,-0.636007,-0.000209473,0,0.5
1783082150059786752,0.001,-0.678348,-0.678348,-0.637428,-0.00020949,0,0.5
1783082150060786688,0.001,0,0,-0.637428,-0.000209489,0,0.5
1783082150061786624,0.001,-0.678348,-0.678348,-0.638757,-0.000209452,0,0.5
1783082150062786560,0.001,0,0,-0.638757,-0.000209452,0,0.5
1783082150063786496,0.001,-0.678348,-0.678348,-0.640003,-0.00020936,0,0.5
1783082150064786432,0.001,0,0,-0.640003,-0.000209359,0,0.5
1783082150065786368,0.001,-0.678348,-0.678348,-0.641172,-0.000209212,0,0.5
1783082150066786304,0.001,0,0,-0.641172,-0.000209212,0,0.5
1783082150067786240,0.001,-0.678348,-0.678348,-0.642273,-0.00020901,0,0.5
1783082150068786176,0.001,0,0,-0.642273,-0.00020901,0,0.5
1783082150069786112,0.001,-0.678348,-0.678348,-0.64331,-0.000208755,0,0.5
1783082150070786048,0.001,-0.678348,-0.678348,-0.644289,-0.00020826,0,0.5
1783082150071785984,0.001,-0.678348,-0.678348,-0.645215,-0.000207566,0,0.5
1783082150072785920,0.001,0,0,-0.645215,-0.000207566,0,0.5
1783082150073785856,0.001,-0.678348,-0.678348,-0.646092,-0.000206862,0,0.5
1783082150074785792,0.001,0,0,-0.646092,-0.000206862,0,0.5
1783082150075785728,0.001,-0.678348,-0.678348,-0.646923,-0.000206145,0,0.5
1783082150076785664,0.001,0,0,-0.646924,-0.000206145,0,0.5
1783082150077785600,0.001,-0.678348,-0.678348,-0.647713,-0.000205413,0,0.5
1783082150078785536,0.001,0,0,-0.647714,-0.000205413,0,0.5
1783082150079785472,0.001,-0.678348,-0.678348,-0.648465,-0.000204666,0,0.5
1783082150080785408,0.001,0,0,-0.648465,-0.000204665,0,0.5
1783082150081785344,0.001,-0.678348,-0.678348,-0.64918,-0.000203901,0,0.5
1783082150082785280,0.001,0,0,-0.64918,-0.000203901,0,0.5
1783082150083785216,0.001,-0.678348,-0.678348,-0.649862,-0.000203118,0,0.5
1783082150084785152,0.001,0,0,-0.649862,-0.000203118,0,0.5
1783082150085785088,0.001,-0.678348,-0.678348,-0.650513,-0.000202318,0,0.5
1783082150086785024,0.001,-0.678348,-0.678348,-0.651134,-0.000201393,0,0.5
1783082150087784960,0.001,0,0,-0.651135,-0.000201392,0,0.5
1783082150088784896,0.001,-0.678348,-0.678348,-0.651729,-0.000200459,0,0.5
1783082150089784832,0.001,0,0,-0.651729,-0.000200458,0,0.5
1783082150090784768,0.001,-0.678348,-0.678348,-0.652298,-0.000199515,0,0.5
1783082150091784704,0.001,0,0,-0.652299,-0.000199515,0,0.5
1783082150092784640,0.001,-0.678348,-0.678348,-0.652844,-0.000198562,0,0.5
1783082150093784576,0.001,0,0,-0.652844,-0.000198562,0,0.5
1783082150094784512,0.001,-0.678348,-0.678348,-0.653367,-0.000197599,0,0.5
1783082150095784448,0.001,-0.678348,-0.678348,-0.653869,-0.000196546,0,0.5
1783082150096784384,0.001,0,0,-0.653869,-0.000196546,0,0.5
1783082150097784320,0.001,-0.678348,-0.678348,-0.654351,-0.000195489,0,0.5
1783082150098784256,0.001,-0.678348,-0.678348,-0.654815,-0.000194358,0,0.5
1783082150099784192,0.001,0,0,-0.654815,-0.000194358,0,0.5
1783082150100784128,0.001,0,0,-0.654815,-0.000194357,0,0.5
1783082150101784064,0.001,0,0,-0.654815,-0.000194357,0,0.5
1783082150102784000,0.001,0,0,-0.654815,-0.000194356,0,0.5
1783082150103783936,0.001,0,0,-0.654816,-0.000194355,0,0.5
1783082150104783872,0.001,0,0,-0.654816,-0.000194355,0,0.5
1783082150105783808,0.001,0,0,-0.654816,-0.000194354,0,0.5
1783082150106783744,0.001,0,0,-0.654816,-0.000194354,0,0.5
1783082150107783680,0.001,0,0,-0.654816,-0.000194353,0,0.5
1783082150108783616,0.001,0,0,-0.654817,-0.000194353,0,0.5
1783082150109783552,0.001,0,0,-0.654817,-0.000194352,0,0.5
1783082150110783488,0.001,0,0,-0.654817,-0.000194352,0,0.5
1783082150111783424,0.001,0,0,-0.654817,-0.000194351,0,0.5
1783082150112783360,0.001,0,0,-0.654817,-0.000194351,0,0.5
1783082150113783296,0.001,0,0,-0.654818,-0.00019435,0,0.5
1783082150114783232,0.001,0,0,-0.654818,-0.00019435,0,0.5
1783082150115783168,0.001,0,0,-0.654818,-0.000194349,0,0.5
1783082150116783104,0.001,0,0,-0.654818,-0.000194349,0,0.5
1783082150117783040,0.001,0,0,-0.654818,-0.000194348,0,0.5
1783082150118782976,0.001,0,0,-0.654818,-0.000194348,0,0.5
1783082150119782912,0.001,0,0,-0.654819,-0.000194347,0,0.5
1783082150120782848,0.001,0,0,-0.654819,-0.000194347,0,0.5
1783082150121782784,0.001,0,0,-0.654819,-0.000194346,0,0.5
1783082150122782720,0.001,0,0,-0.654819,-0.000194346,0,0.5
1783082150123782656,0.001,0,0,-0.654819,-0.000194345,0,0.5
1783082150124782592,0.001,0,0,-0.65482,-0.000194345,0,0.5
1783082150125782528,0.001,0,0,-0.65482,-0.000194344,0,0.5
1783082150126782464,0.001,0,0,-0.65482,-0.000194344,0,0.5
1783082150127782400,0.001,0,0,-0.65482,-0.000194343,0,0.5
1783082150128782336,0.001,0,0,-0.65482,-0.000194343,0,0.5
1783082150129782272,0.001,0,0,-0.654821,-0.000194342,0,0.5
1783082150130782208,0.001,0,0,-0.654821,-0.000194342,0,0.5
1783082150131782144,0.001,0,0,-0.654821,-0.000194341,0,0.5
1783082150132782080,0.001,0,0,-0.654821,-0.000194341,0,0.5
1783082150133782016,0.001,0,0,-0.654821,-0.00019434,0,0.5
1783082150134781952,0.001,0,0,-0.654822,-0.00019434,0,0.5
1783082150135781888,0.001,0,0,-0.654822,-0.000194339,0,0.5
1783082150136781824,0.001,0,0,-0.654822,-0.000194339,0,0.5
1783082150137781760,0.001,0,0,-0.654822,-0.000194338,0,0.5
1783082150138781696,0.001,0,0,-0.654822,-0.000194338,0,0.5
1783082150139781632,0.001,0,0,-0.654823,-0.000194337,0,0.5
1783082150140781568,0.001,0,0,-0.654823,-0.000194337,0,0.5
1783082150141781504,0.001,0,0,-0.654823,-0.000194336,0,0.5
1783082150142781440,0.001,0,0,-0.654823,-0.000194336,0,0.5
1783082150143781376,0.001,0,0,-0.654823,-0.000194335,0,0.5
1783082150144781312,0.001,0,0,-0.654824,-0.000194335,0,0.5
1783082150145781248,0.001,0,0,-0.654824,-0.000194334,0,0.5
1783082150146781184,0.001,0,0,-0.654824,-0.000194334,0,0.5
1783082150147781120,0.001,0,0,-0.654824,-0.000194333,0,0.5
1783082150148781056,0.001,0,0,-0.654824,-0.000194333,0,0.5
1783082150149780992,0.001,0,0,-0.654824,-0.000194332,0,0.5
1783082150150780928,0.001,0,0,-0.654825,-0.000194332,0,0.5
1783082150151780864,0.001,0,0,-0.654825,-0.000194331,0,0.5
1783082150152780800,0.001,0,0,-0.654825,-0.000194331,0,0.5
1783082150153780736,0.001,0,0,-0.654825,-0.00019433,0,0.5
1783082150154780672,0.001,0,0,-0.654825,-0.00019433,0,0.5
1783082150155780608,0.001,0,0,-0.654826,-0.000194329,0,0.5
1783082150156780544,0.001,0,0,-0.654826,-0.000194329,0,0.5
1783082150157780480,0.001,0,0,-0.654826,-0.000194328,0,0.5
1783082150158780416,0.001,0,0,-0.654826,-0.000194327,0,0.5
1783082150159780352,0.001,0,0,-0.654826,-0.000194327,0,0.5
1783082150160780288,0.001,0,0,-0.654827,-0.000194326,0,0.5
1783082150161780224,0.001,0,0,-0.654827,-0.000194326,0,0.5
1783082150162780160,0.001,0,0,-0.654827,-0.000194325,0,0.5
1783082150163780096,0.001,0,0,-0.654827,-0.000194325,0,0.5
1783082150164780032,0.001,0,0,-0.654827,-0.000194324,0,0.5
1783082150165779968,0.001,0,0,-0.654828,-0.000194324,0,0.5
1783082150166779904,0.001,0,0,-0.654828,-0.000194323,0,0.5
1783082150167779840,0.001,0,0,-0.654828,-0.000194323,0,0.5
1783082150168779776,0.001,0,0,-0.654828,-0.000194322,0,0.5
1783082150169779712,0.001,0,0,-0.654828,-0.000194322,0,0.5
1783082150170779648,0.001,0,0,-0.654829,-0.000194321,0,0.5
1783082150171779584,0.001,0,0,-0.654829,-0.000194321,0,0.5
1783082150172779520,0.001,0,0,-0.654829,-0.00019432,0,0.5
1783082150173779456,0.001,0,0,-0.654829,-0.00019432,0,0.5
1783082150174779392,0.001,0,0,-0.654829,-0.000194319,0,0.5
1783082150175779328,0.001,0,0,-0.65483,-0.000194319,0,0.5
1783082150176779264,0.001,0,0,-0.65483,-0.000194318,0,0.5
1783082150177779200,0.001,0,0,-0.65483,-0.000194318,0,0.5
1783082150178779136,0.001,0,0,-0.65483,-0.000194317,0,0.5
1783082150179779072,0.001,0,0,-0.65483,-0.000194317,0,0.5
1783082150180779008,0.001,-0.678348,-0.678348,-0.655277,-0.000206791,0,0.5
1783082150181778944,0.001,0,0,-0.655278,-0.000206791,0,0.5
1783082150182778880,0.001,-0.678348,-0.678348,-0.655708,-0.000217085,0,0.5
1783082150183778816,0.001,-0.678348,-0.678348,-0.656123,-0.000225395,0,0.5
1783082150184778752,0.001,0,0,-0.656123,-0.000225394,0,0.5
1783082150185778688,0.001,-0.678348,-0.678348,-0.656523,-0.000232274,0,0.5
1783082150186778624,0.001,0,0,-0.656523,-0.000232273,0,0.5
1783082150187778560,0.001,-0.678348,-0.678348,-0.656908,-0.000237957,0,0.5
1783082150188778496,0.001,-0.678348,-0.678348,-0.65728,-0.000242492,0,0.5
1783082150189778432,0.001,-0.678348,-0.678348,-0.65764,-0.000246071,0,0.5
1783082150190778368,0.001,0,0,-0.65764,-0.00024607,0,0.5
1783082150191778304,0.001,-0.678348,-0.678348,-0.657987,-0.00024895,0,0.5
1783082150192778240,0.001,-0.678348,-0.678348,-0.658323,-0.000251135,0,0.5
1783082150193778176,0.001,0,0,-0.658324,-0.000251134,0,0.5
1783082150194778112,0.001,-0.678348,-0.678348,-0.658648,-0.000252805,0,0.5
1783082150195778048,0.001,-0.678348,-0.678348,-0.658963,-0.000253959,0,0.5
1783082150196777984,0.001,-0.678348,-0.678348,-0.659268,-0.00025467,0,0.5
1783082150197777920,0.001,-0.678348,-0.678348,-0.659563,-0.000255001,0,0.5
1783082150198777856,0.001,-0.678348,-0.678348,-0.659849,-0.000255001,0,0.5
1783082150199777792,0.001,0,0,-0.659849,-0.000255001,0,0.5
1783082150200777728,0.001,-0.678348,-0.678348,-0.660127,-0.000254747,0,0.5
1783082150201777664,0.001,-0.678348,-0.678348,-0.660397,-0.000254241,0,0.5
1783082150202777600,0.001,-0.678348,-0.678348,-0.660658,-0.000253514,0,0.5
1783082150203777536,0.001,-0.678348,-0.678348,-0.660912,-0.000252596,0,0.5
1783082150204777472,0.001,-0.678348,-0.678348,-0.661159,-0.000251509,0,0.5
1783082150205777408,0.001,0,0,-0.66116,-0.000251509,0,0.5
1783082150206777344,0.001,-0.678348,-0.678348,-0.6614,-0.000250279,0,0.5
1783082150207777280,0.001,0,0,-0.6614,-0.000250279,0,0.5
1783082150208777216,0.001,-0.678348,-0.678348,-0.661633,-0.000248921,0,0.5
1783082150209777152,0.001,0,0,-0.661633,-0.000248921,0,0.5
1783082150210777088,0.001,-0.678348,-0.678348,-0.661861,-0.000247449,0,0.5
1783082150211777024,0.001,-0.678348,-0.678348,-0.662082,-0.000245878,0,0.5
1783082150212776960,0.001,0,0,-0.662082,-0.000245877,0,0.5
1783082150213776896,0.001,-0.678348,-0.678348,-0.662297,-0.000244214,0,0.5
1783082150214776832,0.001,0,0,-0.662297,-0.000244213,0,0.5
1783082150215776768,0.001,-0.678348,-0.678348,-0.662507,-0.000242467,0,0.5
1783082150216776704,0.001,-0.678348,-0.678348,-0.662711,-0.000240657,0,0.5
1783082150217776640,0.001,-0.678348,-0.678348,-0.66291,-0.000238792,0,0.5
1783082150218776576,0.001,-0.678348,-0.678348,-0.663104,-0.000236879,0,0.5
1783082150219776512,0.001,-0.678348,-0.678348,-0.663293,-0.000234925,0,0.5
1783082150220776448,0.001,0,0,-0.663293,-0.000234924,0,0.5
1783082150221776384,0.001,-0.678348,-0.678348,-0.663478,-0.000232916,0,0.5
1783082150222776320,0.001,0,0,-0.663478,-0.000232915,0,0.5
1783082150223776256,0.001,-0.678348,-0.678348,-0.663658,-0.00023086,0,0.5
1783082150224776192,0.001,0,0,-0.663658,-0.000230859,0,0.5
1783082150225776128,0.001,-0.678348,-0.678348,-0.663834,-0.000228765,0,0.5
1783082150226776064,0.001,0,0,-0.663834,-0.000228764,0,0.5
1783082150227776000,0.001,-0.678348,-0.678348,-0.664006,-0.000226636,0,0.5
1783082150228775936,0.001,0,0,-0.664006,-0.000226635,0,0.5
1783082150229775872,0.001,-0.678348,-0.678348,-0.664174,-0.00022448,0,0.5
1783082150230775808,0.001,0,0,-0.664174,-0.000224479,0,0.5
1783082150231775744,0.001,-0.678348,-0.678348,-0.664338,-0.000222302,0,0.5
1783082150232775680,0.001,-0.678348,-0.678348,-0.664498,-0.000220127,0,0.5
1783082150233775616,0.001,0,0,-0.664498,-0.000220126,0,0.5
1783082150234775552,0.001,-0.678348,-0.678348,-0.664655,-0.000217934,0,0.5
1783082150235775488,0.001,-0.678348,-0.678348,-0.664808,-0.00021575,0,0.5
1783082150236775424,0.001,-0.678348,-0.678348,-0.664957,-0.000213575,0,0.5
1783082150237775360,0.001,0,0,-0.664957,-0.000213574,0,0.5
1783082150238775296,0.001,-0.678348,-0.678348,-0.665104,-0.000211385,0,0.5
1783082150239775232,0.001,-0.678348,-0.678348,-0.665247,-0.000209211,0,0.5
1783082150240775168,0.001,-0.678348,-0.678348,-0.665387,-0.000207051,0,0.5
1783082150241775104,0.001,-0.678348,-0.678348,-0.665524,-0.000204905,0,0.5
1783082150242775040,0.001,-0.678348,-0.678348,-0.665658,-0.000202775,0,0.5
1783082150243774976,0.001,-0.678348,-0.678348,-0.66579,-0.000200659,0,0.5
1783082150244774912,0.001,-0.678348,-0.678348,-0.665919,-0.00019856,0,0.5
1783082150245774848,0.001,-0.678348,-0.678348,-0.666045,-0.000196476,0,0.5
1783082150246774784,0.001,0,0,-0.666045,-0.000196475,0,0.5
1783082150247774720,0.001,-0.678348,-0.678348,-0.666169,-0.000194379,0,0.5
1783082150248774656,0.001,-0.678348,-0.678348,-0.66629,-0.000192303,0,0.5
1783082150249774592,0.001,-0.678348,-0.678348,-0.666409,-0.000190246,0,0.5
1783082150250774528,0.001,0,0,-0.666409,-0.000190245,0,0.5
1783082150251774464,0.001,-0.678348,-0.678348,-0.666525,-0.00018818,0,0.5
1783082150252774400,0.001,0,0,-0.666526,-0.000188179,0,0.5
1783082150253774336,0.001,-0.678348,-0.678348,-0.66664,-0.00018611,0,0.5
1783082150254774272,0.001,0,0,-0.66664,-0.000186109,0,0.5
1783082150255774208,0.001,-0.678348,-0.678348,-0.666752,-0.000184041,0,0.5
1783082150256774144,0.001,-0.678348,-0.678348,-0.666862,-0.000182002,0,0.5
1783082150257774080,0.001,0,0,-0.666862,-0.000182,0,0.5
1783082150258774016,0.001,-0.678348,-0.678348,-0.66697,-0.000179964,0,0.5
1783082150259773952,0.001,-0.678348,-0.678348,-0.667076,-0.000177959,0,0.5
1783082150260773888,0.001,-0.678348,-0.678348,-0.66718,-0.000175983,0,0.5
1783082150261773824,0.001,-0.678348,-0.678348,-0.667282,-0.000174035,0,0.5
1783082150262773760,0.001,-0.678348,-0.678348,-0.667382,-0.000172115,0,0.5
1783082150263773696,0.001,-0.678348,-0.678348,-0.667481,-0.000170221,0,0.5
1783082150264773632,0.001,-0.678348,-0.678348,-0.667577,-0.000168353,0,0.5
1783082150265773568,0.001,0,0,-0.667578,-0.000168351,0,0.5
1783082150266773504,0.001,-0.678348,-0.678348,-0.667673,-0.000166482,0,0.5
1783082150267773440,0.001,0,0,-0.667673,-0.000166481,0,0.5
1783082150268773376,0.001,-0.678348,-0.678348,-0.667766,-0.000164616,0,0.5
1783082150269773312,0.001,-0.678348,-0.678348,-0.667858,-0.00016278,0,0.5
1783082150270773248,0.001,0,0,-0.667858,-0.000162779,0,0.5
1783082150271773184,0.001,-0.678348,-0.678348,-0.667948,-0.000160949,0,0.5
1783082150272773120,0.001,-0.678348,-0.678348,-0.668037,-0.00015915,0,0.5
1783082150273773056,0.001,-0.678348,-0.678348,-0.668124,-0.000157381,0,0.5
1783082150274772992,0.001,0,0,-0.668124,-0.000157379,0,0.5
1783082150275772928,0.001,-0.678348,-0.678348,-0.668209,-0.000155616,0,0.5
1783082150276772864,0.001,-0.678348,-0.678348,-0.668294,-0.000153884,0,0.5
1783082150277772800,0.001,0,0,-0.668294,-0.000153883,0,0.5
1783082150278772736,0.001,-0.678348,-0.678348,-0.668377,-0.000152158,0,0.5
1783082150279772672,0.001,-0.678348,-0.678348,-0.668458,-0.000150465,0,0.5
1783082150280772608,0.001,0,0,-0.668458,-0.000150463,0,0.5
1783082150281772544,0.001,-0.678348,-0.678348,-0.668539,-0.000148779,0,0.5
1783082150282772480,0.001,0,0,-0.668539,-0.000148778,0,0.5
1783082150283772416,0.001,-0.678348,-0.678348,-0.668618,-0.000147106,0,0.5
1783082150284772352,0.001,-0.678348,-0.678348,-0.668695,-0.000145467,0,0.5
1783082150285772288,0.001,-0.678348,-0.678348,-0.668772,-0.000143859,0,0.5
1783082150286772224,0.001,-0.678348,-0.678348,-0.668847,-0.000142281,0,0.5
1783082150287772160,0.001,-0.678348,-0.678348,-0.668921,-0.000140732,0,0.5
1783082150288772096,0.001,-0.678348,-0.678348,-0.668994,-0.00013921,0,0.5
1783082150289772032,0.001,-0.678348,-0.678348,-0.669066,-0.000137714,0,0.5
1783082150290771968,0.001,-0.678348,-0.678348,-0.669136,-0.000136243,0,0.5
1783082150291771904,0.001,-0.678348,-0.678348,-0.669206,-0.000134796,0,0.5
1783082150292771840,0.001,-0.678348,-0.678348,-0.669275,-0.000133372,0,0.5
1783082150293771776,0.001,-0.678348,-0.678348,-0.669342,-0.000131971,0,0.5
1783082150294771712,0.001,-0.678348,-0.678348,-0.669409,-0.000130591,0,0.5
1783082150295771648,0.001,-0.678348,-0.678348,-0.669474,-0.000129231,0,0.5
1783082150296771584,0.001,0,0,-0.669474,-0.00012923,0,0.5
1783082150297771520,0.001,-0.678348,-0.678348,-0.669539,-0.000127871,0,0.5
1783082150298771456,0.001,-0.678348,-0.678348,-0.669603,-0.000126535,0,0.5
1783082150299771392,0.001,0,0,-0.669603,-0.000126534,0,0.5
1783082150300771328,0.001,-0.678348,-0.678348,-0.669666,-0.000125201,0,0.5
1783082150301771264,0.001,-0.678348,-0.678348,-0.669728,-0.000123892,0,0.5
1783082150302771200,0.001,0,0,-0.669728,-0.000123891,0,0.5
1783082150303771136,0.001,-0.678348,-0.678348,-0.669789,-0.000122587,0,0.5
1783082150304771072,0.001,-0.678348,-0.678348,-0.669849,-0.000121308,0,0.5
1783082150305771008,0.001,-0.678348,-0.678348,-0.669908,-0.000120051,0,0.5
1783082150306770944,0.001,-0.678348,-0.678348,-0.669967,-0.000118817,0,0.5
1783082150307770880,0.001,-0.678348,-0.678348,-0.670025,-0.000117603,0,0.5
1783082150308770816,0.001,-0.678348,-0.678348,-0.670082,-0.00011641,0,0.5
1783082150309770752,0.001,-0.678348,-0.678348,-0.670138,-0.000115236,0,0.5
1783082150310770688,0.001,-0.678348,-0.678348,-0.670193,-0.000114081,0,0.5
1783082150311770624,0.001,0,0,-0.670193,-0.00011408,0,0.5
1783082150312770560,0.001,0,0,-0.670193,-0.000114078,0,0.5
1783082150313770496,0.001,0,0,-0.670193,-0.000114076,0,0.5
1783082150314770432,0.001,0,0,-0.670194,-0.000114074,0,0.5
1783082150315770368,0.001,0,0,-0.670194,-0.000114073,0,0.5
1783082150316770304,0.001,0,0,-0.670194,-0.000114071,0,0.5
1783082150317770240,0.001,0,0,-0.670194,-0.000114069,0,0.5
1783082150318770176,0.001,0,0,-0.670194,-0.000114067,0,0.5
1783082150319770112,0.001,0,0,-0.670194,-0.000114066,0,0.5
1783082150320770048,0.001,0,0,-0.670194,-0.000114064,0,0.5
1783082150321769984,0.001,0,0,-0.670194,-0.000114062,0,0.5
1783082150322769920,0.001,0,0,-0.670195,-0.00011406,0,0.5
1783082150323769856,0.001,0,0,-0.670195,-0.000114058,0,0.5
1783082150324769792,0.001,0,0,-0.670195,-0.000114057,0,0.5
1783082150325769728,0.001,0,0,-0.670195,-0.000114055,0,0.5
1783082150326769664,0.001,0,0,-0.670195,-0.000114053,0,0.5
1783082150327769600,0.001,0,0,-0.670195,-0.000114051,0,0.5
1783082150328769536,0.001,0,0,-0.670195,-0.00011405,0,0.5
1783082150329769472,0.001,0,0,-0.670195,-0.000114048,0,0.5
1783082150330769408,0.001,0,0,-0.670195,-0.000114046,0,0.5
1783082150331769344,0.001,0,0,-0.670196,-0.000114044,0,0.5
1783082150332769280,0.001,0,0,-0.670196,-0.000114043,0,0.5
1783082150333769216,0.001,0,0,-0.670196,-0.000114041,0,0.5
1783082150334769152,0.001,0,0,-0.670196,-0.000114039,0,0.5
1783082150335769088,0.001,0,0,-0.670196,-0.000114037,0,0.5
1783082150336769024,0.001,0,0,-0.670196,-0.000114036,0,0.5
1783082150337768960,0.001,0,0,-0.670196,-0.000114034,0,0.5
1783082150338768896,0.001,0,0,-0.670196,-0.000114032,0,0.5
1783082150339768832,0.001,0,0,-0.670196,-0.00011403,0,0.5
1783082150340768768,0.001,0,0,-0.670197,-0.000114029,0,0.5
1783082150341768704,0.001,0,0,-0.670197,-0.000114027,0,0.5
1783082150342768640,0.001,0,0,-0.670197,-0.000114025,0,0.5
1783082150343768576,0.001,0,0,-0.670197,-0.000114023,0,0.5
1783082150344768512,0.001,0,0,-0.670197,-0.000114022,0,0.5
1783082150345768448,0.001,0,0,-0.670197,-0.00011402,0,0.5
1783082150346768384,0.001,0,0,-0.670197,-0.000114018,0,0.5
1783082150347768320,0.001,0,0,-0.670197,-0.000114016,0,0.5
1783082150348768256,0.001,0,0,-0.670197,-0.000114014,0,0.5
1783082150349768192,0.001,0,0,-0.670198,-0.000114013,0,0.5
1783082150350768128,0.001,0,0,-0.670198,-0.000114011,0,0.5
1783082150351768064,0.001,0,0,-0.670198,-0.000114009,0,0.5
1783082150352768000,0.001,0,0,-0.670198,-0.000114007,0,0.5
1783082150353767936,0.001,0,0,-0.670198,-0.000114006,0,0.5
1783082150354767872,0.001,0,0,-0.670198,-0.000114004,0,0.5
1783082150355767808,0.001,0,0,-0.670198,-0.000114002,0,0.5
1783082150356767744,0.001,0,0,-0.670198,-0.000114,0,0.5
1783082150357767680,0.001,0,0,-0.670199,-0.000113999,0,0.5
1783082150358767616,0.001,0,0,-0.670199,-0.000113997,0,0.5
1783082150359767552,0.001,0,0,-0.670199,-0.000113995,0,0.5
1783082150360767488,0.001,0,0,-0.670199,-0.000113993,0,0.5
1783082150361767424,0.001,0,0,-0.670199,-0.000113992,0,0.5
1783082150362767360,0.001,0,0,-0.670199,-0.00011399,0,0.5
1783082150363767296,0.001,0,0,-0.670199,-0.000113988,0,0.5
1783082150364767232,0.001,0,0,-0.670199,-0.000113986,0,0.5
1783082150365767168,0.001,0,0,-0.670199,-0.000113985,0,0.5
1783082150366767104,0.001,0,0,-0.6702,-0.000113983,0,0.5
1783082150367767040,0.001,0,0,-0.6702,-0.000113981,0,0.5
1783082150368766976,0.001,0,0,-0.6702,-0.000113979,0,0.5
1783082150369766912,0.001,0,0,-0.6702,-0.000113978,0,0.5
1783082150370766848,0.001,0,0,-0.6702,-0.000113976,0,0.5
1783082150371766784,0.001,0,0,-0.6702,-0.000113974,0,0.5
1783082150372766720,0.001,0,0,-0.6702,-0.000113972,0,0.5
1783082150373766656,0.001,0,0,-0.6702,-0.00011397,0,0.5
1783082150374766592,0.001,0,0,-0.6702,-0.000113969,0,0.5
1783082150375766528,0.001,0,0,-0.670201,-0.000113967,0,0.5
1783082150376766464,0.001,0,0,-0.670201,-0.000113965,0,0.5
1783082150377766400,0.001,0,0,-0.670201,-0.000113963,0,0.5
1783082150378766336,0.001,0,0,-0.670201,-0.000113962,0,0.5
1783082150379766272,0.001,0,0,-0.670201,-0.00011396,0,0.5
1783082150380766208,0.001,0,0,-0.670201,-0.000113958,0,0.5
1783082150381766144,0.001,0,0,-0.670201,-0.000113956,0,0.5
1783082150382766080,0.001,0,0,-0.670201,-0.000113955,0,0.5
1783082150383766016,0.001,0,0,-0.670201,-0.000113953,0,0.5
1783082150384765952,0.001,0,0,-0.670202,-0.000113951,0,0.5
1783082150385765888,0.001,0,0,-0.670202,-0.000113949,0,0.5
1783082150386765824,0.001,0,0,-0.670202,-0.000113948,0,0.5
1783082150387765760,0.001,-0.678348,-0.678348,-0.670257,-0.000114397,0,0.5
1783082150388765696,0.001,-0.678348,-0.678348,-0.670311,-0.000114742,0,0.5
1783082150389765632,0.001,-0.678348,-0.678348,-0.670364,-0.000114996,0,0.5
1783082150390765568,0.001,0,0,-0.670364,-0.000114995,0,0.5
1783082150391765504,0.001,-0.678348,-0.678348,-0.670417,-0.000115207,0,0.5
1783082150392765440,0.001,0,0,-0.670417,-0.000115205,0,0.5
1783082150393765376,0.001,-0.678348,-0.678348,-0.670469,-0.000115376,0,0.5
1783082150394765312,0.001,0,0,-0.670469,-0.000115375,0,0.5
1783082150395765248,0.001,-0.678348,-0.678348,-0.670521,-0.000115505,0,0.5
1783082150396765184,0.001,0,0,-0.670521,-0.000115504,0,0.5
1783082150397765120,0.001,-0.678348,-0.678348,-0.670572,-0.000115595,0,0.5
1783082150398765056,0.001,0,0,-0.670572,-0.000115593,0,0.5
1783082150399764992,0.001,-0.678348,-0.678348,-0.670622,-0.000115646,0,0.5
1783082150400764928,0.001,0,0,-0.670622,-0.000115644,0,0.5
1783082150401764864,0.001,-0.678348,-0.678348,-0.670671,-0.000115658,0,0.5
1783082150402764800,0.001,0,0,-0.670672,-0.000115657,0,0.5
1783082150403764736,0.001,-0.678348,-0.678348,-0.67072,-0.000115635,0,0.5
1783082150404764672,0.001,0,0,-0.670721,-0.000115633,0,0.5
1783082150405764608,0.001,-0.678348,-0.678348,-0.670769,-0.000115575,0,0.5
1783082150406764544,0.001,0,0,-0.670769,-0.000115574,0,0.5
1783082150407764480,0.001,-0.678348,-0.678348,-0.670817,-0.000115482,0,0.5
1783082150408764416,0.001,0,0,-0.670817,-0.00011548,0,0.5
1783082150409764352,0.001,-0.678348,-0.678348,-0.670864,-0.000115354,0,0.5
1783082150410764288,0.001,0,0,-0.670864,-0.000115352,0,0.5
1783082150411764224,0.001,0,0,-0.670864,-0.000115351,0,0.5
1783082150412764160,0.001,0,0,-0.670864,-0.000115349,0,0.5
1783082150413764096,0.001,-0.678348,-0.678348,-0.67091,-0.00011521,0,0.5
1783082150414764032,0.001,-0.678348,-0.678348,-0.670956,-0.000115032,0,0.5
1783082150415763968,0.001,-0.678348,-0.678348,-0.671002,-0.000114818,0,0.5
1783082150416763904,0.001,-0.678348,-0.678348,-0.671047,-0.000114571,0,0.5
1783082150417763840,0.001,-0.678348,-0.678348,-0.671091,-0.000114292,0,0.5
1783082150418763776,0.001,-0.678348,-0.678348,-0.671135,-0.000113984,0,0.5
1783082150419763712,0.001,0,0,-0.671135,-0.000113983,0,0.5
1783082150420763648,0.001,0,0,-0.671135,-0.000113981,0,0.5
1783082150421763584,0.001,-0.678348,-0.678348,-0.671178,-0.000113644,0,0.5
1783082150422763520,0.001,0,0,-0.671178,-0.000113642,0,0.5
1783082150423763456,0.001,-0.678348,-0.678348,-0.671221,-0.000113279,0,0.5
1783082150424763392,0.001,0,0,-0.671221,-0.000113277,0,0.5
1783082150425763328,0.001,-0.678348,-0.678348,-0.671263,-0.00011289,0,0.5
1783082150426763264,0.001,0,0,-0.671263,-0.000112888,0,0.5
1783082150427763200,0.001,-0.678348,-0.678348,-0.671305,-0.000112477,0,0.5
1783082150428763136,0.001,-0.678348,-0.678348,-0.671346,-0.000112049,0,0.5
1783082150429763072,0.001,0,0,-0.671346,-0.000112047,0,0.5
1783082150430763008,0.001,-0.678348,-0.678348,-0.671387,-0.000111597,0,0.5
1783082150431762944,0.001,0,0,-0.671387,-0.000111595,0,0.5
1783082150432762880,0.001,-0.678348,-0.678348,-0.671427,-0.000111123,0,0.5
1783082150433762816,0.001,0,0,-0.671428,-0.000111122,0,0.5
1783082150434762752,0.001,-0.678348,-0.678348,-0.671467,-0.000110631,0,0.5
1783082150435762688,0.001,0,0,-0.671467,-0.000110629,0,0.5
1783082150436762624,0.001,-0.678348,-0.678348,-0.671507,-0.000110121,0,0.5
1783082150437762560,0.001,0,0,-0.671507,-0.000110119,0,0.5
1783082150438762496,0.001,-0.678348,-0.678348,-0.671546,-0.000109594,0,0.5
1783082150439762432,0.001,0,0,-0.671546,-0.000109592,0,0.5
1783082150440762368,0.001,-0.678348,-0.678348,-0.671584,-0.000109052,0,0.5
1783082150441762304,0.001,-0.678348,-0.678348,-0.671623,-0.000108504,0,0.5
1783082150442762240,0.001,0,0,-0.671623,-0.000108502,0,0.5
1783082150443762176,0.001,-0.678348,-0.678348,-0.67166,-0.000107939,0,0.5
1783082150444762112,0.001,-0.678348,-0.678348,-0.671698,-0.00010737,0,0.5
1783082150445762048,0.001,0,0,-0.671698,-0.000107368,0,0.5
1783082150446761984,0.001,-0.678348,-0.678348,-0.671735,-0.000106785,0,0.5
1783082150447761920,0.001,-0.678348,-0.678348,-0.671771,-0.000106198,0,0.5
1783082150448761856,0.001,0,0,-0.671771,-0.000106196,0,0.5
1783082150449761792,0.001,-0.678348,-0.678348,-0.671807,-0.000105594,0,0.5
1783082150450761728,0.001,0,0,-0.671807,-0.000105592,0,0.5
1783082150451761664,0.001,-0.678348,-0.678348,-0.671843,-0.000104978,0,0.5
1783082150452761600,0.001,0,0,-0.671843,-0.000104976,0,0.5
1783082150453761536,0.001,-0.678348,-0.678348,-0.671878,-0.000104351,0,0.5
1783082150454761472,0.001,0,0,-0.671878,-0.000104349,0,0.5
1783082150455761408,0.001,-0.678348,-0.678348,-0.671913,-0.000103714,0,0.5
1783082150456761344,0.001,0,0,-0.671913,-0.000103712,0,0.5
1783082150457761280,0.001,-0.678348,-0.678348,-0.671948,-0.000103068,0,0.5
1783082150458761216,0.001,0,0,-0.671948,-0.000103066,0,0.5
1783082150459761152,0.001,-0.678348,-0.678348,-0.671982,-0.000102416,0,0.5
1783082150460761088,0.001,0,0,-0.671982,-0.000102414,0,0.5
1783082150461761024,0.001,-0.678348,-0.678348,-0.672016,-0.000101756,0,0.5
1783082150462760960,0.001,0,0,-0.672016,-0.000101755,0,0.5
1783082150463760896,0.001,-0.678348,-0.678348,-0.67205,-0.000101092,0,0.5
1783082150464760832,0.001,0,0,-0.67205,-0.00010109,0,0.5
1783082150465760768,0.001,-0.678348,-0.678348,-0.672083,-0.000100424,0,0.5
1783082150466760704,0.001,0,0,-0.672083,-0.000100422,0,0.5
1783082150467760640,0.001,-0.678348,-0.678348,-0.672116,-9.97516e-05,0,0.5
1783082150468760576,0.001,0,0,-0.672116,-9.97497e-05,0,0.5
1783082150469760512,0.001,-0.678348,-0.678348,-0.672148,-9.90772e-05,0,0.5
1783082150470760448,0.001,0,0,-0.672148,-9.90752e-05,0,0.5
1783082150471760384,0.001,-0.678348,-0.678348,-0.67218,-9.84011e-05,0,0.5
1783082150472760320,0.001,0,0,-0.67218,-9.83991e-05,0,0.5
1783082150473760256,0.001,-0.678348,-0.678348,-0.672212,-9.77239e-05,0,0.5
1783082150474760192,0.001,-0.678348,-0.678348,-0.672244,-9.7057e-05,0,0.5
1783082150475760128,0.001,-0.678348,-0.678348,-0.672275,-9.63974e-05,0,0.5
1783082150476760064,0.001,-0.678348,-0.678348,-0.672306,-9.57442e-05,0,0.5
1783082150477760000,0.001,0,0,-0.672306,-9.57422e-05,0,0.5
1783082150478759936,0.001,-0.678348,-0.678348,-0.672336,-9.50844e-05,0,0.5
1783082150479759872,0.001,0,0,-0.672336,-9.50824e-05,0,0.5
1783082150480759808,0.001,-0.678348,-0.678348,-0.672367,-9.44215e-05,0,0.5
1783082150481759744,0.001,0,0,-0.672367,-9.44195e-05,0,0.5
1783082150482759680,0.001,-0.678348,-0.678348,-0.672397,-9.37563e-05,0,0.5
1783082150483759616,0.001,0,0,-0.672397,-9.37543e-05,0,0.5
1783082150484759552,0.001,-0.678348,-0.678348,-0.672426,-9.309e-05,0,0.5
1783082150485759488,0.001,0,0,-0.672426,-9.3088e-05,0,0.5
1783082150486759424,0.001,-0.678348,-0.678348,-0.672456,-9.24234e-05,0,0.5
1783082150487759360,0.001,0,0,-0.672456,-9.24214e-05,0,0.5
1783082150488759296,0.001,-0.678348,-0.678348,-0.672485,-9.17574e-05,0,0.5
1783082150489759232,0.001,0,0,-0.672485,-9.17554e-05,0,0.5
1783082150490759168,0.001,-0.678348,-0.678348,-0.672514,-9.10928e-05,0,0.5
1783082150491759104,0.001,0,0,-0.672514,-9.10908e-05,0,0.5
1783082150492759040,0.001,-0.678348,-0.678348,-0.672542,-9.04303e-05,0,0.5
1783082150493758976,0.001,-0.678348,-0.678348,-0.672571,-8.97806e-05,0,0.5
1783082150494758912,0.001,0,0,-0.672571,-8.97786e-05,0,0.5
1783082150495758848,0.001,-0.678348,-0.678348,-0.672599,-8.91301e-05,0,0.5
1783082150496758784,0.001,0,0,-0.672599,-8.91281e-05,0,0.5
1783082150497758720,0.001,-0.678348,-0.678348,-0.672626,-8.84816e-05,0,0.5
1783082150498758656,0.001,0,0,-0.672626,-8.84795e-05,0,0.5
1783082150499758592,0.001,-0.678348,-0.678348,-0.672654,-8.78356e-05,0,0.5
1783082150500758528,0.001,0,0,-0.672654,-8.78336e-05,0,0.5
1783082150501758464,0.001,-0.678348,-0.678348,-0.672681,-8.7193e-05,0,0.5
1783082150502758400,0.001,-0.678348,-0.678348,-0.672708,-8.65637e-05,0,0.5
1783082150503758336,0.001,-0.678348,-0.678348,-0.672735,-8.59448e-05,0,0.5
1783082150504758272,0.001,0,0,-0.672735,-8.59427e-05,0,0.5
1783082150505758208,0.001,-0.678348,-0.678348,-0.672761,-8.53247e-05,0,0.5
1783082150506758144,0.001,-0.678348,-0.678348,-0.672787,-8.47165e-05,0,0.5
1783082150507758080,0.001,0,0,-0.672787,-8.47144e-05,0,0.5
1783082150508758016,0.001,-0.678348,-0.678348,-0.672813,-8.41067e-05,0,0.5
1783082150509757952,0.001,-0.678348,-0.678348,-0.672839,-8.35085e-05,0,0.5
1783082150510757888,0.001,0,0,-0.672839,-8.35064e-05,0,0.5
1783082150511757824,0.001,-0.678348,-0.678348,-0.672865,-8.29084e-05,0,0.5
1783082150512757760,0.001,0,0,-0.672865,-8.29063e-05,0,0.5
1783082150513757696,0.001,-0.678348,-0.678348,-0.67289,-8.23094e-05,0,0.5
1783082150514757632,0.001,0,0,-0.67289,-8.23073e-05,0,0.5
1783082150515757568,0.001,-0.678348,-0.678348,-0.672915,-8.17125e-05,0,0.5
1783082150516757504,0.001,0,0,-0.672915,-8.17104e-05,0,0.5
1783082150517757440,0.001,-0.678348,-0.678348,-0.67294,-8.11184e-05,0,0.5
1783082150518757376,0.001,-0.678348,-0.678348,-0.672964,-8.0537e-05,0,0.5
1783082150519757312,0.001,-0.678348,-0.678348,-0.672989,-7.99653e-05,0,0.5
1783082150520757248,0.001,-0.678348,-0.678348,-0.673013,-7.94024e-05,0,0.5
1783082150521757184,0.001,0,0,-0.673013,-7.94003e-05,0,0.5
1783082150522757120,0.001,-0.678348,-0.678348,-0.673037,-7.88374e-05,0,0.5
1783082150523757056,0.001,-0.678348,-0.678348,-0.67306,-7.82832e-05,0,0.5
1783082150524756992,0.001,0,0,-0.67306,-7.82811e-05,0,0.5
1783082150525756928,0.001,-0.678348,-0.678348,-0.673084,-7.77268e-05,0,0.5
1783082150526756864,0.001,-0.678348,-0.678348,-0.673107,-7.71812e-05,0,0.5
1783082150527756800,0.001,-0.678348,-0.678348,-0.67313,-7.66434e-05,0,0.5
1783082150528756736,0.001,-0.678348,-0.678348,-0.673153,-7.61127e-05,0,0.5
1783082150529756672,0.001,-0.678348,-0.678348,-0.673176,-7.55887e-05,0,0.5
1783082150530756608,0.001,-0.678348,-0.678348,-0.673198,-7.50708e-05,0,0.5
1783082150531756544,0.001,0,0,-0.673198,-7.50686e-05,0,0.5
1783082150532756480,0.001,-0.678348,-0.678348,-0.673221,-7.45477e-05,0,0.5
1783082150533756416,0.001,-0.678348,-0.678348,-0.673243,-7.40334e-05,0,0.5
1783082150534756352,0.001,0,0,-0.673243,-7.40312e-05,0,0.5
1783082150535756288,0.001,-0.678348,-0.678348,-0.673265,-7.35146e-05,0,0.5
1783082150536756224,0.001,0,0,-0.673265,-7.35125e-05,0,0.5
1783082150537756160,0.001,-0.678348,-0.678348,-0.673287,-7.2995e-05,0,0.5
1783082150538756096,0.001,-0.678348,-0.678348,-0.673308,-7.24853e-05,0,0.5
1783082150539756032,0.001,0,0,-0.673308,-7.24831e-05,0,0.5
1783082150540755968,0.001,-0.678348,-0.678348,-0.67333,-7.19729e-05,0,0.5
1783082150541755904,0.001,-0.678348,-0.678348,-0.673351,-7.14705e-05,0,0.5
1783082150542755840,0.001,-0.678348,-0.678348,-0.673372,-7.09753e-05,0,0.5
1783082150543755776,0.001,-0.678348,-0.678348,-0.673393,-7.04869e-05,0,0.5
1783082150544755712,0.001,-0.678348,-0.678348,-0.673413,-7.00046e-05,0,0.5
1783082150545755648,0.001,0,0,-0.673413,-7.00024e-05,0,0.5
1783082150546755584,0.001,0,0,-0.673413,-7.00002e-05,0,0.5
1783082150547755520,0.001,0,0,-0.673414,-6.9998e-05,0,0.5
1783082150548755456,0.001,0,0,-0.673414,-6.99958e-05,0,0.5
1783082150549755392,0.001,0,0,-0.673414,-6.99936e-05,0,0.5
1783082150550755328,0.001,0,0,-0.673414,-6.99914e-05,0,0.5
1783082150551755264,0.001,0,0,-0.673414,-6.99892e-05,0,0.5
1783082150552755200,0.001,0,0,-0.673414,-6.99871e-05,0,0.5
1783082150553755136,0.001,0,0,-0.673414,-6.99849e-05,0,0.5
1783082150554755072,0.001,0,0,-0.673414,-6.99827e-05,0,0.5
1783082150555755008,0.001,0,0,-0.673414,-6.99805e-05,0,0.5
1783082150556754944,0.001,0,0,-0.673414,-6.99783e-05,0,0.5
1783082150557754880,0.001,0,0,-0.673414,-6.99761e-05,0,0.5
1783082150558754816,0.001,0,0,-0.673414,-6.99739e-05,0,0.5
1783082150559754752,0.001,0,0,-0.673414,-6.99717e-05,0,0.5
1783082150560754688,0.001,0,0,-0.673414,-6.99695e-05,0,0.5
1783082150561754624,0.001,0,0,-0.673415,-6.99673e-05,0,0.5
1783082150562754560,0.001,0,0,-0.673415,-6.99651e-05,0,0.5
1783082150563754496,0.001,0,0,-0.673415,-6.99629e-05,0,0.5
1783082150564754432,0.001,0,0,-0.673415,-6.99607e-05,0,0.5
1783082150565754368,0.001,0,0,-0.673415,-6.99585e-05,0,0.5
1783082150566754304,0.001,0,0,-0.673415,-6.99563e-05,0,0.5
1783082150567754240,0.001,0,0,-0.673415,-6.99542e-05,0,0.5
1783082150568754176,0.001,0,0,-0.673415,-6.9952e-05,0,0.5
1783082150569754112,0.001,0,0,-0.673415,-6.99498e-05,0,0.5
1783082150570754048,0.001,0,0,-0.673415,-6.99476e-05,0,0.5
1783082150571753984,0.001,0,0,-0.673415,-6.99454e-05,0,0.5
1783082150572753920,0.001,0,0,-0.673415,-6.99432e-05,0,0.5
1783082150573753856,0.001,0,0,-0.673415,-6.9941e-05,0,0.5
1783082150574753792,0.001,0,0,-0.673415,-6.99388e-05,0,0.5
1783082150575753728,0.001,0,0,-0.673415,-6.99366e-05,0,0.5
1783082150576753664,0.001,0,0,-0.673416,-6.99344e-05,0,0.5
1783082150577753600,0.001,0,0,-0.673416,-6.99322e-05,0,0.5
1783082150578753536,0.001,0,0,-0.673416,-6.993e-05,0,0.5
1783082150579753472,0.001,0,0,-0.673416,-6.99278e-05,0,0.5
1783082150580753408,0.001,0,0,-0.673416,-6.99256e-05,0,0.5
1783082150581753344,0.001,0,0,-0.673416,-6.99235e-05,0,0.5
1783082150582753280,0.001,0,0,-0.673416,-6.99213e-05,0,0.5
1783082150583753216,0.001,0,0,-0.673416,-6.99191e-05,0,0.5
1783082150584753152,0.001,0,0,-0.673416,-6.99169e-05,0,0.5
1783082150585753088,0.001,0,0,-0.673416,-6.99147e-05,0,0.5
1783082150586753024,0.001,0,0,-0.673416,-6.99125e-05,0,0.5
1783082150587752960,0.001,0,0,-0.673416,-6.99103e-05,0,0.5
1783082150588752896,0.001,0,0,-0.673416,-6.99081e-05,0,0.5
1783082150589752832,0.001,0,0,-0.673416,-6.99059e-05,0,0.5
1783082150590752768,0.001,0,0,-0.673417,-6.99037e-05,0,0.5
1783082150591752704,0.001,0,0,-0.673417,-6.99015e-05,0,0.5
1783082150592752640,0.001,0,0,-0.673417,-6.98993e-05,0,0.5
1783082150593752576,0.001,0,0,-0.673417,-6.98971e-05,0,0.5
1783082150594752512,0.001,0,0,-0.673417,-6.98949e-05,0,0.5
1783082150595752448,0.001,0,0,-0.673417,-6.98928e-05,0,0.5
1783082150596752384,0.001,0,0,-0.673417,-6.98906e-05,0,0.5
1783082150597752320,0.001,0,0,-0.673417,-6.98884e-05,0,0.5
1783082150598752256,0.001,0,0,-0.673417,-6.98862e-05,0,0.5
1783082150599752192,0.001,0,0,-0.673417,-6.9884e-05,0,0.5
1783082150600752128,0.001,0,0,-0.673417,-6.98818e-05,0,0.5
1783082150601752064,0.001,0,0,-0.673417,-6.98796e-05,0,0.5
1783082150602752000,0.001,0,0,-0.673417,-6.98774e-05,0,0.5
1783082150603751936,0.001,0,0,-0.673417,-6.98752e-05,0,0.5
1783082150604751872,0.001,0,0,-0.673418,-6.9873e-05,0,0.5
1783082150605751808,0.001,0,0,-0.673418,-6.98708e-05,0,0.5
1783082150606751744,0.001,0,0,-0.673418,-6.98686e-05,0,0.5
1783082150607751680,0.001,0,0,-0.673418,-6.98664e-05,0,0.5
1783082150608751616,0.001,0,0,-0.673418,-6.98642e-05,0,0.5
1783082150609751552,0.001,0,0,-0.673418,-6.98621e-05,0,0.5
1783082150610751488,0.001,0,0,-0.673418,-6.98599e-05,0,0.5
1783082150611751424,0.001,0,0,-0.673418,-6.98577e-05,0,0.5
1783082150612751360,0.001,0,0,-0.673418,-6.98555e-05,0,0.5
1783082150613751296,0.001,0,0,-0.673418,-6.98533e-05,0,0.5
1783082150614751232,0.001,0,0,-0.673418,-6.98511e-05,0,0.5
1783082150615751168,0.001,0,0,-0.673418,-6.98489e-05,0,0.5
1783082150616751104,0.001,0,0,-0.673418,-6.98467e-05,0,0.5
1783082150617751040,0.001,0,0,-0.673418,-6.98445e-05,0,0.5
1783082150618750976,0.001,0,0,-0.673419,-6.98423e-05,0,0.5
1783082150619750912,0.001,0,0,-0.673419,-6.98401e-05,0,0.5
1783082150620750848,0.001,0,0,-0.673419,-6.98379e-05,0,0.5
1783082150621750784,0.001,0,0,-0.673419,-6.98357e-05,0,0.5
1783082150622750720,0.001,0,0,-0.673419,-6.98335e-05,0,0.5
1783082150623750656,0.001,-0.678348,-0.678348,-0.67344,-7.05046e-05,0,0.5
1783082150624750592,0.001,-0.678348,-0.678348,-0.67346,-7.10799e-05,0,0.5
1783082150625750528,0.001,-0.678348,-0.678348,-0.67348,-7.15734e-05,0,0.5
1783082150626750464,0.001,-0.678348,-0.678348,-0.673501,-7.19964e-05,0,0.5
1783082150627750400,0.001,-0.678348,-0.678348,-0.673521,-7.23578e-05,0,0.5
1783082150628750336,0.001,0,0,-0.673521,-7.23556e-05,0,0.5
1783082150629750272,0.001,-0.678348,-0.678348,-0.673541,-7.268e-05,0,0.5
1783082150630750208,0.001,0,0,-0.673541,-7.26778e-05,0,0.5
1783082150631750144,0.001,-0.678348,-0.678348,-0.67356,-7.29669e-05,0,0.5
1783082150632750080,0.001,-0.678348,-0.678348,-0.67358,-7.32091e-05,0,0.5
1783082150633750016,0.001,0,0,-0.67358,-7.32069e-05,0,0.5
1783082150634749952,0.001,-0.678348,-0.678348,-0.673599,-7.34177e-05,0,0.5
1783082150635749888,0.001,0,0,-0.673599,-7.34155e-05,0,0.5
1783082150636749824,0.001,0,0,-0.6736,-7.34133e-05,0,0.5
1783082150637749760,0.001,-0.678348,-0.678348,-0.673619,-7.36038e-05,0,0.5
1783082150638749696,0.001,-0.678348,-0.678348,-0.673638,-7.37565e-05,0,0.5
1783082150639749632,0.001,0,0,-0.673638,-7.37543e-05,0,0.5
1783082150640749568,0.001,-0.678348,-0.678348,-0.673657,-7.38788e-05,0,0.5
1783082150641749504,0.001,0,0,-0.673657,-7.38766e-05,0,0.5
1783082150642749440,0.001,0,0,-0.673657,-7.38744e-05,0,0.5
1783082150643749376,0.001,-0.678348,-0.678348,-0.673676,-7.39778e-05,0,0.5
1783082150644749312,0.001,0,0,-0.673676,-7.39756e-05,0,0.5
1783082150645749248,0.001,-0.678348,-0.678348,-0.673695,-7.40531e-05,0,0.5
1783082150646749184,0.001,0,0,-0.673695,-7.40509e-05,0,0.5
1783082150647749120,0.001,-0.678348,-0.678348,-0.673713,-7.41034e-05,0,0.5
1783082150648749056,0.001,0,0,-0.673713,-7.41012e-05,0,0.5
1783082150649748992,0.001,-0.678348,-0.678348,-0.673732,-7.41296e-05,0,0.5
1783082150650748928,0.001,0,0,-0.673732,-7.41274e-05,0,0.5
1783082150651748864,0.001,-0.678348,-0.678348,-0.67375,-7.41328e-05,0,0.5
1783082150652748800,0.001,0,0,-0.67375,-7.41306e-05,0,0.5
1783082150653748736,0.001,-0.678348,-0.678348,-0.673768,-7.41136e-05,0,0.5
1783082150654748672,0.001,-0.678348,-0.678348,-0.673786,-7.4075e-05,0,0.5
1783082150655748608,0.001,0,0,-0.673786,-7.40728e-05,0,0.5
1783082150656748544,0.001,-0.678348,-0.678348,-0.673804,-7.40129e-05,0,0.5
1783082150657748480,0.001,0,0,-0.673804,-7.40107e-05,0,0.5
1783082150658748416,0.001,-0.678348,-0.678348,-0.673822,-7.39305e-05,0,0.5
1783082150659748352,0.001,0,0,-0.673822,-7.39283e-05,0,0.5
1783082150660748288,0.001,-0.678348,-0.678348,-0.673839,-7.38286e-05,0,0.5
1783082150661748224,0.001,0,0,-0.673839,-7.38264e-05,0,0.5
1783082150662748160,0.001,-0.678348,-0.678348,-0.673857,-7.37082e-05,0,0.5
1783082150663748096,0.001,0,0,-0.673857,-7.3706e-05,0,0.5
1783082150664748032,0.001,-0.678348,-0.678348,-0.673874,-7.35701e-05,0,0.5
1783082150665747968,0.001,0,0,-0.673874,-7.35679e-05,0,0.5
1783082150666747904,0.001,-0.678348,-0.678348,-0.673891,-7.34152e-05,0,0.5
1783082150667747840,0.001,0,0,-0.673892,-7.3413e-05,0,0.5
1783082150668747776,0.001,-0.678348,-0.678348,-0.673909,-7.32442e-05,0,0.5
1783082150669747712,0.001,0,0,-0.673909,-7.3242e-05,0,0.5
1783082150670747648,0.001,-0.678348,-0.678348,-0.673926,-7.30581e-05,0,0.5
1783082150671747584,0.001,0,0,-0.673926,-7.30558e-05,0,0.5
1783082150672747520,0.001,-0.678348,-0.678348,-0.673943,-7.28575e-05,0,0.5
1783082150673747456,0.001,0,0,-0.673943,-7.28552e-05,0,0.5
1783082150674747392,0.001,-0.678348,-0.678348,-0.673959,-7.26432e-05,0,0.5
1783082150675747328,0.001,0,0,-0.673959,-7.2641e-05,0,0.5
1783082150676747264,0.001,-0.678348,-0.678348,-0.673976,-7.2416e-05,0,0.5
1783082150677747200,0.001,0,0,-0.673976,-7.24137e-05,0,0.5
1783082150678747136,0.001,-0.678348,-0.678348,-0.673992,-7.21765e-05,0,0.5
1783082150679747072,0.001,0,0,-0.673992,-7.21743e-05,0,0.5
1783082150680747008,0.001,-0.678348,-0.678348,-0.674009,-7.19256e-05,0,0.5
1783082150681746944,0.001,0,0,-0.674009,-7.19234e-05,0,0.5
1783082150682746880,0.001,-0.678348,-0.678348,-0.674025,-7.16638e-05,0,0.5
1783082150683746816,0.001,0,0,-0.674025,-7.16616e-05,0,0.5
1783082150684746752,0.001,-0.678348,-0.678348,-0.674041,-7.13919e-05,0,0.5
1783082150685746688,0.001,0,0,-0.674041,-7.13897e-05,0,0.5
1783082150686746624,0.001,-0.678348,-0.678348,-0.674057,-7.11104e-05,0,0.5
1783082150687746560,0.001,0,0,-0.674057,-7.11082e-05,0,0.5
1783082150688746496,0.001,-0.678348,-0.678348,-0.674073,-7.08201e-05,0,0.5
1783082150689746432,0.001,0,0,-0.674073,-7.08178e-05,0,0.5
1783082150690746368,0.001,-0.678348,-0.678348,-0.674089,-7.05214e-05,0,0.5
1783082150691746304,0.001,0,0,-0.674089,-7.05191e-05,0,0.5
1783082150692746240,0.001,-0.678348,-0.678348,-0.674105,-7.0215e-05,0,0.5
1783082150693746176,0.001,0,0,-0.674105,-7.02128e-05,0,0.5
1783082150694746112,0.001,-0.678348,-0.678348,-0.67412,-6.99015e-05,0,0.5
1783082150695746048,0.001,0,0,-0.67412,-6.98992e-05,0,0.5
1783082150696745984,0.001,-0.678348,-0.678348,-0.674136,-6.95814e-05,0,0.5
1783082150697745920,0.001,0,0,-0.674136,-6.95791e-05,0,0.5
1783082150698745856,0.001,-0.678348,-0.678348,-0.674151,-6.92552e-05,0,0.5
1783082150699745792,0.001,0,0,-0.674151,-6.92529e-05,0,0.5
1783082150700745728,0.001,-0.678348,-0.678348,-0.674166,-6.89234e-05,0,0.5
1783082150701745664,0.001,0,0,-0.674166,-6.89212e-05,0,0.5
1783082150702745600,0.001,-0.678348,-0.678348,-0.674181,-6.85866e-05,0,0.5
1783082150703745536,0.001,0,0,-0.674182,-6.85843e-05,0,0.5
1783082150704745472,0.001,-0.678348,-0.678348,-0.674197,-6.82452e-05,0,0.5
1783082150705745408,0.001,0,0,-0.674197,-6.82429e-05,0,0.5
1783082150706745344,0.001,0,0,-0.674197,-6.82406e-05,0,0.5
1783082150707745280,0.001,-0.678348,-0.678348,-0.674212,-6.78918e-05,0,0.5
1783082150708745216,0.001,0,0,-0.674212,-6.78896e-05,0,0.5
1783082150709745152,0.001,-0.678348,-0.678348,-0.674226,-6.75385e-05,0,0.5
1783082150710745088,0.001,0,0,-0.674226,-6.75362e-05,0,0.5
1783082150711745024,0.001,-0.678348,-0.678348,-0.674241,-6.71832e-05,0,0.5
1783082150712744960,0.001,0,0,-0.674241,-6.71809e-05,0,0.5
1783082150713744896,0.001,-0.678348,-0.678348,-0.674256,-6.68261e-05,0,0.5
1783082150714744832,0.001,0,0,-0.674256,-6.68238e-05,0,0.5
1783082150715744768,0.001,-0.678348,-0.678348,-0.67427,-6.64675e-05,0,0.5
1783082150716744704,0.001,-0.678348,-0.678348,-0.674285,-6.61155e-05,0,0.5
1783082150717744640,0.001,-0.678348,-0.678348,-0.674299,-6.57669e-05,0,0.5
1783082150718744576,0.001,0,0,-0.674299,-6.57647e-05,0,0.5
1783082150719744512,0.001,-0.678348,-0.678348,-0.674313,-6.54126e-05,0,0.5
1783082150720744448,0.001,0,0,-0.674313,-6.54103e-05,0,0.5
1783082150721744384,0.001,-0.678348,-0.678348,-0.674327,-6.50552e-05,0,0.5
1783082150722744320,0.001,-0.678348,-0.678348,-0.674341,-6.47039e-05,0,0.5
1783082150723744256,0.001,0,0,-0.674341,-6.47016e-05,0,0.5
1783082150724744192,0.001,-0.678348,-0.678348,-0.674355,-6.43468e-05,0,0.5
1783082150725744128,0.001,0,0,-0.674355,-6.43445e-05,0,0.5
1783082150726744064,0.001,-0.678348,-0.678348,-0.674369,-6.39868e-05,0,0.5
1783082150727744000,0.001,0,0,-0.674369,-6.39845e-05,0,0.5
1783082150728743936,0.001,-0.678348,-0.678348,-0.674383,-6.36245e-05,0,0.5
1783082150729743872,0.001,0,0,-0.674383,-6.36222e-05,0,0.5
1783082150730743808,0.001,-0.678348,-0.678348,-0.674397,-6.32604e-05,0,0.5
1783082150731743744,0.001,0,0,-0.674397,-6.32581e-05,0,0.5
1783082150732743680,0.001,-0.678348,-0.678348,-0.67441,-6.28951e-05,0,0.5
1783082150733743616,0.001,0,0,-0.67441,-6.28928e-05,0,0.5
1783082150734743552,0.001,-0.678348,-0.678348,-0.674424,-6.25289e-05,0,0.5
1783082150735743488,0.001,0,0,-0.674424,-6.25266e-05,0,0.5
1783082150736743424,0.001,-0.678348,-0.678348,-0.674437,-6.21624e-05,0,0.5
1783082150737743360,0.001,0,0,-0.674437,-6.21601e-05,0,0.5
1783082150738743296,0.001,-0.678348,-0.678348,-0.674451,-6.17958e-05,0,0.5
1783082150739743232,0.001,0,0,-0.674451,-6.17935e-05,0,0.5
1783082150740743168,0.001,-0.678348,-0.678348,-0.674464,-6.14297e-05,0,0.5
1783082150741743104,0.001,0,0,-0.674464,-6.14274e-05,0,0.5
1783082150742743040,0.001,-0.678348,-0.678348,-0.674477,-6.10642e-05,0,0.5
1783082150743742976,0.001,0,0,-0.674477,-6.10619e-05,0,0.5
1783082150744742912,0.001,-0.678348,-0.678348,-0.67449,-6.06997e-05,0,0.5
1783082150745742848,0.001,-0.678348,-0.678348,-0.674503,-6.03441e-05,0,0.5
1783082150746742784,0.001,-0.678348,-0.678348,-0.674516,-5.99942e-05,0,0.5
1783082150747742720,0.001,0,0,-0.674516,-5.99918e-05,0,0.5
1783082150748742656,0.001,-0.678348,-0.678348,-0.674529,-5.9641e-05,0,0.5
1783082150749742592,0.001,0,0,-0.674529,-5.96387e-05,0,0.5
1783082150750742528,0.001,-0.678348,-0.678348,-0.674541,-5.92876e-05,0,0.5
1783082150751742464,0.001,-0.678348,-0.678348,-0.674554,-5.89421e-05,0,0.5
1783082150752742400,0.001,0,0,-0.674554,-5.89398e-05,0,0.5
1783082150753742336,0.001,-0.678348,-0.678348,-0.674567,-5.85935e-05,0,0.5
1783082150754742272,0.001,0,0,-0.674567,-5.85911e-05,0,0.5
1783082150755742208,0.001,-0.678348,-0.678348,-0.674579,-5.82445e-05,0,0.5
1783082150756742144,0.001,0,0,-0.674579,-5.82422e-05,0,0.5
1783082150757742080,0.001,-0.678348,-0.678348,-0.674591,-5.78958e-05,0,0.5
1783082150758742016,0.001,-0.678348,-0.678348,-0.674604,-5.75554e-05,0,0.5
1783082150759741952,0.001,0,0,-0.674604,-5.75531e-05,0,0.5
1783082150760741888,0.001,-0.678348,-0.678348,-0.674616,-5.72124e-05,0,0.5
1783082150761741824,0.001,0,0,-0.674616,-5.721e-05,0,0.5
1783082150762741760,0.001,-0.678348,-0.678348,-0.674628,-5.68696e-05,0,0.5
1783082150763741696,0.001,0,0,-0.674628,-5.68672e-05,0,0.5
1783082150764741632,0.001,-0.678348,-0.678348,-0.67464,-5.65275e-05,0,0.5
1783082150765741568,0.001,0,0,-0.67464,-5.65252e-05,0,0.5
1783082150766741504,0.001,-0.678348,-0.678348,-0.674652,-5.61866e-05,0,0.5
1783082150767741440,0.001,0,0,-0.674652,-5.61842e-05,0,0.5
1783082150768741376,0.001,-0.678348,-0.678348,-0.674664,-5.58472e-05,0,0.5
1783082150769741312,0.001,0,0,-0.674664,-5.58449e-05,0,0.5
1783082150770741248,0.001,-0.678348,-0.678348,-0.674676,-5.55098e-05,0,0.5
1783082150771741184,0.001,-0.678348,-0.678348,-0.674688,-5.51813e-05,0,0.5
1783082150772741120,0.001,-0.678348,-0.678348,-0.6747,-5.48589e-05,0,0.5
1783082150773741056,0.001,0,0,-0.6747,-5.48565e-05,0,0.5
1783082150774740992,0.001,-0.678348,-0.678348,-0.674711,-5.45343e-05,0,0.5
1783082150775740928,0.001,0,0,-0.674711,-5.45319e-05,0,0.5
1783082150776740864,0.001,-0.678348,-0.678348,-0.674723,-5.42105e-05,0,0.5
1783082150777740800,0.001,0,0,-0.674723,-5.42082e-05,0,0.5
1783082150778740736,0.001,-0.678348,-0.678348,-0.674734,-5.3888e-05,0,0.5
1783082150779740672,0.001,0,0,-0.674734,-5.38857e-05,0,0.5
1783082150780740608,0.001,-0.678348,-0.678348,-0.674746,-5.35671e-05,0,0.5
1783082150781740544,0.001,0,0,-0.674746,-5.35648e-05,0,0.5
1783082150782740480,0.001,-0.678348,-0.678348,-0.674757,-5.32483e-05,0,0.5
1783082150783740416,0.001,0,0,-0.674757,-5.32459e-05,0,0.5
1783082150784740352,0.001,-0.678348,-0.678348,-0.674769,-5.29318e-05,0,0.5
1783082150785740288,0.001,0,0,-0.674769,-5.29294e-05,0,0.5
1783082150786740224,0.001,-0.678348,-0.678348,-0.67478,-5.26179e-05,0,0.5
1783082150787740160,0.001,0,0,-0.67478,-5.26155e-05,0,0.5
1783082150788740096,0.001,-0.678348,-0.678348,-0.674791,-5.23068e-05,0,0.5
1783082150789740032,0.001,0,0,-0.674791,-5.23045e-05,0,0.5
1783082150790739968,0.001,-0.678348,-0.678348,-0.674802,-5.19989e-05,0,0.5
1783082150791739904,0.001,0,0,-0.674802,-5.19965e-05,0,0.5
1783082150792739840,0.001,-0.678348,-0.678348,-0.674813,-5.16942e-05,0,0.5
1783082150793739776,0.001,0,0,-0.674813,-5.16919e-05,0,0.5
1783082150794739712,0.001,-0.678348,-0.678348,-0.674824,-5.1393e-05,0,0.5
1783082150795739648,0.001,0,0,-0.674824,-5.13906e-05,0,0.5
1783082150796739584,0.001,-0.678348,-0.678348,-0.674835,-5.10954e-05,0,0.5
1783082150797739520,0.001,0,0,-0.674835,-5.1093e-05,0,0.5
1783082150798739456,0.001,-0.678348,-0.678348,-0.674846,-5.08015e-05,0,0.5
1783082150799739392,0.001,0,0,-0.674846,-5.07991e-05,0,0.5
1783082150800739328,0.001,-0.678348,-0.678348,-0.674857,-5.05114e-05,0,0.5
1783082150801739264,0.001,-0.678348,-0.678348,-0.674867,-5.02303e-05,0,0.5
1783082150802739200,0.001,-0.678348,-0.678348,-0.674878,-4.99551e-05,0,0.5
1783082150803739136,0.001,0,0,-0.674878,-4.99527e-05,0,0.5
1783082150804739072,0.001,0,0,-0.674878,-4.99503e-05,0,0.5
1783082150805739008,0.001,0,0,-0.674878,-4.99479e-05,0,0.5
1783082150806738944,0.001,0,0,-0.674878,-4.99455e-05,0,0.5
1783082150807738880,0.001,0,0,-0.674878,-4.99431e-05,0,0.5
1783082150808738816,0.001,0,0,-0.674878,-4.99408e-05,0,0.5
1783082150809738752,0.001,0,0,-0.674878,-4.99384e-05,0,0.5
1783082150810738688,0.001,0,0,-0.674878,-4.9936e-05,0,0.5
1783082150811738624,0.001,0,0,-0.674878,-4.99336e-05,0,0.5
1783082150812738560,0.001,0,0,-0.674878,-4.99312e-05,0,0.5
1783082150813738496,0.001,0,0,-0.674878,-4.99288e-05,0,0.5
1783082150814738432,0.001,0,0,-0.674878,-4.99264e-05,0,0.5
1783082150815738368,0.001,0,0,-0.674879,-4.9924e-05,0,0.5
1783082150816738304,0.001,0,0,-0.674879,-4.99217e-05,0,0.5
1783082150817738240,0.001,0,0,-0.674879,-4.99193e-05,0,0.5
1783082150818738176,0.001,0,0,-0.674879,-4.99169e-05,0,0.5
1783082150819738112,0.001,0,0,-0.674879,-4.99145e-05,0,0.5
1783082150820738048,0.001,0,0,-0.674879,-4.99121e-05,0,0.5
1783082150821737984,0.001,0,0,-0.674879,-4.99097e-05,0,0.5
1783082150822737920,0.001,0,0,-0.674879,-4.99073e-05,0,0.5
1783082150823737856,0.001,0,0,-0.674879,-4.99049e-05,0,0.5
1783082150824737792,0.001,0,0,-0.674879,-4.99025e-05,0,0.5
1783082150825737728,0.001,0,0,-0.674879,-4.99002e-05,0,0.5
1783082150826737664,0.001,0,0,-0.674879,-4.98978e-05,0,0.5
1783082150827737600,0.001,0,0,-0.674879,-4.98954e-05,0,0.5
1783082150828737536,0.001,0,0,-0.674879,-4.9893e-05,0,0.5
1783082150829737472,0.001,0,0,-0.674879,-4.98906e-05,0,0.5
1783082150830737408,0.001,0,0,-0.674879,-4.98882e-05,0,0.5
1783082150831737344,0.001,0,0,-0.674879,-4.98858e-05,0,0.5
1783082150832737280,0.001,0,0,-0.674879,-4.98834e-05,0,0.5
1783082150833737216,0.001,0,0,-0.674879,-4.98811e-05,0,0.5
1783082150834737152,0.001,0,0,-0.674879,-4.98787e-05,0,0.5
1783082150835737088,0.001,0,0,-0.67488,-4.98763e-05,0,0.5
1783082150836737024,0.001,0,0,-0.67488,-4.98739e-05,0,0.5
1783082150837736960,0.001,0,0,-0.67488,-4.98715e-05,0,0.5
1783082150838736896,0.001,0,0,-0.67488,-4.98691e-05,0,0.5
1783082150839736832,0.001,0,0,-0.67488,-4.98667e-05,0,0.5
1783082150840736768,0.001,0,0,-0.67488,-4.98643e-05,0,0.5
1783082150841736704,0.001,0,0,-0.67488,-4.98619e-05,0,0.5
1783082150842736640,0.001,0,0,-0.67488,-4.98596e-05,0,0.5
1783082150843736576,0.001,0,0,-0.67488,-4.98572e-05,0,0.5
1783082150844736512,0.001,0,0,-0.67488,-4.98548e-05,0,0.5
1783082150845736448,0.001,0,0,-0.67488,-4.98524e-05,0,0.5
1783082150846736384,0.001,0,0,-0.67488,-4.985e-05,0,0.5
1783082150847736320,0.001,0,0,-0.67488,-4.98476e-05,0,0.5
1783082150848736256,0.001,0,0,-0.67488,-4.98452e-05,0,0.5
1783082150849736192,0.001,0,0,-0.67488,-4.98428e-05,0,0.5
1783082150850736128,0.001,0,0,-0.67488,-4.98404e-05,0,0.5
1783082150851736064,0.001,0,0,-0.67488,-4.98381e-05,0,0.5
1783082150852736000,0.001,0,0,-0.67488,-4.98357e-05,0,0.5
1783082150853735936,0.001,0,0,-0.67488,-4.98333e-05,0,0.5
1783082150854735872,0.001,0,0,-0.674881,-4.98309e-05,0,0.5
1783082150855735808,0.001,0,0,-0.674881,-4.98285e-05,0,0.5
1783082150856735744,0.001,0,0,-0.674881,-4.98261e-05,0,0.5
1783082150857735680,0.001,0,0,-0.674881,-4.98237e-05,0,0.5
1783082150858735616,0.001,0,0,-0.674881,-4.98213e-05,0,0.5
1783082150859735552,0.001,0,0,-0.674881,-4.9819e-05,0,0.5
1783082150860735488,0.001,0,0,-0.674881,-4.98166e-05,0,0.5
1783082150861735424,0.001,0,0,-0.674881,-4.98142e-05,0,0.5
1783082150862735360,0.001,0,0,-0.674881,-4.98118e-05,0,0.5
1783082150863735296,0.001,0,0,-0.674881,-4.98094e-05,0,0.5
1783082150864735232,0.001,0,0,-0.674881,-4.9807e-05,0,0.5
1783082150865735168,0.001,0,0,-0.674881,-4.98046e-05,0,0.5
1783082150866735104,0.001,0,0,-0.674881,-4.98022e-05,0,0.5
1783082150867735040,0.001,0,0,-0.674881,-4.97998e-05,0,0.5
1783082150868734976,0.001,0,0,-0.674881,-4.97975e-05,0,0.5
1783082150869734912,0.001,0,0,-0.674881,-4.97951e-05,0,0.5
1783082150870734848,0.001,0,0,-0.674881,-4.97927e-05,0,0.5
1783082150871734784,0.001,0,0,-0.674881,-4.97903e-05,0,0.5
1783082150872734720,0.001,0,0,-0.674881,-4.97879e-05,0,0.5
1783082150873734656,0.001,0,0,-0.674881,-4.97855e-05,0,0.5
1783082150874734592,0.001,0,0,-0.674881,-4.97831e-05,0,0.5
1783082150875734528,0.001,0,0,-0.674882,-4.97807e-05,0,0.5
1783082150876734464,0.001,0,0,-0.674882,-4.97783e-05,0,0.5
1783082150877734400,0.001,0,0,-0.674882,-4.9776e-05,0,0.5
1783082150878734336,0.001,0,0,-0.674882,-4.97736e-05,0,0.5
1783082150879734272,0.001,0,0,-0.674882,-4.97712e-05,0,0.5
1783082150880734208,0.001,0,0,-0.674882,-4.97688e-05,0,0.5
1783082150881734144,0.001,0,0,-0.674882,-4.97664e-05,0,0.5
1783082150882734080,0.001,-0.678348,-0.678348,-0.674893,-5.04901e-05,0,0.5
1783082150883734016,0.001,0,0,-0.674893,-5.04877e-05,0,0.5
1783082150884733952,0.001,-0.678348,-0.678348,-0.674903,-5.11391e-05,0,0.5
1783082150885733888,0.001,0,0,-0.674903,-5.11367e-05,0,0.5
1783082150886733824,0.001,-0.678348,-0.678348,-0.674914,-5.17248e-05,0,0.5
1783082150887733760,0.001,-0.678348,-0.678348,-0.674925,-5.2238e-05,0,0.5
1783082150888733696,0.001,-0.678348,-0.678348,-0.674935,-5.26868e-05,0,0.5
1783082150889733632,0.001,0,0,-0.674935,-5.26844e-05,0,0.5
1783082150890733568,0.001,-0.678348,-0.678348,-0.674945,-5.30907e-05,0,0.5
1783082150891733504,0.001,-0.678348,-0.678348,-0.674956,-5.34462e-05,0,0.5
1783082150892733440,0.001,0,0,-0.674956,-5.34439e-05,0,0.5
1783082150893733376,0.001,-0.678348,-0.678348,-0.674966,-5.3764e-05,0,0.5
1783082150894733312,0.001,0,0,-0.674966,-5.37616e-05,0,0.5
1783082150895733248,0.001,-0.678348,-0.678348,-0.674977,-5.40486e-05,0,0.5
1783082150896733184,0.001,0,0,-0.674977,-5.40462e-05,0,0.5
1783082150897733120,0.001,-0.678348,-0.678348,-0.674987,-5.43022e-05,0,0.5
1783082150898733056,0.001,0,0,-0.674987,-5.42998e-05,0,0.5
1783082150899732992,0.001,-0.678348,-0.678348,-0.674997,-5.45264e-05,0,0.5
1783082150900732928,0.001,0,0,-0.674997,-5.4524e-05,0,0.5
1783082150901732864,0.001,-0.678348,-0.678348,-0.675007,-5.47228e-05,0,0.5
1783082150902732800,0.001,0,0,-0.675007,-5.47204e-05,0,0.5
1783082150903732736,0.001,-0.678348,-0.678348,-0.675017,-5.48929e-05,0,0.5
1783082150904732672,0.001,0,0,-0.675017,-5.48905e-05,0,0.5
1783082150905732608,0.001,-0.678348,-0.678348,-0.675027,-5.50379e-05,0,0.5
1783082150906732544,0.001,-0.678348,-0.678348,-0.675037,-5.51596e-05,0,0.5
1783082150907732480,0.001,0,0,-0.675037,-5.51572e-05,0,0.5
1783082150908732416,0.001,-0.678348,-0.678348,-0.675047,-5.52559e-05,0,0.5
1783082150909732352,0.001,-0.678348,-0.678348,-0.675057,-5.53325e-05,0,0.5
1783082150910732288,0.001,0,0,-0.675057,-5.53301e-05,0,0.5
1783082150911732224,0.001,-0.678348,-0.678348,-0.675067,-5.53853e-05,0,0.5
1783082150912732160,0.001,0,0,-0.675067,-5.53829e-05,0,0.5
1783082150913732096,0.001,-0.678348,-0.678348,-0.675076,-5.54179e-05,0,0.5
1783082150914732032,0.001,0,0,-0.675076,-5.54155e-05,0,0.5
1783082150915731968,0.001,-0.678348,-0.678348,-0.675086,-5.54311e-05,0,0.5
1783082150916731904,0.001,0,0,-0.675086,-5.54287e-05,0,0.5
1783082150917731840,0.001,-0.678348,-0.678348,-0.675096,-5.54259e-05,0,0.5
1783082150918731776,0.001,0,0,-0.675096,-5.54235e-05,0,0.5
1783082150919731712,0.001,-0.678348,-0.678348,-0.675105,-5.54032e-05,0,0.5
1783082150920731648,0.001,0,0,-0.675105,-5.54008e-05,0,0.5
1783082150921731584,0.001,-0.678348,-0.678348,-0.675115,-5.53638e-05,0,0.5
1783082150922731520,0.001,0,0,-0.675115,-5.53614e-05,0,0.5
1783082150923731456,0.001,-0.678348,-0.678348,-0.675124,-5.53086e-05,0,0.5
1783082150924731392,0.001,0,0,-0.675124,-5.53063e-05,0,0.5
1783082150925731328,0.001,-0.678348,-0.678348,-0.675134,-5.52384e-05,0,0.5
1783082150926731264,0.001,0,0,-0.675134,-5.5236e-05,0,0.5
1783082150927731200,0.001,-0.678348,-0.678348,-0.675143,-5.51539e-05,0,0.5
1783082150928731136,0.001,0,0,-0.675143,-5.51515e-05,0,0.5
1783082150929731072,0.001,-0.678348,-0.678348,-0.675152,-5.50558e-05,0,0.5
1783082150930731008,0.001,0,0,-0.675152,-5.50534e-05,0,0.5
1783082150931730944,0.001,-0.678348,-0.678348,-0.675162,-5.49448e-05,0,0.5
1783082150932730880,0.001,0,0,-0.675162,-5.49424e-05,0,0.5
1783082150933730816,0.001,-0.678348,-0.678348,-0.675171,-5.48217e-05,0,0.5
1783082150934730752,0.001,0,0,-0.675171,-5.48193e-05,0,0.5
1783082150935730688,0.001,-0.678348,-0.678348,-0.67518,-5.4687e-05,0,0.5
1783082150936730624,0.001,0,0,-0.67518,-5.46847e-05,0,0.5
1783082150937730560,0.001,-0.678348,-0.678348,-0.675189,-5.45415e-05,0,0.5
1783082150938730496,0.001,0,0,-0.675189,-5.45391e-05,0,0.5
1783082150939730432,0.001,-0.678348,-0.678348,-0.675198,-5.43857e-05,0,0.5
1783082150940730368,0.001,0,0,-0.675198,-5.43833e-05,0,0.5
1783082150941730304,0.001,-0.678348,-0.678348,-0.675207,-5.42202e-05,0,0.5
1783082150942730240,0.001,0,0,-0.675207,-5.42178e-05,0,0.5
1783082150943730176,0.001,-0.678348,-0.678348,-0.675216,-5.40456e-05,0,0.5
1783082150944730112,0.001,-0.678348,-0.678348,-0.675225,-5.387e-05,0,0.5
1783082150945730048,0.001,0,0,-0.675225,-5.38676e-05,0,0.5
1783082150946729984,0.001,-0.678348,-0.678348,-0.675234,-5.36829e-05,0,0.5
1783082150947729920,0.001,0,0,-0.675234,-5.36805e-05,0,0.5
1783082150948729856,0.001,-0.678348,-0.678348,-0.675243,-5.34872e-05,0,0.5
1783082150949729792,0.001,-0.678348,-0.678348,-0.675251,-5.32917e-05,0,0.5
1783082150950729728,0.001,0,0,-0.675252,-5.32893e-05,0,0.5
1783082150951729664,0.001,-0.678348,-0.678348,-0.67526,-5.30854e-05,0,0.5
1783082150952729600,0.001,0,0,-0.67526,-5.3083e-05,0,0.5
1783082150953729536,0.001,-0.678348,-0.678348,-0.675269,-5.28713e-05,0,0.5
1783082150954729472,0.001,0,0,-0.675269,-5.28689e-05,0,0.5
1783082150955729408,0.001,-0.678348,-0.678348,-0.675278,-5.26501e-05,0,0.5
1783082150956729344,0.001,0,0,-0.675278,-5.26477e-05,0,0.5
1783082150957729280,0.001,-0.678348,-0.678348,-0.675286,-5.24223e-05,0,0.5
1783082150958729216,0.001,0,0,-0.675286,-5.24199e-05,0,0.5
1783082150959729152,0.001,-0.678348,-0.678348,-0.675295,-5.21887e-05,0,0.5
1783082150960729088,0.001,0,0,-0.675295,-5.21863e-05,0,0.5
1783082150961729024,0.001,-0.678348,-0.678348,-0.675303,-5.19496e-05,0,0.5
1783082150962728960,0.001,0,0,-0.675303,-5.19472e-05,0,0.5
1783082150963728896,0.001,-0.678348,-0.678348,-0.675312,-5.17057e-05,0,0.5
1783082150964728832,0.001,-0.678348,-0.678348,-0.67532,-5.14656e-05,0,0.5
1783082150965728768,0.001,0,0,-0.67532,-5.14632e-05,0,0.5
1783082150966728704,0.001,-0.678348,-0.678348,-0.675328,-5.1218e-05,0,0.5
1783082150967728640,0.001,-0.678348,-0.678348,-0.675337,-5.09743e-05,0,0.5
1783082150968728576,0.001,-0.678348,-0.678348,-0.675345,-5.07317e-05,0,0.5
1783082150969728512,0.001,-0.678348,-0.678348,-0.675353,-5.04897e-05,0,0.5
1783082150970728448,0.001,-0.678348,-0.678348,-0.675361,-5.02481e-05,0,0.5
1783082150971728384,0.001,-0.678348,-0.678348,-0.67537,-5.00067e-05,0,0.5
1783082150972728320,0.001,-0.678348,-0.678348,-0.675378,-4.97652e-05,0,0.5
1783082150973728256,0.001,0,0,-0.675378,-4.97628e-05,0,0.5
1783082150974728192,0.001,-0.678348,-0.678348,-0.675386,-4.95138e-05,0,0.5
1783082150975728128,0.001,0,0,-0.675386,-4.95113e-05,0,0.5
1783082150976728064,0.001,-0.678348,-0.678348,-0.675394,-4.92558e-05,0,0.5
1783082150977728000,0.001,0,0,-0.675394,-4.92533e-05,0,0.5
1783082150978727936,0.001,-0.678348,-0.678348,-0.675402,-4.89921e-05,0,0.5
1783082150979727872,0.001,-0.678348,-0.678348,-0.67541,-4.87327e-05,0,0.5
1783082150980727808,0.001,0,0,-0.67541,-4.87303e-05,0,0.5
1783082150981727744,0.001,-0.678348,-0.678348,-0.675418,-4.84656e-05,0,0.5
1783082150982727680,0.001,0,0,-0.675418,-4.84632e-05,0,0.5
1783082150983727616,0.001,-0.678348,-0.678348,-0.675425,-4.8194e-05,0,0.5
1783082150984727552,0.001,0,0,-0.675426,-4.81916e-05,0,0.5
1783082150985727488,0.001,-0.678348,-0.678348,-0.675433,-4.79188e-05,0,0.5
1783082150986727424,0.001,0,0,-0.675433,-4.79163e-05,0,0.5
1783082150987727360,0.001,-0.678348,-0.678348,-0.675441,-4.76406e-05,0,0.5
1783082150988727296,0.001,0,0,-0.675441,-4.76381e-05,0,0.5
1783082150989727232,0.001,-0.678348,-0.678348,-0.675449,-4.736e-05,0,0.5
1783082150990727168,0.001,-0.678348,-0.678348,-0.675457,-4.70862e-05,0,0.5
1783082150991727104,0.001,-0.678348,-0.678348,-0.675464,-4.6816e-05,0,0.5
1783082150992727040,0.001,0,0,-0.675464,-4.68136e-05,0,0.5
1783082150993726976,0.001,-0.678348,-0.678348,-0.675472,-4.65405e-05,0,0.5
1783082150994726912,0.001,-0.678348,-0.678348,-0.675479,-4.62712e-05,0,0.5
1783082150995726848,0.001,-0.678348,-0.678348,-0.675487,-4.60053e-05,0,0.5
1783082150996726784,0.001,0,0,-0.675487,-4.60028e-05,0,0.5
1783082150997726720,0.001,-0.678348,-0.678348,-0.675494,-4.57336e-05,0,0.5
1783082150998726656,0.001,0,0,-0.675494,-4.57312e-05,0,0.5
1783082150999726592,0.001,-0.678348,-0.678348,-0.675502,-4.54595e-05,0,0.5
1783082151000726528,0.001,0,0,-0.675502,-4.5457e-05,0,0.5
1783082151001726464,0.001,-0.678348,-0.678348,-0.675509,-4.51835e-05,0,0.5
1783082151002726400,0.001,0,0,-0.675509,-4.51811e-05,0,0.5
1783082151003726336,0.001,-0.678348,-0.678348,-0.675517,-4.49064e-05,0,0.5
1783082151004726272,0.001,0,0,-0.675517,-4.4904e-05,0,0.5
1783082151005726208,0.001,-0.678348,-0.678348,-0.675524,-4.46287e-05,0,0.5
1783082151006726144,0.001,-0.678348,-0.678348,-0.675532,-4.43587e-05,0,0.5
1783082151007726080,0.001,0,0,-0.675532,-4.43562e-05,0,0.5
1783082151008726016,0.001,-0.678348,-0.678348,-0.675539,-4.40855e-05,0,0.5
1783082151009725952,0.001,-0.678348,-0.678348,-0.675546,-4.38197e-05,0,0.5
1783082151010725888,0.001,-0.678348,-0.678348,-0.675553,-4.35585e-05,0,0.5
1783082151011725824,0.001,-0.678348,-0.678348,-0.67556,-4.33013e-05,0,0.5
1783082151012725760,0.001,-0.678348,-0.678348,-0.675568,-4.30477e-05,0,0.5
1783082151013725696,0.001,-0.678348,-0.678348,-0.675575,-4.27975e-05,0,0.5
1783082151014725632,0.001,-0.678348,-0.678348,-0.675582,-4.25502e-05,0,0.5
1783082151015725568,0.001,-0.678348,-0.678348,-0.675589,-4.23057e-05,0,0.5
1783082151016725504,0.001,-0.678348,-0.678348,-0.675596,-4.20636e-05,0,0.5
1783082151017725440,0.001,-0.678348,-0.678348,-0.675603,-4.18237e-05,0,0.5
1783082151018725376,0.001,0,0,-0.675603,-4.18212e-05,0,0.5
1783082151019725312,0.001,-0.678348,-0.678348,-0.67561,-4.15775e-05,0,0.5
1783082151020725248,0.001,0,0,-0.67561,-4.1575e-05,0,0.5
1783082151021725184,0.001,-0.678348,-0.678348,-0.675617,-4.13283e-05,0,0.5
1783082151022725120,0.001,-0.678348,-0.678348,-0.675623,-4.10848e-05,0,0.5
1783082151023725056,0.001,-0.678348,-0.678348,-0.67563,-4.08443e-05,0,0.5
1783082151024724992,0.001,-0.678348,-0.678348,-0.675637,-4.06065e-05,0,0.5
1783082151025724928,0.001,0,0,-0.675637,-4.0604e-05,0,0.5
1783082151026724864,0.001,-0.678348,-0.678348,-0.675644,-4.03632e-05,0,0.5
1783082151027724800,0.001,0,0,-0.675644,-4.03608e-05,0,0.5
1783082151028724736,0.001,-0.678348,-0.678348,-0.675651,-4.01178e-05,0,0.5
1783082151029724672,0.001,0,0,-0.675651,-4.01153e-05,0,0.5
1783082151030724608,0.001,-0.678348,-0.678348,-0.675657,-3.9871e-05,0,0.5
1783082151031724544,0.001,0,0,-0.675657,-3.98685e-05,0,0.5
1783082151032724480,0.001,-0.678348,-0.678348,-0.675664,-3.96236e-05,0,0.5
1783082151033724416,0.001,-0.678348,-0.678348,-0.675671,-3.93831e-05,0,0.5
1783082151034724352,0.001,0,0,-0.675671,-3.93806e-05,0,0.5
1783082151035724288,0.001,-0.678348,-0.678348,-0.675677,-3.91397e-05,0,0.5
1783082151036724224,0.001,-0.678348,-0.678348,-0.675684,-3.89033e-05,0,0.5
1783082151037724160,0.001,-0.678348,-0.678348,-0.67569,-3.8671e-05,0,0.5
1783082151038724096,0.001,-0.678348,-0.678348,-0.675697,-3.84425e-05,0,0.5
1783082151039724032,0.001,-0.678348,-0.678348,-0.675703,-3.82174e-05,0,0.5
1783082151040723968,0.001,0,0,-0.675703,-3.82149e-05,0,0.5
1783082151041723904,0.001,0,0,-0.675703,-3.82124e-05,0,0.5
1783082151042723840,0.001,0,0,-0.675704,-3.82099e-05,0,0.5
1783082151043723776,0.001,0,0,-0.675704,-3.82074e-05,0,0.5
1783082151044723712,0.001,0,0,-0.675704,-3.82049e-05,0,0.5
1783082151045723648,0.001,0,0,-0.675704,-3.82024e-05,0,0.5
1783082151046723584,0.001,0,0,-0.675704,-3.81999e-05,0,0.5
1783082151047723520,0.001,0,0,-0.675704,-3.81974e-05,0,0.5
1783082151048723456,0.001,0,0,-0.675704,-3.81949e-05,0,0.5
1783082151049723392,0.001,0,0,-0.675704,-3.81924e-05,0,0.5
1783082151050723328,0.001,0,0,-0.675704,-3.81899e-05,0,0.5
1783082151051723264,0.001,0,0,-0.675704,-3.81874e-05,0,0.5
1783082151052723200,0.001,0,0,-0.675704,-3.81849e-05,0,0.5
1783082151053723136,0.001,0,0,-0.675704,-3.81825e-05,0,0.5
1783082151054723072,0.001,0,0,-0.675704,-3.818e-05,0,0.5
1783082151055723008,0.001,0,0,-0.675704,-3.81775e-05,0,0.5
1783082151056722944,0.001,0,0,-0.675704,-3.8175e-05,0,0.5
1783082151057722880,0.001,0,0,-0.675704,-3.81725e-05,0,0.5
1783082151058722816,0.001,0,0,-0.675704,-3.817e-05,0,0.5
1783082151059722752,0.001,0,0,-0.675704,-3.81675e-05,0,0.5
1783082151060722688,0.001,0,0,-0.675704,-3.8165e-05,0,0.5
1783082151061722624,0.001,0,0,-0.675704,-3.81625e-05,0,0.5
1783082151062722560,0.001,0,0,-0.675704,-3.816e-05,0,0.5
1783082151063722496,0.001,0,0,-0.675704,-3.81575e-05,0,0.5
1783082151064722432,0.001,0,0,-0.675704,-3.8155e-05,0,0.5
1783082151065722368,0.001,0,0,-0.675704,-3.81525e-05,0,0.5
1783082151066722304,0.001,0,0,-0.675704,-3.815e-05,0,0.5
1783082151067722240,0.001,0,0,-0.675704,-3.81475e-05,0,0.5
1783082151068722176,0.001,0,0,-0.675704,-3.8145e-05,0,0.5
1783082151069722112,0.001,0,0,-0.675705,-3.81425e-05,0,0.5
1783082151070722048,0.001,0,0,-0.675705,-3.814e-05,0,0.5
1783082151071721984,0.001,0,0,-0.675705,-3.81375e-05,0,0.5
1783082151072721920,0.001,0,0,-0.675705,-3.8135e-05,0,0.5
1783082151073721856,0.001,0,0,-0.675705,-3.81325e-05,0,0.5
1783082151074721792,0.001,0,0,-0.675705,-3.813e-05,0,0.5
1783082151075721728,0.001,0,0,-0.675705,-3.81275e-05,0,0.5
1783082151076721664,0.001,0,0,-0.675705,-3.8125e-05,0,0.5
1783082151077721600,0.001,0,0,-0.675705,-3.81225e-05,0,0.5
1783082151078721536,0.001,0,0,-0.675705,-3.812e-05,0,0.5
1783082151079721472,0.001,0,0,-0.675705,-3.81175e-05,0,0.5
1783082151080721408,0.001,0,0,-0.675705,-3.8115e-05,0,0.5
1783082151081721344,0.001,0,0,-0.675705,-3.81125e-05,0,0.5
1783082151082721280,0.001,0,0,-0.675705,-3.811e-05,0,0.5
1783082151083721216,0.001,0,0,-0.675705,-3.81075e-05,0,0.5
1783082151084721152,0.001,0,0,-0.675705,-3.8105e-05,0,0.5
1783082151085721088,0.001,0,0,-0.675705,-3.81025e-05,0,0.5
1783082151086721024,0.001,0,0,-0.675705,-3.81e-05,0,0.5
1783082151087720960,0.001,0,0,-0.675705,-3.80975e-05,0,0.5
1783082151088720896,0.001,0,0,-0.675705,-3.8095e-05,0,0.5
1783082151089720832,0.001,0,0,-0.675705,-3.80925e-05,0,0.5
1783082151090720768,0.001,0,0,-0.675705,-3.809e-05,0,0.5
1783082151091720704,0.001,0,0,-0.675705,-3.80875e-05,0,0.5
1783082151092720640,0.001,0,0,-0.675705,-3.8085e-05,0,0.5
1783082151093720576,0.001,0,0,-0.675705,-3.80825e-05,0,0.5
1783082151094720512,0.001,0,0,-0.675705,-3.808e-05,0,0.5
1783082151095720448,0.001,0,0,-0.675705,-3.80775e-05,0,0.5
1783082151096720384,0.001,0,0,-0.675706,-3.8075e-05,0,0.5
1783082151097720320,0.001,0,0,-0.675706,-3.80725e-05,0,0.5
1783082151098720256,0.001,0,0,-0.675706,-3.807e-05,0,0.5
1783082151099720192,0.001,0,0,-0.675706,-3.80675e-05,0,0.5
1783082151100720128,0.001,0,0,-0.675706,-3.8065e-05,0,0.5
1783082151101720064,0.001,0,0,-0.675706,-3.80625e-05,0,0.5
1783082151102720000,0.001,0,0,-0.675706,-3.806e-05,0,0.5
1783082151103719936,0.001,0,0,-0.675706,-3.80575e-05,0,0.5
1783082151104719872,0.001,0,0,-0.675706,-3.8055e-05,0,0.5
1783082151105719808,0.001,0,0,-0.675706,-3.80525e-05,0,0.5
1783082151106719744,0.001,0,0,-0.675706,-3.805e-05,0,0.5
1783082151107719680,0.001,0,0,-0.675706,-3.80475e-05,0,0.5
1783082151108719616,0.001,0,0,-0.675706,-3.80451e-05,0,0.5
1783082151109719552,0.001,0,0,-0.675706,-3.80426e-05,0,0.5
1783082151110719488,0.001,0,0,-0.675706,-3.80401e-05,0,0.5
1783082151111719424,0.001,0,0,-0.675706,-3.80376e-05,0,0.5
1783082151112719360,0.001,0,0,-0.675706,-3.80351e-05,0,0.5
1783082151113719296,0.001,0,0,-0.675706,-3.80326e-05,0,0.5
1783082151114719232,0.001,0,0,-0.675706,-3.80301e-05,0,0.5
1783082151115719168,0.001,0,0,-0.675706,-3.80276e-05,0,0.5
1783082151116719104,0.001,-0.678348,-0.678348,-0.675713,-3.83587e-05,0,0.5
1783082151117719040,0.001,-0.678348,-0.678348,-0.675719,-3.86511e-05,0,0.5
1783082151118718976,0.001,0,0,-0.675719,-3.86486e-05,0,0.5
1783082151119718912,0.001,-0.678348,-0.678348,-0.675726,-3.8922e-05,0,0.5
1783082151120718848,0.001,-0.678348,-0.678348,-0.675732,-3.91643e-05,0,0.5
1783082151121718784,0.001,0,0,-0.675732,-3.91618e-05,0,0.5
1783082151122718720,0.001,-0.678348,-0.678348,-0.675739,-3.93876e-05,0,0.5
1783082151123718656,0.001,0,0,-0.675739,-3.93851e-05,0,0.5
1783082151124718592,0.001,-0.678348,-0.678348,-0.675745,-3.95948e-05,0,0.5
1783082151125718528,0.001,0,0,-0.675745,-3.95923e-05,0,0.5
1783082151126718464,0.001,-0.678348,-0.678348,-0.675752,-3.97861e-05,0,0.5
1783082151127718400,0.001,0,0,-0.675752,-3.97836e-05,0,0.5
1783082151128718336,0.001,-0.678348,-0.678348,-0.675758,-3.99621e-05,0,0.5
1783082151129718272,0.001,0,0,-0.675758,-3.99596e-05,0,0.5
1783082151130718208,0.001,-0.678348,-0.678348,-0.675765,-4.0123e-05,0,0.5
1783082151131718144,0.001,-0.678348,-0.678348,-0.675771,-4.02663e-05,0,0.5
1783082151132718080,0.001,0,0,-0.675771,-4.02639e-05,0,0.5
1783082151133718016,0.001,-0.678348,-0.678348,-0.675777,-4.03931e-05,0,0.5
1783082151134717952,0.001,0,0,-0.675777,-4.03906e-05,0,0.5
1783082151135717888,0.001,-0.678348,-0.678348,-0.675783,-4.0506e-05,0,0.5
1783082151136717824,0.001,0,0,-0.675783,-4.05035e-05,0,0.5
1783082151137717760,0.001,-0.678348,-0.678348,-0.67579,-4.06055e-05,0,0.5
1783082151138717696,0.001,0,0,-0.67579,-4.0603e-05,0,0.5
1783082151139717632,0.001,-0.678348,-0.678348,-0.675796,-4.0692e-05,0,0.5
1783082151140717568,0.001,-0.678348,-0.678348,-0.675802,-4.07664e-05,0,0.5
1783082151141717504,0.001,0,0,-0.675802,-4.07639e-05,0,0.5
1783082151142717440,0.001,-0.678348,-0.678348,-0.675808,-4.08257e-05,0,0.5
1783082151143717376,0.001,-0.678348,-0.678348,-0.675814,-4.08747e-05,0,0.5
1783082151144717312,0.001,-0.678348,-0.678348,-0.67582,-4.09116e-05,0,0.5
1783082151145717248,0.001,-0.678348,-0.678348,-0.675826,-4.09371e-05,0,0.5
1783082151146717184,0.001,-0.678348,-0.678348,-0.675833,-4.09516e-05,0,0.5
1783082151147717120,0.001,-0.678348,-0.678348,-0.675839,-4.09558e-05,0,0.5
1783082151148717056,0.001,0,0,-0.675839,-4.09533e-05,0,0.5
1783082151149716992,0.001,-0.678348,-0.678348,-0.675844,-4.09454e-05,0,0.5
1783082151150716928,0.001,0,0,-0.675845,-4.09429e-05,0,0.5
1783082151151716864,0.001,-0.678348,-0.678348,-0.675851,-4.09234e-05,0,0.5
1783082151152716800,0.001,0,0,-0.675851,-4.09209e-05,0,0.5
1783082151153716736,0.001,-0.678348,-0.678348,-0.675856,-4.08904e-05,0,0.5
1783082151154716672,0.001,0,0,-0.675857,-4.08879e-05,0,0.5
1783082151155716608,0.001,-0.678348,-0.678348,-0.675862,-4.08472e-05,0,0.5
1783082151156716544,0.001,0,0,-0.675862,-4.08447e-05,0,0.5
1783082151157716480,0.001,-0.678348,-0.678348,-0.675868,-4.07941e-05,0,0.5
1783082151158716416,0.001,-0.678348,-0.678348,-0.675874,-4.07373e-05,0,0.5
1783082151159716352,0.001,0,0,-0.675874,-4.07348e-05,0,0.5
1783082151160716288,0.001,-0.678348,-0.678348,-0.67588,-4.06685e-05,0,0.5
1783082151161716224,0.001,0,0,-0.67588,-4.0666e-05,0,0.5
1783082151162716160,0.001,-0.678348,-0.678348,-0.675886,-4.05908e-05,0,0.5
1783082151163716096,0.001,-0.678348,-0.678348,-0.675892,-4.05108e-05,0,0.5
1783082151164716032,0.001,0,0,-0.675892,-4.05083e-05,0,0.5
1783082151165715968,0.001,-0.678348,-0.678348,-0.675897,-4.04196e-05,0,0.5
1783082151166715904,0.001,-0.678348,-0.678348,-0.675903,-4.03268e-05,0,0.5
1783082151167715840,0.001,0,0,-0.675903,-4.03243e-05,0,0.5
1783082151168715776,0.001,-0.678348,-0.678348,-0.675909,-4.02231e-05,0,0.5
1783082151169715712,0.001,-0.678348,-0.678348,-0.675915,-4.01184e-05,0,0.5
1783082151170715648,0.001,0,0,-0.675915,-4.01159e-05,0,0.5
1783082151171715584,0.001,-0.678348,-0.678348,-0.67592,-4.00032e-05,0,0.5
1783082151172715520,0.001,0,0,-0.67592,-4.00007e-05,0,0.5
1783082151173715456,0.001,-0.678348,-0.678348,-0.675926,-3.98808e-05,0,0.5
1783082151174715392,0.001,0,0,-0.675926,-3.98783e-05,0,0.5
1783082151175715328,0.001,-0.678348,-0.678348,-0.675932,-3.97516e-05,0,0.5
1783082151176715264,0.001,0,0,-0.675932,-3.97491e-05,0,0.5
1783082151177715200,0.001,-0.678348,-0.678348,-0.675937,-3.96163e-05,0,0.5
1783082151178715136,0.001,-0.678348,-0.678348,-0.675943,-3.94821e-05,0,0.5
1783082151179715072,0.001,0,0,-0.675943,-3.94796e-05,0,0.5
1783082151180715008,0.001,-0.678348,-0.678348,-0.675948,-3.93395e-05,0,0.5
1783082151181714944,0.001,0,0,-0.675948,-3.93369e-05,0,0.5
1783082151182714880,0.001,-0.678348,-0.678348,-0.675954,-3.91914e-05,0,0.5
1783082151183714816,0.001,0,0,-0.675954,-3.91889e-05,0,0.5
1783082151184714752,0.001,-0.678348,-0.678348,-0.675959,-3.90384e-05,0,0.5
1783082151185714688,0.001,0,0,-0.675959,-3.90359e-05,0,0.5
1783082151186714624,0.001,-0.678348,-0.678348,-0.675965,-3.88811e-05,0,0.5
1783082151187714560,0.001,0,0,-0.675965,-3.88786e-05,0,0.5
1783082151188714496,0.001,-0.678348,-0.678348,-0.67597,-3.87199e-05,0,0.5
1783082151189714432,0.001,0,0,-0.67597,-3.87174e-05,0,0.5
1783082151190714368,0.001,-0.678348,-0.678348,-0.675976,-3.85552e-05,0,0.5
1783082151191714304,0.001,0,0,-0.675976,-3.85527e-05,0,0.5
1783082151192714240,0.001,-0.678348,-0.678348,-0.675981,-3.83875e-05,0,0.5
1783082151193714176,0.001,0,0,-0.675981,-3.83849e-05,0,0.5
1783082151194714112,0.001,-0.678348,-0.678348,-0.675987,-3.8217e-05,0,0.5
1783082151195714048,0.001,-0.678348,-0.678348,-0.675992,-3.80507e-05,0,0.5
1783082151196713984,0.001,0,0,-0.675992,-3.80482e-05,0,0.5
1783082151197713920,0.001,-0.678348,-0.678348,-0.675997,-3.7879e-05,0,0.5
1783082151198713856,0.001,0,0,-0.675997,-3.78765e-05,0,0.5
1783082151199713792,0.001,-0.678348,-0.678348,-0.676003,-3.77048e-05,0,0.5
1783082151200713728,0.001,0,0,-0.676003,-3.77023e-05,0,0.5
1783082151201713664,0.001,-0.678348,-0.678348,-0.676008,-3.75286e-05,0,0.5
1783082151202713600,0.001,0,0,-0.676008,-3.75261e-05,0,0.5
1783082151203713536,0.001,-0.678348,-0.678348,-0.676013,-3.73506e-05,0,0.5
1783082151204713472,0.001,0,0,-0.676013,-3.73481e-05,0,0.5
1783082151205713408,0.001,-0.678348,-0.678348,-0.676018,-3.71713e-05,0,0.5
1783082151206713344,0.001,-0.678348,-0.678348,-0.676024,-3.6997e-05,0,0.5
1783082151207713280,0.001,-0.678348,-0.678348,-0.676029,-3.68248e-05,0,0.5
1783082151208713216,0.001,-0.678348,-0.678348,-0.676034,-3.66545e-05,0,0.5
1783082151209713152,0.001,0,0,-0.676034,-3.6652e-05,0,0.5
1783082151210713088,0.001,-0.678348,-0.678348,-0.676039,-3.64789e-05,0,0.5
1783082151211713024,0.001,0,0,-0.676039,-3.64764e-05,0,0.5
1783082151212712960,0.001,-0.678348,-0.678348,-0.676044,-3.63012e-05,0,0.5
1783082151213712896,0.001,0,0,-0.676044,-3.62987e-05,0,0.5
1783082151214712832,0.001,-0.678348,-0.678348,-0.67605,-3.61217e-05,0,0.5
1783082151215712768,0.001,0,0,-0.67605,-3.61192e-05,0,0.5
1783082151216712704,0.001,-0.678348,-0.678348,-0.676055,-3.59408e-05,0,0.5
1783082151217712640,0.001,0,0,-0.676055,-3.59383e-05,0,0.5
1783082151218712576,0.001,-0.678348,-0.678348,-0.67606,-3.5759e-05,0,0.5
1783082151219712512,0.001,-0.678348,-0.678348,-0.676065,-3.55826e-05,0,0.5
1783082151220712448,0.001,-0.678348,-0.678348,-0.67607,-3.54088e-05,0,0.5
1783082151221712384,0.001,0,0,-0.67607,-3.54062e-05,0,0.5
1783082151222712320,0.001,-0.678348,-0.678348,-0.676075,-3.52307e-05,0,0.5
1783082151223712256,0.001,-0.678348,-0.678348,-0.67608,-3.50576e-05,0,0.5
1783082151224712192,0.001,0,0,-0.67608,-3.50551e-05,0,0.5
1783082151225712128,0.001,-0.678348,-0.678348,-0.676085,-3.48803e-05,0,0.5
1783082151226712064,0.001,0,0,-0.676085,-3.48778e-05,0,0.5
1783082151227712000,0.001,-0.678348,-0.678348,-0.67609,-3.47018e-05,0,0.5
1783082151228711936,0.001,0,0,-0.67609,-3.46993e-05,0,0.5
1783082151229711872,0.001,-0.678348,-0.678348,-0.676095,-3.45224e-05,0,0.5
1783082151230711808,0.001,-0.678348,-0.678348,-0.6761,-3.43486e-05,0,0.5
1783082151231711744,0.001,0,0,-0.6761,-3.4346e-05,0,0.5
1783082151232711680,0.001,-0.678348,-0.678348,-0.676105,-3.41712e-05,0,0.5
1783082151233711616,0.001,-0.678348,-0.678348,-0.676109,-3.39993e-05,0,0.5
1783082151234711552,0.001,-0.678348,-0.678348,-0.676114,-3.38299e-05,0,0.5
1783082151235711488,0.001,-0.678348,-0.678348,-0.676119,-3.36627e-05,0,0.5
1783082151236711424,0.001,0,0,-0.676119,-3.36601e-05,0,0.5
1783082151237711360,0.001,-0.678348,-0.678348,-0.676124,-3.34911e-05,0,0.5
1783082151238711296,0.001,0,0,-0.676124,-3.34886e-05,0,0.5
1783082151239711232,0.001,-0.678348,-0.678348,-0.676129,-3.33182e-05,0,0.5
1783082151240711168,0.001,-0.678348,-0.678348,-0.676134,-3.31505e-05,0,0.5
1783082151241711104,0.001,-0.678348,-0.678348,-0.676138,-3.2985e-05,0,0.5
1783082151242711040,0.001,-0.678348,-0.678348,-0.676143,-3.28216e-05,0,0.5
1783082151243710976,0.001,-0.678348,-0.678348,-0.676148,-3.26599e-05,0,0.5
1783082151244710912,0.001,-0.678348,-0.678348,-0.676152,-3.24998e-05,0,0.5
1783082151245710848,0.001,0,0,-0.676152,-3.24973e-05,0,0.5
1783082151246710784,0.001,-0.678348,-0.678348,-0.676157,-3.23347e-05,0,0.5
1783082151247710720,0.001,0,0,-0.676157,-3.23321e-05,0,0.5
1783082151248710656,0.001,-0.678348,-0.678348,-0.676162,-3.21677e-05,0,0.5
1783082151249710592,0.001,0,0,-0.676162,-3.21651e-05,0,0.5
1783082151250710528,0.001,-0.678348,-0.678348,-0.676166,-3.19993e-05,0,0.5
1783082151251710464,0.001,0,0,-0.676167,-3.19968e-05,0,0.5
1783082151252710400,0.001,-0.678348,-0.678348,-0.676171,-3.18302e-05,0,0.5
1783082151253710336,0.001,-0.678348,-0.678348,-0.676176,-3.16664e-05,0,0.5
1783082151254710272,0.001,0,0,-0.676176,-3.16638e-05,0,0.5
1783082151255710208,0.001,-0.678348,-0.678348,-0.67618,-3.14993e-05,0,0.5
1783082151256710144,0.001,-0.678348,-0.678348,-0.676185,-3.13376e-05,0,0.5
1783082151257710080,0.001,0,0,-0.676185,-3.1335e-05,0,0.5
1783082151258710016,0.001,-0.678348,-0.678348,-0.676189,-3.11726e-05,0,0.5
1783082151259709952,0.001,-0.678348,-0.678348,-0.676194,-3.1013e-05,0,0.5
1783082151260709888,0.001,0,0,-0.676194,-3.10105e-05,0,0.5
1783082151261709824,0.001,-0.678348,-0.678348,-0.676199,-3.08503e-05,0,0.5
1783082151262709760,0.001,0,0,-0.676199,-3.08477e-05,0,0.5
1783082151263709696,0.001,-0.678348,-0.678348,-0.676203,-3.06875e-05,0,0.5
1783082151264709632,0.001,-0.678348,-0.678348,-0.676208,-3.05302e-05,0,0.5
1783082151265709568,0.001,0,0,-0.676208,-3.05277e-05,0,0.5
1783082151266709504,0.001,-0.678348,-0.678348,-0.676212,-3.03703e-05,0,0.5
1783082151267709440,0.001,-0.678348,-0.678348,-0.676216,-3.02159e-05,0,0.5
1783082151268709376,0.001,-0.678348,-0.678348,-0.676221,-3.00642e-05,0,0.5
1783082151269709312,0.001,0,0,-0.676221,-3.00616e-05,0,0.5
1783082151270709248,0.001,-0.678348,-0.678348,-0.676225,-2.99095e-05,0,0.5
1783082151271709184,0.001,0,0,-0.676225,-2.99069e-05,0,0.5
1783082151272709120,0.001,-0.678348,-0.678348,-0.67623,-2.97548e-05,0,0.5
1783082151273709056,0.001,0,0,-0.67623,-2.97522e-05,0,0.5
1783082151274708992,0.001,-0.678348,-0.678348,-0.676234,-2.96005e-05,0,0.5
1783082151275708928,0.001,0,0,-0.676234,-2.95979e-05,0,0.5
1783082151276708864,0.001,-0.678348,-0.678348,-0.676239,-2.9447e-05,0,0.5
1783082151277708800,0.001,0,0,-0.676239,-2.94444e-05,0,0.5
1783082151278708736,0.001,-0.678348,-0.678348,-0.676243,-2.92945e-05,0,0.5
1783082151279708672,0.001,0,0,-0.676243,-2.92919e-05,0,0.5
1783082151280708608,0.001,0,0,-0.676243,-2.92894e-05,0,0.5
1783082151281708544,0.001,0,0,-0.676243,-2.92868e-05,0,0.5
1783082151282708480,0.001,0,0,-0.676243,-2.92842e-05,0,0.5
1783082151283708416,0.001,0,0,-0.676243,-2.92816e-05,0,0.5
1783082151284708352,0.001,0,0,-0.676243,-2.92791e-05,0,0.5
1783082151285708288,0.001,0,0,-0.676243,-2.92765e-05,0,0.5
1783082151286708224,0.001,0,0,-0.676243,-2.92739e-05,0,0.5
1783082151287708160,0.001,0,0,-0.676243,-2.92713e-05,0,0.5
1783082151288708096,0.001,0,0,-0.676243,-2.92688e-05,0,0.5
1783082151289708032,0.001,0,0,-0.676243,-2.92662e-05,0,0.5
1783082151290707968,0.001,0,0,-0.676243,-2.92636e-05,0,0.5
1783082151291707904,0.001,0,0,-0.676243,-2.92611e-05,0,0.5
1783082151292707840,0.001,0,0,-0.676243,-2.92585e-05,0,0.5
1783082151293707776,0.001,0,0,-0.676243,-2.92559e-05,0,0.5
1783082151294707712,0.001,0,0,-0.676243,-2.92533e-05,0,0.5
1783082151295707648,0.001,0,0,-0.676243,-2.92508e-05,0,0.5
1783082151296707584,0.001,0,0,-0.676243,-2.92482e-05,0,0.5
1783082151297707520,0.001,0,0,-0.676243,-2.92456e-05,0,0.5
1783082151298707456,0.001,0,0,-0.676243,-2.9243e-05,0,0.5
1783082151299707392,0.001,0,0,-0.676243,-2.92405e-05,0,0.5
1783082151300707328,0.001,0,0,-0.676244,-2.92379e-05,0,0.5
1783082151301707264,0.001,0,0,-0.676244,-2.92353e-05,0,0.5
1783082151302707200,0.001,0,0,-0.676244,-2.92327e-05,0,0.5
1783082151303707136,0.001,0,0,-0.676244,-2.92302e-05,0,0.5
1783082151304707072,0.001,0,0,-0.676244,-2.92276e-05,0,0.5
1783082151305707008,0.001,0,0,-0.676244,-2.9225e-05,0,0.5
1783082151306706944,0.001,0,0,-0.676244,-2.92224e-05,0,0.5
1783082151307706880,0.001,0,0,-0.676244,-2.92199e-05,0,0.5
1783082151308706816,0.001,0,0,-0.676244,-2.92173e-05,0,0.5
1783082151309706752,0.001,0,0,-0.676244,-2.92147e-05,0,0.5
1783082151310706688,0.001,0,0,-0.676244,-2.92122e-05,0,0.5
1783082151311706624,0.001,0,0,-0.676244,-2.92096e-05,0,0.5
1783082151312706560,0.001,0,0,-0.676244,-2.9207e-05,0,0.5
1783082151313706496,0.001,0,0,-0.676244,-2.92044e-05,0,0.5
1783082151314706432,0.001,0,0,-0.676244,-2.92019e-05,0,0.5
1783082151315706368,0.001,0,0,-0.676244,-2.91993e-05,0,0.5
1783082151316706304,0.001,0,0,-0.676244,-2.91967e-05,0,0.5
1783082151317706240,0.001,0,0,-0.676244,-2.91941e-05,0,0.5
1783082151318706176,0.001,0,0,-0.676244,-2.91916e-05,0,0.5
1783082151319706112,0.001,0,0,-0.676244,-2.9189e-05,0,0.5
1783082151320706048,0.001,0,0,-0.676244,-2.91864e-05,0,0.5
1783082151321705984,0.001,0,0,-0.676244,-2.91838e-05,0,0.5
1783082151322705920,0.001,0,0,-0.676244,-2.91813e-05,0,0.5
1783082151323705856,0.001,0,0,-0.676244,-2.91787e-05,0,0.5
1783082151324705792,0.001,0,0,-0.676244,-2.91761e-05,0,0.5
1783082151325705728,0.001,0,0,-0.676244,-2.91735e-05,0,0.5
1783082151326705664,0.001,0,0,-0.676244,-2.9171e-05,0,0.5
1783082151327705600,0.001,0,0,-0.676244,-2.91684e-05,0,0.5
1783082151328705536,0.001,0,0,-0.676244,-2.91658e-05,0,0.5
1783082151329705472,0.001,0,0,-0.676244,-2.91633e-05,0,0.5
1783082151330705408,0.001,0,0,-0.676244,-2.91607e-05,0,0.5
1783082151331705344,0.001,0,0,-0.676244,-2.91581e-05,0,0.5
1783082151332705280,0.001,0,0,-0.676244,-2.91555e-05,0,0.5
1783082151333705216,0.001,0,0,-0.676244,-2.9153e-05,0,0.5
1783082151334705152,0.001,0,0,-0.676245,-2.91504e-05,0,0.5
1783082151335705088,0.001,0,0,-0.676245,-2.91478e-05,0,0.5
1783082151336705024,0.001,0,0,-0.676245,-2.91452e-05,0,0.5
1783082151337704960,0.001,0,0,-0.676245,-2.91427e-05,0,0.5
1783082151338704896,0.001,0,0,-0.676245,-2.91401e-05,0,0.5
1783082151339704832,0.001,0,0,-0.676245,-2.91375e-05,0,0.5
1783082151340704768,0.001,0,0,-0.676245,-2.91349e-05,0,0.5
1783082151341704704,0.001,0,0,-0.676245,-2.91324e-05,0,0.5
1783082151342704640,0.001,0,0,-0.676245,-2.91298e-05,0,0.5
1783082151343704576,0.001,0,0,-0.676245,-2.91272e-05,0,0.5
1783082151344704512,0.001,0,0,-0.676245,-2.91246e-05,0,0.5
1783082151345704448,0.001,0,0,-0.676245,-2.91221e-05,0,0.5
1783082151346704384,0.001,0,0,-0.676245,-2.91195e-05,0,0.5
1783082151347704320,0.001,0,0,-0.676245,-2.91169e-05,0,0.5
1783082151348704256,0.001,0,0,-0.676245,-2.91144e-05,0,0.5
1783082151349704192,0.001,0,0,-0.676245,-2.91118e-05,0,0.5
1783082151350704128,0.001,0,0,-0.676245,-2.91092e-05,0,0.5
1783082151351704064,0.001,0,0,-0.676245,-2.91066e-05,0,0.5
1783082151352704000,0.001,0,0,-0.676245,-2.91041e-05,0,0.5
1783082151353703936,0.001,0,0,-0.676245,-2.91015e-05,0,0.5
1783082151354703872,0.001,0,0,-0.676245,-2.90989e-05,0,0.5
1783082151355703808,0.001,0,0,-0.676245,-2.90963e-05,0,0.5
1783082151356703744,0.001,0,0,-0.676245,-2.90938e-05,0,0.5
1783082151357703680,0.001,0,0,-0.676245,-2.90912e-05,0,0.5
1783082151358703616,0.001,-0.678348,-0.678348,-0.67625,-2.95523e-05,0,0.5
1783082151359703552,0.001,0,0,-0.67625,-2.95497e-05,0,0.5
1783082151360703488,0.001,-0.678348,-0.678348,-0.676254,-2.99703e-05,0,0.5
1783082151361703424,0.001,-0.678348,-0.678348,-0.676259,-3.0342e-05,0,0.5
1783082151362703360,0.001,0,0,-0.676259,-3.03394e-05,0,0.5
1783082151363703296,0.001,-0.678348,-0.678348,-0.676263,-3.06809e-05,0,0.5
1783082151364703232,0.001,0,0,-0.676263,-3.06783e-05,0,0.5
1783082151365703168,0.001,-0.678348,-0.678348,-0.676267,-3.09923e-05,0,0.5
1783082151366703104,0.001,0,0,-0.676267,-3.09897e-05,0,0.5
1783082151367703040,0.001,-0.678348,-0.678348,-0.676272,-3.12785e-05,0,0.5
1783082151368702976,0.001,-0.678348,-0.678348,-0.676276,-3.15363e-05,0,0.5
1783082151369702912,0.001,0,0,-0.676276,-3.15337e-05,0,0.5
1783082151370702848,0.001,-0.678348,-0.678348,-0.67628,-3.17706e-05,0,0.5
1783082151371702784,0.001,-0.678348,-0.678348,-0.676285,-3.19821e-05,0,0.5
1783082151372702720,0.001,0,0,-0.676285,-3.19796e-05,0,0.5
1783082151373702656,0.001,-0.678348,-0.678348,-0.676289,-3.2173e-05,0,0.5
1783082151374702592,0.001,0,0,-0.676289,-3.21704e-05,0,0.5
1783082151375702528,0.001,-0.678348,-0.678348,-0.676293,-3.23467e-05,0,0.5
1783082151376702464,0.001,0,0,-0.676293,-3.23441e-05,0,0.5
1783082151377702400,0.001,-0.678348,-0.678348,-0.676298,-3.25041e-05,0,0.5
1783082151378702336,0.001,0,0,-0.676298,-3.25015e-05,0,0.5
1783082151379702272,0.001,-0.678348,-0.678348,-0.676302,-3.26459e-05,0,0.5
1783082151380702208,0.001,0,0,-0.676302,-3.26433e-05,0,0.5
1783082151381702144,0.001,0,0,-0.676302,-3.26408e-05,0,0.5
1783082151382702080,0.001,-0.678348,-0.678348,-0.676306,-3.27727e-05,0,0.5
1783082151383702016,0.001,0,0,-0.676306,-3.27702e-05,0,0.5
1783082151384701952,0.001,-0.678348,-0.678348,-0.67631,-3.2888e-05,0,0.5
1783082151385701888,0.001,0,0,-0.67631,-3.28855e-05,0,0.5
1783082151386701824,0.001,-0.678348,-0.678348,-0.676315,-3.29898e-05,0,0.5
1783082151387701760,0.001,0,0,-0.676315,-3.29872e-05,0,0.5
1783082151388701696,0.001,-0.678348,-0.678348,-0.676319,-3.30786e-05,0,0.5
1783082151389701632,0.001,0,0,-0.676319,-3.30761e-05,0,0.5
1783082151390701568,0.001,-0.678348,-0.678348,-0.676323,-3.3155e-05,0,0.5
1783082151391701504,0.001,0,0,-0.676323,-3.31525e-05,0,0.5
1783082151392701440,0.001,-0.678348,-0.678348,-0.676327,-3.32195e-05,0,0.5
1783082151393701376,0.001,0,0,-0.676327,-3.3217e-05,0,0.5
1783082151394701312,0.001,-0.678348,-0.678348,-0.676331,-3.32726e-05,0,0.5
1783082151395701248,0.001,-0.678348,-0.678348,-0.676336,-3.33176e-05,0,0.5
1783082151396701184,0.001,-0.678348,-0.678348,-0.67634,-3.33527e-05,0,0.5
1783082151397701120,0.001,0,0,-0.67634,-3.33501e-05,0,0.5
1783082151398701056,0.001,-0.678348,-0.678348,-0.676344,-3.33744e-05,0,0.5
1783082151399700992,0.001,0,0,-0.676344,-3.33718e-05,0,0.5
1783082151400700928,0.001,-0.678348,-0.678348,-0.676348,-3.33857e-05,0,0.5
1783082151401700864,0.001,0,0,-0.676348,-3.33831e-05,0,0.5
1783082151402700800,0.001,-0.678348,-0.678348,-0.676352,-3.33872e-05,0,0.5
1783082151403700736,0.001,0,0,-0.676352,-3.33847e-05,0,0.5
1783082151404700672,0.001,-0.678348,-0.678348,-0.676356,-3.33794e-05,0,0.5
1783082151405700608,0.001,0,0,-0.676356,-3.33768e-05,0,0.5
1783082151406700544,0.001,-0.678348,-0.678348,-0.67636,-3.33626e-05,0,0.5
1783082151407700480,0.001,0,0,-0.67636,-3.336e-05,0,0.5
1783082151408700416,0.001,-0.678348,-0.678348,-0.676364,-3.33374e-05,0,0.5
1783082151409700352,0.001,0,0,-0.676364,-3.33348e-05,0,0.5
1783082151410700288,0.001,-0.678348,-0.678348,-0.676368,-3.33041e-05,0,0.5
1783082151411700224,0.001,0,0,-0.676368,-3.33015e-05,0,0.5
1783082151412700160,0.001,-0.678348,-0.678348,-0.676372,-3.32632e-05,0,0.5
1783082151413700096,0.001,0,0,-0.676372,-3.32606e-05,0,0.5
1783082151414700032,0.001,-0.678348,-0.678348,-0.676376,-3.3215e-05,0,0.5
1783082151415699968,0.001,0,0,-0.676376,-3.32124e-05,0,0.5
1783082151416699904,0.001,-0.678348,-0.678348,-0.67638,-3.31599e-05,0,0.5
1783082151417699840,0.001,0,0,-0.67638,-3.31573e-05,0,0.5
1783082151418699776,0.001,-0.678348,-0.678348,-0.676384,-3.30983e-05,0,0.5
1783082151419699712,0.001,0,0,-0.676384,-3.30958e-05,0,0.5
1783082151420699648,0.001,-0.678348,-0.678348,-0.676388,-3.30306e-05,0,0.5
1783082151421699584,0.001,0,0,-0.676388,-3.3028e-05,0,0.5
1783082151422699520,0.001,-0.678348,-0.678348,-0.676392,-3.29571e-05,0,0.5
1783082151423699456,0.001,0,0,-0.676392,-3.29545e-05,0,0.5
1783082151424699392,0.001,-0.678348,-0.678348,-0.676396,-3.2878e-05,0,0.5
1783082151425699328,0.001,-0.678348,-0.678348,-0.6764,-3.27993e-05,0,0.5
1783082151426699264,0.001,-0.678348,-0.678348,-0.676404,-3.27182e-05,0,0.5
1783082151427699200,0.001,-0.678348,-0.678348,-0.676408,-3.26347e-05,0,0.5
1783082151428699136,0.001,-0.678348,-0.678348,-0.676412,-3.25486e-05,0,0.5
1783082151429699072,0.001,-0.678348,-0.678348,-0.676415,-3.24601e-05,0,0.5
1783082151430699008,0.001,-0.678348,-0.678348,-0.676419,-3.23689e-05,0,0.5
1783082151431698944,0.001,0,0,-0.676419,-3.23664e-05,0,0.5
1783082151432698880,0.001,-0.678348,-0.678348,-0.676423,-3.22685e-05,0,0.5
1783082151433698816,0.001,0,0,-0.676423,-3.22659e-05,0,0.5
1783082151434698752,0.001,-0.678348,-0.678348,-0.676427,-3.21619e-05,0,0.5
1783082151435698688,0.001,0,0,-0.676427,-3.21594e-05,0,0.5
1783082151436698624,0.001,-0.678348,-0.678348,-0.676431,-3.20498e-05,0,0.5
1783082151437698560,0.001,0,0,-0.676431,-3.20472e-05,0,0.5
1783082151438698496,0.001,-0.678348,-0.678348,-0.676435,-3.19325e-05,0,0.5
1783082151439698432,0.001,0,0,-0.676435,-3.193e-05,0,0.5
1783082151440698368,0.001,-0.678348,-0.678348,-0.676438,-3.18108e-05,0,0.5
1783082151441698304,0.001,0,0,-0.676438,-3.18082e-05,0,0.5
1783082151442698240,0.001,-0.678348,-0.678348,-0.676442,-3.16849e-05,0,0.5
1783082151443698176,0.001,0,0,-0.676442,-3.16823e-05,0,0.5
1783082151444698112,0.001,-0.678348,-0.678348,-0.676446,-3.15554e-05,0,0.5
1783082151445698048,0.001,0,0,-0.676446,-3.15528e-05,0,0.5
1783082151446697984,0.001,-0.678348,-0.678348,-0.67645,-3.14226e-05,0,0.5
1783082151447697920,0.001,0,0,-0.67645,-3.142e-05,0,0.5
1783082151448697856,0.001,-0.678348,-0.678348,-0.676453,-3.12869e-05,0,0.5
1783082151449697792,0.001,-0.678348,-0.678348,-0.676457,-3.11549e-05,0,0.5
1783082151450697728,0.001,-0.678348,-0.678348,-0.676461,-3.10237e-05,0,0.5
1783082151451697664,0.001,-0.678348,-0.678348,-0.676464,-3.08931e-05,0,0.5
1783082151452697600,0.001,0,0,-0.676464,-3.08905e-05,0,0.5
1783082151453697536,0.001,-0.678348,-0.678348,-0.676468,-3.07562e-05,0,0.5
1783082151454697472,0.001,0,0,-0.676468,-3.07537e-05,0,0.5
1783082151455697408,0.001,-0.678348,-0.678348,-0.676472,-3.06163e-05,0,0.5
1783082151456697344,0.001,0,0,-0.676472,-3.06137e-05,0,0.5
1783082151457697280,0.001,-0.678348,-0.678348,-0.676475,-3.04737e-05,0,0.5
1783082151458697216,0.001,0,0,-0.676476,-3.04711e-05,0,0.5
1783082151459697152,0.001,-0.678348,-0.678348,-0.676479,-3.03288e-05,0,0.5
1783082151460697088,0.001,0,0,-0.676479,-3.03262e-05,0,0.5
1783082151461697024,0.001,-0.678348,-0.678348,-0.676483,-3.0182e-05,0,0.5
1783082151462696960,0.001,0,0,-0.676483,-3.01794e-05,0,0.5
1783082151463696896,0.001,-0.678348,-0.678348,-0.676486,-3.00337e-05,0,0.5
1783082151464696832,0.001,0,0,-0.676486,-3.00311e-05,0,0.5
1783082151465696768,0.001,-0.678348,-0.678348,-0.67649,-2.98842e-05,0,0.5
1783082151466696704,0.001,0,0,-0.67649,-2.98816e-05,0,0.5
1783082151467696640,0.001,-0.678348,-0.678348,-0.676494,-2.97338e-05,0,0.5
1783082151468696576,0.001,0,0,-0.676494,-2.97312e-05,0,0.5
1783082151469696512,0.001,-0.678348,-0.678348,-0.676497,-2.95828e-05,0,0.5
1783082151470696448,0.001,0,0,-0.676497,-2.95802e-05,0,0.5
1783082151471696384,0.001,-0.678348,-0.678348,-0.676501,-2.94315e-05,0,0.5
1783082151472696320,0.001,0,0,-0.676501,-2.94289e-05,0,0.5
1783082151473696256,0.001,-0.678348,-0.678348,-0.676504,-2.928e-05,0,0.5
1783082151474696192,0.001,0,0,-0.676504,-2.92774e-05,0,0.5
1783082151475696128,0.001,-0.678348,-0.678348,-0.676508,-2.91286e-05,0,0.5
1783082151476696064,0.001,-0.678348,-0.678348,-0.676511,-2.89829e-05,0,0.5
1783082151477696000,0.001,-0.678348,-0.678348,-0.676515,-2.88399e-05,0,0.5
1783082151478695936,0.001,-0.678348,-0.678348,-0.676518,-2.86993e-05,0,0.5
1783082151479695872,0.001,0,0,-0.676518,-2.86967e-05,0,0.5
1783082151480695808,0.001,-0.678348,-0.678348,-0.676522,-2.8555e-05,0,0.5
1783082151481695744,0.001,-0.678348,-0.678348,-0.676525,-2.84156e-05,0,0.5
1783082151482695680,0.001,0,0,-0.676525,-2.8413e-05,0,0.5
1783082151483695616,0.001,-0.678348,-0.678348,-0.676529,-2.82724e-05,0,0.5
1783082151484695552,0.001,0,0,-0.676529,-2.82698e-05,0,0.5
1783082151485695488,0.001,-0.678348,-0.678348,-0.676532,-2.81284e-05,0,0.5
1783082151486695424,0.001,0,0,-0.676532,-2.81258e-05,0,0.5
1783082151487695360,0.001,-0.678348,-0.678348,-0.676536,-2.79838e-05,0,0.5
1783082151488695296,0.001,0,0,-0.676536,-2.79812e-05,0,0.5
1783082151489695232,0.001,-0.678348,-0.678348,-0.676539,-2.78391e-05,0,0.5
1783082151490695168,0.001,-0.678348,-0.678348,-0.676543,-2.76998e-05,0,0.5
1783082151491695104,0.001,0,0,-0.676543,-2.76972e-05,0,0.5
1783082151492695040,0.001,0,0,-0.676543,-2.76946e-05,0,0.5
1783082151493694976,0.001,-0.678348,-0.678348,-0.676546,-2.75522e-05,0,0.5
1783082151494694912,0.001,0,0,-0.676546,-2.75496e-05,0,0.5
1783082151495694848,0.001,-0.678348,-0.678348,-0.676549,-2.74079e-05,0,0.5
1783082151496694784,0.001,0,0,-0.676549,-2.74053e-05,0,0.5
1783082151497694720,0.001,-0.678348,-0.678348,-0.676553,-2.72644e-05,0,0.5
1783082151498694656,0.001,0,0,-0.676553,-2.72618e-05,0,0.5
1783082151499694592,0.001,-0.678348,-0.678348,-0.676556,-2.71218e-05,0,0.5
1783082151500694528,0.001,0,0,-0.676556,-2.71192e-05,0,0.5
1783082151501694464,0.001,-0.678348,-0.678348,-0.67656,-2.69803e-05,0,0.5
1783082151502694400,0.001,-0.678348,-0.678348,-0.676563,-2.68448e-05,0,0.5
1783082151503694336,0.001,-0.678348,-0.678348,-0.676566,-2.67124e-05,0,0.5
1783082151504694272,0.001,0,0,-0.676566,-2.67098e-05,0,0.5
1783082151505694208,0.001,-0.678348,-0.678348,-0.67657,-2.65776e-05,0,0.5
1783082151506694144,0.001,0,0,-0.67657,-2.6575e-05,0,0.5
1783082151507694080,0.001,-0.678348,-0.678348,-0.676573,-2.64433e-05,0,0.5
1783082151508694016,0.001,0,0,-0.676573,-2.64407e-05,0,0.5
1783082151509693952,0.001,-0.678348,-0.678348,-0.676576,-2.63097e-05,0,0.5
1783082151510693888,0.001,-0.678348,-0.678348,-0.67658,-2.61817e-05,0,0.5
1783082151511693824,0.001,-0.678348,-0.678348,-0.676583,-2.60563e-05,0,0.5
1783082151512693760,0.001,0,0,-0.676583,-2.60537e-05,0,0.5
1783082151513693696,0.001,-0.678348,-0.678348,-0.676586,-2.59283e-05,0,0.5
1783082151514693632,0.001,0,0,-0.676586,-2.59257e-05,0,0.5
1783082151515693568,0.001,-0.678348,-0.678348,-0.676589,-2.58006e-05,0,0.5
1783082151516693504,0.001,0,0,-0.676589,-2.5798e-05,0,0.5
1783082151517693440,0.001,-0.678348,-0.678348,-0.676593,-2.56735e-05,0,0.5
1783082151518693376,0.001,0,0,-0.676593,-2.56708e-05,0,0.5
1783082151519693312,0.001,-0.678348,-0.678348,-0.676596,-2.5547e-05,0,0.5
1783082151520693248,0.001,0,0,-0.676596,-2.55444e-05,0,0.5
1783082151521693184,0.001,-0.678348,-0.678348,-0.676599,-2.54214e-05,0,0.5
1783082151522693120,0.001,0,0,-0.676599,-2.54188e-05,0,0.5
1783082151523693056,0.001,-0.678348,-0.678348,-0.676602,-2.52969e-05,0,0.5
1783082151524692992,0.001,0,0,-0.676602,-2.52943e-05,0,0.5
1783082151525692928,0.001,-0.678348,-0.678348,-0.676606,-2.51736e-05,0,0.5
1783082151526692864,0.001,0,0,-0.676606,-2.5171e-05,0,0.5
1783082151527692800,0.001,-0.678348,-0.678348,-0.676609,-2.50516e-05,0,0.5
1783082151528692736,0.001,-0.678348,-0.678348,-0.676612,-2.49353e-05,0,0.5
1783082151529692672,0.001,-0.678348,-0.678348,-0.676615,-2.48216e-05,0,0.5
1783082151530692608,0.001,0,0,-0.676615,-2.4819e-05,0,0.5
1783082151531692544,0.001,-0.678348,-0.678348,-0.676618,-2.47058e-05,0,0.5
1783082151532692480,0.001,0,0,-0.676618,-2.47032e-05,0,0.5
1783082151533692416,0.001,-0.678348,-0.678348,-0.676621,-2.45907e-05,0,0.5
1783082151534692352,0.001,0,0,-0.676621,-2.45881e-05,0,0.5
1783082151535692288,0.001,0,0,-0.676621,-2.45855e-05,0,0.5
1783082151536692224,0.001,0,0,-0.676622,-2.45829e-05,0,0.5
1783082151537692160,0.001,0,0,-0.676622,-2.45803e-05,0,0.5
1783082151538692096,0.001,0,0,-0.676622,-2.45777e-05,0,0.5
1783082151539692032,0.001,0,0,-0.676622,-2.4575e-05,0,0.5
1783082151540691968,0.001,0,0,-0.676622,-2.45724e-05,0,0.5
1783082151541691904,0.001,0,0,-0.676622,-2.45698e-05,0,0.5
1783082151542691840,0.001,0,0,-0.676622,-2.45672e-05,0,0.5
1783082151543691776,0.001,0,0,-0.676622,-2.45646e-05,0,0.5
1783082151544691712,0.001,0,0,-0.676622,-2.4562e-05,0,0.5
1783082151545691648,0.001,0,0,-0.676622,-2.45593e-05,0,0.5
1783082151546691584,0.001,0,0,-0.676622,-2.45567e-05,0,0.5
1783082151547691520,0.001,0,0,-0.676622,-2.45541e-05,0,0.5
1783082151548691456,0.001,0,0,-0.676622,-2.45515e-05,0,0.5
1783082151549691392,0.001,0,0,-0.676622,-2.45489e-05,0,0.5
1783082151550691328,0.001,0,0,-0.676622,-2.45462e-05,0,0.5
1783082151551691264,0.001,0,0,-0.676622,-2.45436e-05,0,0.5
1783082151552691200,0.001,0,0,-0.676622,-2.4541e-05,0,0.5
1783082151553691136,0.001,0,0,-0.676622,-2.45384e-05,0,0.5
1783082151554691072,0.001,0,0,-0.676622,-2.45358e-05,0,0.5
1783082151555691008,0.001,0,0,-0.676622,-2.45332e-05,0,0.5
1783082151556690944,0.001,0,0,-0.676622,-2.45305e-05,0,0.5
1783082151557690880,0.001,0,0,-0.676622,-2.45279e-05,0,0.5
1783082151558690816,0.001,0,0,-0.676622,-2.45253e-05,0,0.5
1783082151559690752,0.001,0,0,-0.676622,-2.45227e-05,0,0.5
1783082151560690688,0.001,0,0,-0.676622,-2.45201e-05,0,0.5
1783082151561690624,0.001,0,0,-0.676622,-2.45174e-05,0,0.5
1783082151562690560,0.001,0,0,-0.676622,-2.45148e-05,0,0.5
1783082151563690496,0.001,0,0,-0.676622,-2.45122e-05,0,0.5
1783082151564690432,0.001,0,0,-0.676622,-2.45096e-05,0,0.5
1783082151565690368,0.001,0,0,-0.676622,-2.4507e-05,0,0.5
1783082151566690304,0.001,0,0,-0.676622,-2.45044e-05,0,0.5
1783082151567690240,0.001,0,0,-0.676622,-2.45017e-05,0,0.5
1783082151568690176,0.001,0,0,-0.676622,-2.44991e-05,0,0.5
1783082151569690112,0.001,0,0,-0.676622,-2.44965e-05,0,0.5
1783082151570690048,0.001,0,0,-0.676622,-2.44939e-05,0,0.5
1783082151571689984,0.001,0,0,-0.676622,-2.44913e-05,0,0.5
1783082151572689920,0.001,0,0,-0.676622,-2.44887e-05,0,0.5
1783082151573689856,0.001,0,0,-0.676622,-2.4486e-05,0,0.5
1783082151574689792,0.001,0,0,-0.676623,-2.44834e-05,0,0.5
1783082151575689728,0.001,0,0,-0.676623,-2.44808e-05,0,0.5
1783082151576689664,0.001,0,0,-0.676623,-2.44782e-05,0,0.5
1783082151577689600,0.001,0,0,-0.676623,-2.44756e-05,0,0.5
1783082151578689536,0.001,0,0,-0.676623,-2.44729e-05,0,0.5
1783082151579689472,0.001,0,0,-0.676623,-2.44703e-05,0,0.5
1783082151580689408,0.001,0,0,-0.676623,-2.44677e-05,0,0.5
1783082151581689344,0.001,0,0,-0.676623,-2.44651e-05,0,0.5
1783082151582689280,0.001,0,0,-0.676623,-2.44625e-05,0,0.5
1783082151583689216,0.001,0,0,-0.676623,-2.44599e-05,0,0.5
1783082151584689152,0.001,0,0,-0.676623,-2.44572e-05,0,0.5
1783082151585689088,0.001,0,0,-0.676623,-2.44546e-05,0,0.5
1783082151586689024,0.001,0,0,-0.676623,-2.4452e-05,0,0.5
1783082151587688960,0.001,0,0,-0.676623,-2.44494e-05,0,0.5
1783082151588688896,0.001,0,0,-0.676623,-2.44468e-05,0,0.5
1783082151589688832,0.001,0,0,-0.676623,-2.44441e-05,0,0.5
1783082151590688768,0.001,0,0,-0.676623,-2.44415e-05,0,0.5
1783082151591688704,0.001,0,0,-0.676623,-2.44389e-05,0,0.5
1783082151592688640,0.001,0,0,-0.676623,-2.44363e-05,0,0.5
1783082151593688576,0.001,0,0,-0.676623,-2.44337e-05,0,0.5
1783082151594688512,0.001,0,0,-0.676623,-2.44311e-05,0,0.5
1783082151595688448,0.001,0,0,-0.676623,-2.44284e-05,0,0.5
1783082151596688384,0.001,0,0,-0.676623,-2.44258e-05,0,0.5
1783082151597688320,0.001,0,0,-0.676623,-2.44232e-05,0,0.5
1783082151598688256,0.001,0,0,-0.676623,-2.44206e-05,0,0.5
1783082151599688192,0.001,0,0,-0.676623,-2.4418e-05,0,0.5
1783082151600688128,0.001,0,0,-0.676623,-2.44154e-05,0,0.5
1783082151601688064,0.001,0,0,-0.676623,-2.44127e-05,0,0.5
1783082151602688000,0.001,0,0,-0.676623,-2.44101e-05,0,0.5
1783082151603687936,0.001,0,0,-0.676623,-2.44075e-05,0,0.5
1783082151604687872,0.001,0,0,-0.676623,-2.44049e-05,0,0.5
1783082151605687808,0.001,0,0,-0.676623,-2.44023e-05,0,0.5
1783082151606687744,0.001,0,0,-0.676623,-2.43996e-05,0,0.5
1783082151607687680,0.001,0,0,-0.676623,-2.4397e-05,0,0.5
1783082151608687616,0.001,0,0,-0.676623,-2.43944e-05,0,0.5
1783082151609687552,0.001,0,0,-0.676623,-2.43918e-05,0,0.5
1783082151610687488,0.001,0,0,-0.676623,-2.43892e-05,0,0.5
1783082151611687424,0.001,0,0,-0.676623,-2.43866e-05,0,0.5
1783082151612687360,0.001,0,0,-0.676623,-2.43839e-05,0,0.5
1783082151613687296,0.001,0,0,-0.676623,-2.43813e-05,0,0.5
1783082151614687232,0.001,-0.678348,-0.678348,-0.676627,-2.47901e-05,0,0.5
1783082151615687168,0.001,0,0,-0.676627,-2.47875e-05,0,0.5
1783082151616687104,0.001,-0.678348,-0.678348,-0.67663,-2.51589e-05,0,0.5
1783082151617687040,0.001,0,0,-0.67663,-2.51563e-05,0,0.5
1783082151618686976,0.001,-0.678348,-0.678348,-0.676633,-2.54952e-05,0,0.5
1783082151619686912,0.001,0,0,-0.676633,-2.54926e-05,0,0.5
1783082151620686848,0.001,-0.678348,-0.678348,-0.676636,-2.58026e-05,0,0.5
1783082151621686784,0.001,0,0,-0.676636,-2.58e-05,0,0.5
1783082151622686720,0.001,-0.678348,-0.678348,-0.67664,-2.6084e-05,0,0.5
1783082151623686656,0.001,-0.678348,-0.678348,-0.676643,-2.63372e-05,0,0.5
1783082151624686592,0.001,0,0,-0.676643,-2.63346e-05,0,0.5
1783082151625686528,0.001,-0.678348,-0.678348,-0.676646,-2.65668e-05,0,0.5
1783082151626686464,0.001,0,0,-0.676646,-2.65642e-05,0,0.5
1783082151627686400,0.001,-0.678348,-0.678348,-0.676649,-2.67772e-05,0,0.5
1783082151628686336,0.001,0,0,-0.676649,-2.67746e-05,0,0.5
1783082151629686272,0.001,-0.678348,-0.678348,-0.676652,-2.69695e-05,0,0.5
1783082151630686208,0.001,-0.678348,-0.678348,-0.676656,-2.71437e-05,0,0.5
1783082151631686144,0.001,0,0,-0.676656,-2.71411e-05,0,0.5
1783082151632686080,0.001,-0.678348,-0.678348,-0.676659,-2.72997e-05,0,0.5
1783082151633686016,0.001,0,0,-0.676659,-2.72971e-05,0,0.5
1783082151634685952,0.001,-0.678348,-0.678348,-0.676662,-2.74409e-05,0,0.5
1783082151635685888,0.001,0,0,-0.676662,-2.74383e-05,0,0.5
1783082151636685824,0.001,-0.678348,-0.678348,-0.676665,-2.7568e-05,0,0.5
1783082151637685760,0.001,0,0,-0.676665,-2.75654e-05,0,0.5
1783082151638685696,0.001,0,0,-0.676665,-2.75628e-05,0,0.5
1783082151639685632,0.001,-0.678348,-0.678348,-0.676668,-2.76811e-05,0,0.5
1783082151640685568,0.001,-0.678348,-0.678348,-0.676671,-2.77854e-05,0,0.5
1783082151641685504,0.001,0,0,-0.676671,-2.77828e-05,0,0.5
1783082151642685440,0.001,-0.678348,-0.678348,-0.676674,-2.78749e-05,0,0.5
1783082151643685376,0.001,0,0,-0.676674,-2.78723e-05,0,0.5
1783082151644685312,0.001,-0.678348,-0.678348,-0.676677,-2.79529e-05,0,0.5
1783082151645685248,0.001,-0.678348,-0.678348,-0.676681,-2.80222e-05,0,0.5
1783082151646685184,0.001,0,0,-0.676681,-2.80196e-05,0,0.5
1783082151647685120,0.001,-0.678348,-0.678348,-0.676684,-2.80781e-05,0,0.5
1783082151648685056,0.001,0,0,-0.676684,-2.80755e-05,0,0.5
1783082151649684992,0.001,-0.678348,-0.678348,-0.676687,-2.81237e-05,0,0.5
1783082151650684928,0.001,0,0,-0.676687,-2.81211e-05,0,0.5
1783082151651684864,0.001,-0.678348,-0.678348,-0.67669,-2.81594e-05,0,0.5
1783082151652684800,0.001,0,0,-0.67669,-2.81568e-05,0,0.5
1783082151653684736,0.001,-0.678348,-0.678348,-0.676693,-2.81857e-05,0,0.5
1783082151654684672,0.001,-0.678348,-0.678348,-0.676696,-2.82068e-05,0,0.5
1783082151655684608,0.001,0,0,-0.676696,-2.82042e-05,0,0.5
1783082151656684544,0.001,-0.678348,-0.678348,-0.676699,-2.82164e-05,0,0.5
1783082151657684480,0.001,0,0,-0.676699,-2.82138e-05,0,0.5
1783082151658684416,0.001,-0.678348,-0.678348,-0.676702,-2.82173e-05,0,0.5
1783082151659684352,0.001,-0.678348,-0.678348,-0.676705,-2.82147e-05,0,0.5
1783082151660684288,0.001,0,0,-0.676705,-2.82121e-05,0,0.5
1783082151661684224,0.001,-0.678348,-0.678348,-0.676708,-2.82012e-05,0,0.5
1783082151662684160,0.001,0,0,-0.676708,-2.81986e-05,0,0.5
1783082151663684096,0.001,-0.678348,-0.678348,-0.676711,-2.818e-05,0,0.5
1783082151664684032,0.001,0,0,-0.676711,-2.81774e-05,0,0.5
1783082151665683968,0.001,-0.678348,-0.678348,-0.676714,-2.81515e-05,0,0.5
1783082151666683904,0.001,0,0,-0.676714,-2.81488e-05,0,0.5
1783082151667683840,0.001,-0.678348,-0.678348,-0.676717,-2.81159e-05,0,0.5
1783082151668683776,0.001,0,0,-0.676717,-2.81133e-05,0,0.5
1783082151669683712,0.001,-0.678348,-0.678348,-0.67672,-2.80739e-05,0,0.5
1783082151670683648,0.001,0,0,-0.67672,-2.80713e-05,0,0.5
1783082151671683584,0.001,-0.678348,-0.678348,-0.676723,-2.80256e-05,0,0.5
1783082151672683520,0.001,0,0,-0.676723,-2.8023e-05,0,0.5
1783082151673683456,0.001,-0.678348,-0.678348,-0.676726,-2.79715e-05,0,0.5
1783082151674683392,0.001,-0.678348,-0.678348,-0.676729,-2.79172e-05,0,0.5
1783082151675683328,0.001,-0.678348,-0.678348,-0.676732,-2.78601e-05,0,0.5
1783082151676683264,0.001,0,0,-0.676732,-2.78575e-05,0,0.5
1783082151677683200,0.001,-0.678348,-0.678348,-0.676735,-2.77944e-05,0,0.5
1783082151678683136,0.001,0,0,-0.676735,-2.77918e-05,0,0.5
1783082151679683072,0.001,-0.678348,-0.678348,-0.676737,-2.77232e-05,0,0.5
1783082151680683008,0.001,0,0,-0.676737,-2.77206e-05,0,0.5
1783082151681682944,0.001,-0.678348,-0.678348,-0.67674,-2.76469e-05,0,0.5
1783082151682682880,0.001,-0.678348,-0.678348,-0.676743,-2.75715e-05,0,0.5
1783082151683682816,0.001,0,0,-0.676743,-2.75689e-05,0,0.5
1783082151684682752,0.001,-0.678348,-0.678348,-0.676746,-2.74885e-05,0,0.5
1783082151685682688,0.001,0,0,-0.676746,-2.74859e-05,0,0.5
1783082151686682624,0.001,-0.678348,-0.678348,-0.676749,-2.74009e-05,0,0.5
1783082151687682560,0.001,0,0,-0.676749,-2.73983e-05,0,0.5
1783082151688682496,0.001,-0.678348,-0.678348,-0.676752,-2.7309e-05,0,0.5
1783082151689682432,0.001,0,0,-0.676752,-2.73064e-05,0,0.5
1783082151690682368,0.001,-0.678348,-0.678348,-0.676755,-2.72133e-05,0,0.5
1783082151691682304,0.001,0,0,-0.676755,-2.72107e-05,0,0.5
1783082151692682240,0.001,-0.678348,-0.678348,-0.676758,-2.7114e-05,0,0.5
1783082151693682176,0.001,0,0,-0.676758,-2.71114e-05,0,0.5
1783082151694682112,0.001,-0.678348,-0.678348,-0.67676,-2.70115e-05,0,0.5
1783082151695682048,0.001,0,0,-0.67676,-2.70089e-05,0,0.5
1783082151696681984,0.001,-0.678348,-0.678348,-0.676763,-2.69061e-05,0,0.5
1783082151697681920,0.001,0,0,-0.676763,-2.69034e-05,0,0.5
1783082151698681856,0.001,-0.678348,-0.678348,-0.676766,-2.6798e-05,0,0.5
1783082151699681792,0.001,0,0,-0.676766,-2.67954e-05,0,0.5
1783082151700681728,0.001,-0.678348,-0.678348,-0.676769,-2.66876e-05,0,0.5
1783082151701681664,0.001,0,0,-0.676769,-2.6685e-05,0,0.5
1783082151702681600,0.001,-0.678348,-0.678348,-0.676772,-2.6575e-05,0,0.5
1783082151703681536,0.001,0,0,-0.676772,-2.65724e-05,0,0.5
1783082151704681472,0.001,-0.678348,-0.678348,-0.676775,-2.64606e-05,0,0.5
1783082151705681408,0.001,-0.678348,-0.678348,-0.676777,-2.63501e-05,0,0.5
1783082151706681344,0.001,-0.678348,-0.678348,-0.67678,-2.62406e-05,0,0.5
1783082151707681280,0.001,0,0,-0.67678,-2.6238e-05,0,0.5
1783082151708681216,0.001,-0.678348,-0.678348,-0.676783,-2.6126e-05,0,0.5
1783082151709681152,0.001,0,0,-0.676783,-2.61234e-05,0,0.5
1783082151710681088,0.001,-0.678348,-0.678348,-0.676786,-2.60093e-05,0,0.5
1783082151711681024,0.001,0,0,-0.676786,-2.60067e-05,0,0.5
1783082151712680960,0.001,-0.678348,-0.678348,-0.676789,-2.58908e-05,0,0.5
1783082151713680896,0.001,0,0,-0.676789,-2.58882e-05,0,0.5
1783082151714680832,0.001,-0.678348,-0.678348,-0.676791,-2.57708e-05,0,0.5
1783082151715680768,0.001,0,0,-0.676791,-2.57682e-05,0,0.5
1783082151716680704,0.001,-0.678348,-0.678348,-0.676794,-2.56494e-05,0,0.5
1783082151717680640,0.001,0,0,-0.676794,-2.56468e-05,0,0.5
1783082151718680576,0.001,-0.678348,-0.678348,-0.676797,-2.5527e-05,0,0.5
1783082151719680512,0.001,-0.678348,-0.678348,-0.676799,-2.54092e-05,0,0.5
1783082151720680448,0.001,0,0,-0.676799,-2.54066e-05,0,0.5
1783082151721680384,0.001,-0.678348,-0.678348,-0.676802,-2.52875e-05,0,0.5
1783082151722680320,0.001,0,0,-0.676802,-2.52849e-05,0,0.5
1783082151723680256,0.001,-0.678348,-0.678348,-0.676805,-2.51648e-05,0,0.5
1783082151724680192,0.001,-0.678348,-0.678348,-0.676808,-2.50467e-05,0,0.5
1783082151725680128,0.001,0,0,-0.676808,-2.50441e-05,0,0.5
1783082151726680064,0.001,-0.678348,-0.678348,-0.67681,-2.49248e-05,0,0.5
1783082151727680000,0.001,0,0,-0.67681,-2.49222e-05,0,0.5
1783082151728679936,0.001,0,0,-0.67681,-2.49196e-05,0,0.5
1783082151729679872,0.001,-0.678348,-0.678348,-0.676813,-2.47968e-05,0,0.5
1783082151730679808,0.001,0,0,-0.676813,-2.47942e-05,0,0.5
1783082151731679744,0.001,-0.678348,-0.678348,-0.676816,-2.46713e-05,0,0.5
1783082151732679680,0.001,0,0,-0.676816,-2.46687e-05,0,0.5
1783082151733679616,0.001,-0.678348,-0.678348,-0.676818,-2.4546e-05,0,0.5
1783082151734679552,0.001,0,0,-0.676818,-2.45434e-05,0,0.5
1783082151735679488,0.001,-0.678348,-0.678348,-0.676821,-2.44209e-05,0,0.5
1783082151736679424,0.001,0,0,-0.676821,-2.44182e-05,0,0.5
1783082151737679360,0.001,-0.678348,-0.678348,-0.676824,-2.42961e-05,0,0.5
1783082151738679296,0.001,-0.678348,-0.678348,-0.676826,-2.41768e-05,0,0.5
1783082151739679232,0.001,0,0,-0.676826,-2.41742e-05,0,0.5
1783082151740679168,0.001,-0.678348,-0.678348,-0.676829,-2.40549e-05,0,0.5
1783082151741679104,0.001,0,0,-0.676829,-2.40523e-05,0,0.5
1783082151742679040,0.001,-0.678348,-0.678348,-0.676832,-2.39332e-05,0,0.5
1783082151743678976,0.001,0,0,-0.676832,-2.39306e-05,0,0.5
1783082151744678912,0.001,-0.678348,-0.678348,-0.676834,-2.38119e-05,0,0.5
1783082151745678848,0.001,0,0,-0.676834,-2.38092e-05,0,0.5
1783082151746678784,0.001,-0.678348,-0.678348,-0.676837,-2.3691e-05,0,0.5
1783082151747678720,0.001,0,0,-0.676837,-2.36883e-05,0,0.5
1783082151748678656,0.001,-0.678348,-0.678348,-0.676839,-2.35707e-05,0,0.5
1783082151749678592,0.001,-0.678348,-0.678348,-0.676842,-2.34558e-05,0,0.5
1783082151750678528,0.001,0,0,-0.676842,-2.34532e-05,0,0.5
1783082151751678464,0.001,-0.678348,-0.678348,-0.676845,-2.33386e-05,0,0.5
1783082151752678400,0.001,0,0,-0.676845,-2.3336e-05,0,0.5
1783082151753678336,0.001,-0.678348,-0.678348,-0.676847,-2.32218e-05,0,0.5
1783082151754678272,0.001,0,0,-0.676847,-2.32192e-05,0,0.5
1783082151755678208,0.001,-0.678348,-0.678348,-0.67685,-2.31055e-05,0,0.5
1783082151756678144,0.001,0,0,-0.67685,-2.31029e-05,0,0.5
1783082151757678080,0.001,-0.678348,-0.678348,-0.676852,-2.29899e-05,0,0.5
1783082151758678016,0.001,0,0,-0.676852,-2.29873e-05,0,0.5
1783082151759677952,0.001,-0.678348,-0.678348,-0.676855,-2.28751e-05,0,0.5
1783082151760677888,0.001,0,0,-0.676855,-2.28725e-05,0,0.5
1783082151761677824,0.001,-0.678348,-0.678348,-0.676858,-2.27612e-05,0,0.5
1783082151762677760,0.001,0,0,-0.676858,-2.27585e-05,0,0.5
1783082151763677696,0.001,-0.678348,-0.678348,-0.67686,-2.26482e-05,0,0.5
1783082151764677632,0.001,0,0,-0.67686,-2.26456e-05,0,0.5
1783082151765677568,0.001,-0.678348,-0.678348,-0.676863,-2.25363e-05,0,0.5
1783082151766677504,0.001,-0.678348,-0.678348,-0.676865,-2.24298e-05,0,0.5
1783082151767677440,0.001,-0.678348,-0.678348,-0.676868,-2.23258e-05,0,0.5
1783082151768677376,0.001,0,0,-0.676868,-2.23231e-05,0,0.5
1783082151769677312,0.001,-0.678348,-0.678348,-0.67687,-2.22193e-05,0,0.5
1783082151770677248,0.001,0,0,-0.67687,-2.22167e-05,0,0.5
1783082151771677184,0.001,-0.678348,-0.678348,-0.676873,-2.21133e-05,0,0.5
1783082151772677120,0.001,0,0,-0.676873,-2.21107e-05,0,0.5
1783082151773677056,0.001,-0.678348,-0.678348,-0.676875,-2.20078e-05,0,0.5
1783082151774676992,0.001,0,0,-0.676875,-2.20052e-05,0,0.5
1783082151775676928,0.001,-0.678348,-0.678348,-0.676878,-2.19031e-05,0,0.5
1783082151776676864,0.001,0,0,-0.676878,-2.19004e-05,0,0.5
1783082151777676800,0.001,-0.678348,-0.678348,-0.67688,-2.17991e-05,0,0.5
1783082151778676736,0.001,-0.678348,-0.678348,-0.676883,-2.17002e-05,0,0.5
1783082151779676672,0.001,0,0,-0.676883,-2.16975e-05,0,0.5
1783082151780676608,0.001,0,0,-0.676883,-2.16949e-05,0,0.5
1783082151781676544,0.001,-0.678348,-0.678348,-0.676885,-2.1595e-05,0,0.5
1783082151782676480,0.001,0,0,-0.676885,-2.15923e-05,0,0.5
1783082151783676416,0.001,-0.678348,-0.678348,-0.676888,-2.14935e-05,0,0.5
1783082151784676352,0.001,0,0,-0.676888,-2.14909e-05,0,0.5
1783082151785676288,0.001,-0.678348,-0.678348,-0.67689,-2.13933e-05,0,0.5
1783082151786676224,0.001,0,0,-0.67689,-2.13907e-05,0,0.5
1783082151787676160,0.001,-0.678348,-0.678348,-0.676893,-2.12943e-05,0,0.5
1783082151788676096,0.001,0,0,-0.676893,-2.12916e-05,0,0.5
1783082151789676032,0.001,-0.678348,-0.678348,-0.676895,-2.11966e-05,0,0.5
1783082151790675968,0.001,0,0,-0.676895,-2.11939e-05,0,0.5
1783082151791675904,0.001,-0.678348,-0.678348,-0.676897,-2.11002e-05,0,0.5
1783082151792675840,0.001,-0.678348,-0.678348,-0.6769,-2.10089e-05,0,0.5
1783082151793675776,0.001,-0.678348,-0.678348,-0.676902,-2.09198e-05,0,0.5
1783082151794675712,0.001,0,0,-0.676902,-2.09171e-05,0,0.5
1783082151795675648,0.001,0,0,-0.676902,-2.09145e-05,0,0.5
1783082151796675584,0.001,0,0,-0.676902,-2.09118e-05,0,0.5
1783082151797675520,0.001,0,0,-0.676902,-2.09092e-05,0,0.5
1783082151798675456,0.001,0,0,-0.676902,-2.09065e-05,0,0.5
1783082151799675392,0.001,0,0,-0.676902,-2.09039e-05,0,0.5
1783082151800675328,0.001,0,0,-0.676902,-2.09012e-05,0,0.5
1783082151801675264,0.001,0,0,-0.676902,-2.08986e-05,0,0.5
1783082151802675200,0.001,0,0,-0.676902,-2.08959e-05,0,0.5
1783082151803675136,0.001,0,0,-0.676903,-2.08933e-05,0,0.5
1783082151804675072,0.001,0,0,-0.676903,-2.08906e-05,0,0.5
1783082151805675008,0.001,0,0,-0.676903,-2.0888e-05,0,0.5
1783082151806674944,0.001,0,0,-0.676903,-2.08853e-05,0,0.5
1783082151807674880,0.001,0,0,-0.676903,-2.08827e-05,0,0.5
1783082151808674816,0.001,0,0,-0.676903,-2.088e-05,0,0.5
1783082151809674752,0.001,0,0,-0.676903,-2.08774e-05,0,0.5
1783082151810674688,0.001,0,0,-0.676903,-2.08747e-05,0,0.5
1783082151811674624,0.001,0,0,-0.676903,-2.08721e-05,0,0.5
1783082151812674560,0.001,0,0,-0.676903,-2.08694e-05,0,0.5
1783082151813674496,0.001,0,0,-0.676903,-2.08668e-05,0,0.5
1783082151814674432,0.001,0,0,-0.676903,-2.08641e-05,0,0.5
1783082151815674368,0.001,0,0,-0.676903,-2.08615e-05,0,0.5
1783082151816674304,0.001,0,0,-0.676903,-2.08588e-05,0,0.5
1783082151817674240,0.001,0,0,-0.676903,-2.08562e-05,0,0.5
1783082151818674176,0.001,0,0,-0.676903,-2.08535e-05,0,0.5
1783082151819674112,0.001,0,0,-0.676903,-2.08509e-05,0,0.5
1783082151820674048,0.001,0,0,-0.676903,-2.08482e-05,0,0.5
1783082151821673984,0.001,0,0,-0.676903,-2.08456e-05,0,0.5
1783082151822673920,0.001,0,0,-0.676903,-2.08429e-05,0,0.5
1783082151823673856,0.001,0,0,-0.676903,-2.08403e-05,0,0.5
1783082151824673792,0.001,0,0,-0.676903,-2.08376e-05,0,0.5
1783082151825673728,0.001,0,0,-0.676903,-2.0835e-05,0,0.5
1783082151826673664,0.001,0,0,-0.676903,-2.08323e-05,0,0.5
1783082151827673600,0.001,0,0,-0.676903,-2.08297e-05,0,0.5
1783082151828673536,0.001,0,0,-0.676903,-2.0827e-05,0,0.5
1783082151829673472,0.001,0,0,-0.676903,-2.08244e-05,0,0.5
1783082151830673408,0.001,0,0,-0.676903,-2.08217e-05,0,0.5
1783082151831673344,0.001,0,0,-0.676903,-2.08191e-05,0,0.5
1783082151832673280,0.001,0,0,-0.676903,-2.08164e-05,0,0.5
1783082151833673216,0.001,0,0,-0.676903,-2.08138e-05,0,0.5
1783082151834673152,0.001,0,0,-0.676903,-2.08111e-05,0,0.5
1783082151835673088,0.001,0,0,-0.676903,-2.08085e-05,0,0.5
1783082151836673024,0.001,0,0,-0.676903,-2.08058e-05,0,0.5
1783082151837672960,0.001,0,0,-0.676903,-2.08032e-05,0,0.5
1783082151838672896,0.001,0,0,-0.676903,-2.08005e-05,0,0.5
1783082151839672832,0.001,0,0,-0.676903,-2.07979e-05,0,0.5
1783082151840672768,0.001,0,0,-0.676903,-2.07952e-05,0,0.5
1783082151841672704,0.001,0,0,-0.676903,-2.07926e-05,0,0.5
1783082151842672640,0.001,0,0,-0.676903,-2.07899e-05,0,0.5
1783082151843672576,0.001,0,0,-0.676903,-2.07873e-05,0,0.5
1783082151844672512,0.001,0,0,-0.676903,-2.07846e-05,0,0.5
1783082151845672448,0.001,0,0,-0.676903,-2.0782e-05,0,0.5
1783082151846672384,0.001,0,0,-0.676903,-2.07793e-05,0,0.5
1783082151847672320,0.001,0,0,-0.676903,-2.07767e-05,0,0.5
1783082151848672256,0.001,0,0,-0.676903,-2.0774e-05,0,0.5
1783082151849672192,0.001,0,0,-0.676903,-2.07714e-05,0,0.5
1783082151850672128,0.001,0,0,-0.676903,-2.07687e-05,0,0.5
1783082151851672064,0.001,0,0,-0.676903,-2.07661e-05,0,0.5
1783082151852672000,0.001,0,0,-0.676904,-2.07634e-05,0,0.5
1783082151853671936,0.001,0,0,-0.676904,-2.07608e-05,0,0.5
1783082151854671872,0.001,0,0,-0.676904,-2.07582e-05,0,0.5
1783082151855671808,0.001,0,0,-0.676904,-2.07555e-05,0,0.5
1783082151856671744,0.001,0,0,-0.676904,-2.07529e-05,0,0.5
1783082151857671680,0.001,0,0,-0.676904,-2.07502e-05,0,0.5
1783082151858671616,0.001,0,0,-0.676904,-2.07475e-05,0,0.5
1783082151859671552,0.001,0,0,-0.676904,-2.07449e-05,0,0.5
1783082151860671488,0.001,0,0,-0.676904,-2.07423e-05,0,0.5
1783082151861671424,0.001,0,0,-0.676904,-2.07396e-05,0,0.5
1783082151862671360,0.001,0,0,-0.676904,-2.0737e-05,0,0.5
1783082151863671296,0.001,0,0,-0.676904,-2.07343e-05,0,0.5
1783082151864671232,0.001,0,0,-0.676904,-2.07317e-05,0,0.5
1783082151865671168,0.001,0,0,-0.676904,-2.0729e-05,0,0.5
1783082151866671104,0.001,0,0,-0.676904,-2.07264e-05,0,0.5
1783082151867671040,0.001,0,0,-0.676904,-2.07237e-05,0,0.5
1783082151868670976,0.001,0,0,-0.676904,-2.07211e-05,0,0.5
1783082151869670912,0.001,-0.678348,-0.678348,-0.676906,-2.10089e-05,0,0.5
1783082151870670848,0.001,-0.678348,-0.678348,-0.676909,-2.12633e-05,0,0.5
1783082151871670784,0.001,0,0,-0.676909,-2.12607e-05,0,0.5
1783082151872670720,0.001,-0.678348,-0.678348,-0.676911,-2.14953e-05,0,0.5
1783082151873670656,0.001,0,0,-0.676911,-2.14927e-05,0,0.5
1783082151874670592,0.001,-0.678348,-0.678348,-0.676914,-2.17094e-05,0,0.5
1783082151875670528,0.001,0,0,-0.676914,-2.17067e-05,0,0.5
1783082151876670464,0.001,-0.678348,-0.678348,-0.676916,-2.19069e-05,0,0.5
1783082151877670400,0.001,0,0,-0.676916,-2.19042e-05,0,0.5
1783082151878670336,0.001,-0.678348,-0.678348,-0.676919,-2.20891e-05,0,0.5
1783082151879670272,0.001,0,0,-0.676919,-2.20865e-05,0,0.5
1783082151880670208,0.001,-0.678348,-0.678348,-0.676921,-2.22571e-05,0,0.5
1783082151881670144,0.001,0,0,-0.676921,-2.22544e-05,0,0.5
1783082151882670080,0.001,-0.678348,-0.678348,-0.676924,-2.24117e-05,0,0.5
1783082151883670016,0.001,-0.678348,-0.678348,-0.676926,-2.25526e-05,0,0.5
1783082151884669952,0.001,0,0,-0.676926,-2.255e-05,0,0.5
1783082151885669888,0.001,-0.678348,-0.678348,-0.676929,-2.26792e-05,0,0.5
1783082151886669824,0.001,0,0,-0.676929,-2.26765e-05,0,0.5
1783082151887669760,0.001,-0.678348,-0.678348,-0.676931,-2.27946e-05,0,0.5
1783082151888669696,0.001,0,0,-0.676931,-2.27919e-05,0,0.5
1783082151889669632,0.001,-0.678348,-0.678348,-0.676933,-2.28993e-05,0,0.5
1783082151890669568,0.001,-0.678348,-0.678348,-0.676936,-2.29949e-05,0,0.5
1783082151891669504,0.001,0,0,-0.676936,-2.29923e-05,0,0.5
1783082151892669440,0.001,-0.678348,-0.678348,-0.676938,-2.3078e-05,0,0.5
1783082151893669376,0.001,0,0,-0.676938,-2.30754e-05,0,0.5
1783082151894669312,0.001,-0.678348,-0.678348,-0.676941,-2.31518e-05,0,0.5
1783082151895669248,0.001,-0.678348,-0.678348,-0.676943,-2.32187e-05,0,0.5
1783082151896669184,0.001,0,0,-0.676943,-2.3216e-05,0,0.5
1783082151897669120,0.001,-0.678348,-0.678348,-0.676945,-2.32741e-05,0,0.5
1783082151898669056,0.001,0,0,-0.676945,-2.32715e-05,0,0.5
1783082151899668992,0.001,-0.678348,-0.678348,-0.676948,-2.33212e-05,0,0.5
1783082151900668928,0.001,-0.678348,-0.678348,-0.67695,-2.33631e-05,0,0.5
1783082151901668864,0.001,-0.678348,-0.678348,-0.676952,-2.33978e-05,0,0.5
1783082151902668800,0.001,0,0,-0.676952,-2.33952e-05,0,0.5
1783082151903668736,0.001,-0.678348,-0.678348,-0.676955,-2.34219e-05,0,0.5
1783082151904668672,0.001,0,0,-0.676955,-2.34193e-05,0,0.5
1783082151905668608,0.001,-0.678348,-0.678348,-0.676957,-2.34385e-05,0,0.5
1783082151906668544,0.001,0,0,-0.676957,-2.34358e-05,0,0.5
1783082151907668480,0.001,-0.678348,-0.678348,-0.67696,-2.34478e-05,0,0.5
1783082151908668416,0.001,-0.678348,-0.678348,-0.676962,-2.34544e-05,0,0.5
1783082151909668352,0.001,-0.678348,-0.678348,-0.676964,-2.34557e-05,0,0.5
1783082151910668288,0.001,0,0,-0.676964,-2.34531e-05,0,0.5
1783082151911668224,0.001,-0.678348,-0.678348,-0.676967,-2.34474e-05,0,0.5
1783082151912668160,0.001,0,0,-0.676967,-2.34448e-05,0,0.5
1783082151913668096,0.001,-0.678348,-0.678348,-0.676969,-2.34326e-05,0,0.5
1783082151914668032,0.001,0,0,-0.676969,-2.343e-05,0,0.5
1783082151915667968,0.001,-0.678348,-0.678348,-0.676971,-2.34117e-05,0,0.5
1783082151916667904,0.001,0,0,-0.676971,-2.3409e-05,0,0.5
1783082151917667840,0.001,-0.678348,-0.678348,-0.676974,-2.33849e-05,0,0.5
1783082151918667776,0.001,0,0,-0.676974,-2.33822e-05,0,0.5
1783082151919667712,0.001,-0.678348,-0.678348,-0.676976,-2.33526e-05,0,0.5
1783082151920667648,0.001,0,0,-0.676976,-2.33499e-05,0,0.5
1783082151921667584,0.001,-0.678348,-0.678348,-0.676978,-2.33151e-05,0,0.5
1783082151922667520,0.001,0,0,-0.676978,-2.33125e-05,0,0.5
1783082151923667456,0.001,-0.678348,-0.678348,-0.67698,-2.32728e-05,0,0.5
1783082151924667392,0.001,0,0,-0.67698,-2.32701e-05,0,0.5
1783082151925667328,0.001,-0.678348,-0.678348,-0.676983,-2.32259e-05,0,0.5
1783082151926667264,0.001,0,0,-0.676983,-2.32232e-05,0,0.5
1783082151927667200,0.001,-0.678348,-0.678348,-0.676985,-2.31747e-05,0,0.5
1783082151928667136,0.001,0,0,-0.676985,-2.31721e-05,0,0.5
1783082151929667072,0.001,-0.678348,-0.678348,-0.676987,-2.31195e-05,0,0.5
1783082151930667008,0.001,0,0,-0.676987,-2.31169e-05,0,0.5
1783082151931666944,0.001,-0.678348,-0.678348,-0.67699,-2.30606e-05,0,0.5
1783082151932666880,0.001,0,0,-0.67699,-2.30579e-05,0,0.5
1783082151933666816,0.001,-0.678348,-0.678348,-0.676992,-2.29981e-05,0,0.5
1783082151934666752,0.001,-0.678348,-0.678348,-0.676994,-2.29373e-05,0,0.5
1783082151935666688,0.001,0,0,-0.676994,-2.29347e-05,0,0.5
1783082151936666624,0.001,0,0,-0.676994,-2.2932e-05,0,0.5
1783082151937666560,0.001,-0.678348,-0.678348,-0.676996,-2.28654e-05,0,0.5
1783082151938666496,0.001,-0.678348,-0.678348,-0.676999,-2.27983e-05,0,0.5
1783082151939666432,0.001,-0.678348,-0.678348,-0.677001,-2.27305e-05,0,0.5
1783082151940666368,0.001,-0.678348,-0.678348,-0.677003,-2.2662e-05,0,0.5
1783082151941666304,0.001,0,0,-0.677003,-2.26594e-05,0,0.5
1783082151942666240,0.001,-0.678348,-0.678348,-0.677005,-2.25873e-05,0,0.5
1783082151943666176,0.001,-0.678348,-0.678348,-0.677007,-2.25147e-05,0,0.5
1783082151944666112,0.001,0,0,-0.677007,-2.25121e-05,0,0.5
1783082151945666048,0.001,-0.678348,-0.678348,-0.67701,-2.2436e-05,0,0.5
1783082151946665984,0.001,0,0,-0.67701,-2.24333e-05,0,0.5
1783082151947665920,0.001,-0.678348,-0.678348,-0.677012,-2.23541e-05,0,0.5
1783082151948665856,0.001,-0.678348,-0.678348,-0.677014,-2.22748e-05,0,0.5
1783082151949665792,0.001,-0.678348,-0.678348,-0.677016,-2.21953e-05,0,0.5
1783082151950665728,0.001,-0.678348,-0.678348,-0.677018,-2.21154e-05,0,0.5
1783082151951665664,0.001,0,0,-0.677018,-2.21127e-05,0,0.5
1783082151952665600,0.001,-0.678348,-0.678348,-0.677021,-2.20294e-05,0,0.5
1783082151953665536,0.001,0,0,-0.677021,-2.20267e-05,0,0.5
1783082151954665472,0.001,-0.678348,-0.678348,-0.677023,-2.19404e-05,0,0.5
1783082151955665408,0.001,0,0,-0.677023,-2.19377e-05,0,0.5
1783082151956665344,0.001,-0.678348,-0.678348,-0.677025,-2.18487e-05,0,0.5
1783082151957665280,0.001,0,0,-0.677025,-2.1846e-05,0,0.5
1783082151958665216,0.001,-0.678348,-0.678348,-0.677027,-2.17546e-05,0,0.5
1783082151959665152,0.001,0,0,-0.677027,-2.1752e-05,0,0.5
1783082151960665088,0.001,-0.678348,-0.678348,-0.677029,-2.16586e-05,0,0.5
1783082151961665024,0.001,0,0,-0.677029,-2.16559e-05,0,0.5
1783082151962664960,0.001,-0.678348,-0.678348,-0.677031,-2.15608e-05,0,0.5
1783082151963664896,0.001,-0.678348,-0.678348,-0.677034,-2.14667e-05,0,0.5
1783082151964664832,0.001,-0.678348,-0.678348,-0.677036,-2.13736e-05,0,0.5
1783082151965664768,0.001,0,0,-0.677036,-2.13709e-05,0,0.5
1783082151966664704,0.001,-0.678348,-0.678348,-0.677038,-2.12758e-05,0,0.5
1783082151967664640,0.001,0,0,-0.677038,-2.12731e-05,0,0.5
1783082151968664576,0.001,-0.678348,-0.678348,-0.67704,-2.11763e-05,0,0.5
1783082151969664512,0.001,0,0,-0.67704,-2.11737e-05,0,0.5
1783082151970664448,0.001,-0.678348,-0.678348,-0.677042,-2.10755e-05,0,0.5
1783082151971664384,0.001,-0.678348,-0.678348,-0.677044,-2.09787e-05,0,0.5
1783082151972664320,0.001,0,0,-0.677044,-2.0976e-05,0,0.5
1783082151973664256,0.001,-0.678348,-0.678348,-0.677046,-2.08778e-05,0,0.5
1783082151974664192,0.001,0,0,-0.677046,-2.08751e-05,0,0.5
1783082151975664128,0.001,-0.678348,-0.678348,-0.677048,-2.07758e-05,0,0.5
1783082151976664064,0.001,0,0,-0.677048,-2.07732e-05,0,0.5
1783082151977664000,0.001,-0.678348,-0.678348,-0.677051,-2.0673e-05,0,0.5
1783082151978663936,0.001,0,0,-0.677051,-2.06704e-05,0,0.5
1783082151979663872,0.001,-0.678348,-0.678348,-0.677053,-2.05696e-05,0,0.5
1783082151980663808,0.001,-0.678348,-0.678348,-0.677055,-2.04707e-05,0,0.5
1783082151981663744,0.001,0,0,-0.677055,-2.0468e-05,0,0.5
1783082151982663680,0.001,-0.678348,-0.678348,-0.677057,-2.03684e-05,0,0.5
1783082151983663616,0.001,0,0,-0.677057,-2.03658e-05,0,0.5
1783082151984663552,0.001,-0.678348,-0.678348,-0.677059,-2.02657e-05,0,0.5
1783082151985663488,0.001,0,0,-0.677059,-2.02631e-05,0,0.5
1783082151986663424,0.001,-0.678348,-0.678348,-0.677061,-2.01627e-05,0,0.5
1783082151987663360,0.001,0,0,-0.677061,-2.01601e-05,0,0.5
1783082151988663296,0.001,-0.678348,-0.678348,-0.677063,-2.00597e-05,0,0.5
1783082151989663232,0.001,-0.678348,-0.678348,-0.677065,-1.99615e-05,0,0.5
1783082151990663168,0.001,-0.678348,-0.678348,-0.677067,-1.98651e-05,0,0.5
1783082151991663104,0.001,-0.678348,-0.678348,-0.677069,-1.97705e-05,0,0.5
1783082151992663040,0.001,-0.678348,-0.678348,-0.677071,-1.96772e-05,0,0.5
1783082151993662976,0.001,0,0,-0.677071,-1.96745e-05,0,0.5
1783082151994662912,0.001,-0.678348,-0.678348,-0.677073,-1.95803e-05,0,0.5
1783082151995662848,0.001,0,0,-0.677073,-1.95776e-05,0,0.5
1783082151996662784,0.001,-0.678348,-0.678348,-0.677075,-1.94826e-05,0,0.5
1783082151997662720,0.001,0,0,-0.677075,-1.948e-05,0,0.5
1783082151998662656,0.001,-0.678348,-0.678348,-0.677077,-1.93846e-05,0,0.5
1783082151999662592,0.001,0,0,-0.677077,-1.93819e-05,0,0.5
1783082152000662528,0.001,0,0,-0.677077,-1.93792e-05,0,0.5
1783082152001662464,0.001,-0.678348,-0.678348,-0.677079,-1.92817e-05,0,0.5
1783082152002662400,0.001,0,0,-0.677079,-1.92791e-05,0,0.5
1783082152003662336,0.001,-0.678348,-0.678348,-0.677081,-1.9182e-05,0,0.5
1783082152004662272,0.001,-0.678348,-0.678348,-0.677083,-1.90873e-05,0,0.5
1783082152005662208,0.001,0,0,-0.677083,-1.90847e-05,0,0.5
1783082152006662144,0.001,-0.678348,-0.678348,-0.677085,-1.89903e-05,0,0.5
1783082152007662080,0.001,0,0,-0.677085,-1.89876e-05,0,0.5
1783082152008662016,0.001,-0.678348,-0.678348,-0.677087,-1.88936e-05,0,0.5
1783082152009661952,0.001,-0.678348,-0.678348,-0.677089,-1.88019e-05,0,0.5
1783082152010661888,0.001,-0.678348,-0.678348,-0.677091,-1.87121e-05,0,0.5
1783082152011661824,0.001,-0.678348,-0.678348,-0.677093,-1.86241e-05,0,0.5
1783082152012661760,0.001,-0.678348,-0.678348,-0.677095,-1.85376e-05,0,0.5
1783082152013661696,0.001,0,0,-0.677095,-1.85349e-05,0,0.5
1783082152014661632,0.001,-0.678348,-0.678348,-0.677097,-1.84479e-05,0,0.5
1783082152015661568,0.001,-0.678348,-0.678348,-0.677099,-1.83624e-05,0,0.5
1783082152016661504,0.001,0,0,-0.677099,-1.83598e-05,0,0.5
1783082152017661440,0.001,-0.678348,-0.678348,-0.677101,-1.82738e-05,0,0.5
1783082152018661376,0.001,0,0,-0.677101,-1.82711e-05,0,0.5
1783082152019661312,0.001,-0.678348,-0.678348,-0.677103,-1.81849e-05,0,0.5
1783082152020661248,0.001,0,0,-0.677103,-1.81823e-05,0,0.5
1783082152021661184,0.001,-0.678348,-0.678348,-0.677105,-1.80961e-05,0,0.5
1783082152022661120,0.001,0,0,-0.677105,-1.80934e-05,0,0.5
1783082152023661056,0.001,-0.678348,-0.678348,-0.677107,-1.80074e-05,0,0.5
1783082152024660992,0.001,0,0,-0.677107,-1.80047e-05,0,0.5
1783082152025660928,0.001,-0.678348,-0.678348,-0.677109,-1.79191e-05,0,0.5
1783082152026660864,0.001,0,0,-0.677109,-1.79165e-05,0,0.5
1783082152027660800,0.001,-0.678348,-0.678348,-0.677111,-1.78314e-05,0,0.5
1783082152028660736,0.001,0,0,-0.677111,-1.78288e-05,0,0.5
1783082152029660672,0.001,-0.678348,-0.678348,-0.677113,-1.77444e-05,0,0.5
1783082152030660608,0.001,-0.678348,-0.678348,-0.677115,-1.76622e-05,0,0.5
1783082152031660544,0.001,0,0,-0.677115,-1.76595e-05,0,0.5
1783082152032660480,0.001,-0.678348,-0.678348,-0.677117,-1.75778e-05,0,0.5
1783082152033660416,0.001,-0.678348,-0.678348,-0.677119,-1.7498e-05,0,0.5
1783082152034660352,0.001,-0.678348,-0.678348,-0.67712,-1.74199e-05,0,0.5
1783082152035660288,0.001,0,0,-0.67712,-1.74172e-05,0,0.5
1783082152036660224,0.001,-0.678348,-0.678348,-0.677122,-1.73393e-05,0,0.5
1783082152037660160,0.001,0,0,-0.677122,-1.73366e-05,0,0.5
1783082152038660096,0.001,0,0,-0.677122,-1.73339e-05,0,0.5
1783082152039660032,0.001,0,0,-0.677122,-1.73312e-05,0,0.5
1783082152040659968,0.001,0,0,-0.677122,-1.73286e-05,0,0.5
1783082152041659904,0.001,0,0,-0.677122,-1.73259e-05,0,0.5
1783082152042659840,0.001,0,0,-0.677122,-1.73232e-05,0,0.5
1783082152043659776,0.001,0,0,-0.677122,-1.73205e-05,0,0.5
1783082152044659712,0.001,0,0,-0.677122,-1.73179e-05,0,0.5
1783082152045659648,0.001,0,0,-0.677123,-1.73152e-05,0,0.5
1783082152046659584,0.001,0,0,-0.677123,-1.73125e-05,0,0.5
1783082152047659520,0.001,0,0,-0.677123,-1.73098e-05,0,0.5
1783082152048659456,0.001,0,0,-0.677123,-1.73071e-05,0,0.5
1783082152049659392,0.001,0,0,-0.677123,-1.73045e-05,0,0.5
1783082152050659328,0.001,0,0,-0.677123,-1.73018e-05,0,0.5
1783082152051659264,0.001,0,0,-0.677123,-1.72991e-05,0,0.5
1783082152052659200,0.001,0,0,-0.677123,-1.72964e-05,0,0.5
1783082152053659136,0.001,0,0,-0.677123,-1.72938e-05,0,0.5
1783082152054659072,0.001,0,0,-0.677123,-1.72911e-05,0,0.5
1783082152055659008,0.001,0,0,-0.677123,-1.72884e-05,0,0.5
1783082152056658944,0.001,0,0,-0.677123,-1.72857e-05,0,0.5
1783082152057658880,0.001,0,0,-0.677123,-1.72831e-05,0,0.5
1783082152058658816,0.001,0,0,-0.677123,-1.72804e-05,0,0.5
1783082152059658752,0.001,0,0,-0.677123,-1.72777e-05,0,0.5
1783082152060658688,0.001,0,0,-0.677123,-1.7275e-05,0,0.5
1783082152061658624,0.001,0,0,-0.677123,-1.72723e-05,0,0.5
1783082152062658560,0.001,0,0,-0.677123,-1.72697e-05,0,0.5
1783082152063658496,0.001,0,0,-0.677123,-1.7267e-05,0,0.5
1783082152064658432,0.001,0,0,-0.677123,-1.72643e-05,0,0.5
1783082152065658368,0.001,0,0,-0.677123,-1.72616e-05,0,0.5
1783082152066658304,0.001,0,0,-0.677123,-1.7259e-05,0,0.5
1783082152067658240,0.001,0,0,-0.677123,-1.72563e-05,0,0.5
1783082152068658176,0.001,0,0,-0.677123,-1.72536e-05,0,0.5
1783082152069658112,0.001,0,0,-0.677123,-1.72509e-05,0,0.5
1783082152070658048,0.001,0,0,-0.677123,-1.72482e-05,0,0.5
1783082152071657984,0.001,0,0,-0.677123,-1.72456e-05,0,0.5
1783082152072657920,0.001,0,0,-0.677123,-1.72429e-05,0,0.5
1783082152073657856,0.001,0,0,-0.677123,-1.72402e-05,0,0.5
1783082152074657792,0.001,0,0,-0.677123,-1.72375e-05,0,0.5
1783082152075657728,0.001,0,0,-0.677123,-1.72349e-05,0,0.5
1783082152076657664,0.001,0,0,-0.677123,-1.72322e-05,0,0.5
1783082152077657600,0.001,0,0,-0.677123,-1.72295e-05,0,0.5
1783082152078657536,0.001,0,0,-0.677123,-1.72268e-05,0,0.5
1783082152079657472,0.001,0,0,-0.677123,-1.72242e-05,0,0.5
1783082152080657408,0.001,0,0,-0.677123,-1.72215e-05,0,0.5
1783082152081657344,0.001,0,0,-0.677123,-1.72188e-05,0,0.5
1783082152082657280,0.001,0,0,-0.677123,-1.72161e-05,0,0.5
1783082152083657216,0.001,0,0,-0.677123,-1.72134e-05,0,0.5
1783082152084657152,0.001,0,0,-0.677123,-1.72108e-05,0,0.5
1783082152085657088,0.001,0,0,-0.677123,-1.72081e-05,0,0.5
1783082152086657024,0.001,0,0,-0.677123,-1.72054e-05,0,0.5
1783082152087656960,0.001,0,0,-0.677123,-1.72027e-05,0,0.5
1783082152088656896,0.001,0,0,-0.677123,-1.72001e-05,0,0.5
1783082152089656832,0.001,0,0,-0.677123,-1.71974e-05,0,0.5
1783082152090656768,0.001,0,0,-0.677123,-1.71947e-05,0,0.5
1783082152091656704,0.001,0,0,-0.677123,-1.7192e-05,0,0.5
1783082152092656640,0.001,0,0,-0.677123,-1.71893e-05,0,0.5
1783082152093656576,0.001,0,0,-0.677123,-1.71867e-05,0,0.5
1783082152094656512,0.001,0,0,-0.677123,-1.7184e-05,0,0.5
1783082152095656448,0.001,0,0,-0.677123,-1.71813e-05,0,0.5
1783082152096656384,0.001,0,0,-0.677123,-1.71786e-05,0,0.5
1783082152097656320,0.001,0,0,-0.677123,-1.7176e-05,0,0.5
1783082152098656256,0.001,0,0,-0.677123,-1.71733e-05,0,0.5
1783082152099656192,0.001,0,0,-0.677123,-1.71706e-05,0,0.5
1783082152100656128,0.001,0,0,-0.677123,-1.71679e-05,0,0.5
1783082152101656064,0.001,0,0,-0.677123,-1.71653e-05,0,0.5
1783082152102656000,0.001,0,0,-0.677123,-1.71626e-05,0,0.5
1783082152103655936,0.001,0,0,-0.677123,-1.71599e-05,0,0.5
1783082152104655872,0.001,0,0,-0.677124,-1.71572e-05,0,0.5
1783082152105655808,0.001,0,0,-0.677124,-1.71545e-05,0,0.5
1783082152106655744,0.001,0,0,-0.677124,-1.71519e-05,0,0.5
1783082152107655680,0.001,0,0,-0.677124,-1.71492e-05,0,0.5
1783082152108655616,0.001,0,0,-0.677124,-1.71465e-05,0,0.5
1783082152109655552,0.001,0,0,-0.677124,-1.71438e-05,0,0.5
1783082152110655488,0.001,0,0,-0.677124,-1.71412e-05,0,0.5
1783082152111655424,0.001,0,0,-0.677124,-1.71385e-05,0,0.5
1783082152112655360,0.001,0,0,-0.677124,-1.71358e-05,0,0.5
1783082152113655296,0.001,0,0,-0.677124,-1.71331e-05,0,0.5
1783082152114655232,0.001,0,0,-0.677124,-1.71304e-05,0,0.5
1783082152115655168,0.001,0,0,-0.677124,-1.71278e-05,0,0.5
1783082152116655104,0.001,0,0,-0.677124,-1.71251e-05,0,0.5
1783082152117655040,0.001,0,0,-0.677124,-1.71224e-05,0,0.5
1783082152118654976,0.001,-0.678348,-0.678348,-0.677126,-1.74153e-05,0,0.5
1783082152119654912,0.001,0,0,-0.677126,-1.74126e-05,0,0.5
1783082152120654848,0.001,-0.678348,-0.678348,-0.677128,-1.76798e-05,0,0.5
1783082152121654784,0.001,-0.678348,-0.678348,-0.67713,-1.79165e-05,0,0.5
1783082152122654720,0.001,0,0,-0.67713,-1.79138e-05,0,0.5
1783082152123654656,0.001,-0.678348,-0.678348,-0.677132,-1.81314e-05,0,0.5
1783082152124654592,0.001,0,0,-0.677132,-1.81288e-05,0,0.5
1783082152125654528,0.001,-0.678348,-0.678348,-0.677134,-1.83292e-05,0,0.5
1783082152126654464,0.001,-0.678348,-0.678348,-0.677135,-1.85086e-05,0,0.5
1783082152127654400,0.001,0,0,-0.677136,-1.8506e-05,0,0.5
1783082152128654336,0.001,-0.678348,-0.678348,-0.677137,-1.86715e-05,0,0.5
1783082152129654272,0.001,0,0,-0.677137,-1.86688e-05,0,0.5
1783082152130654208,0.001,-0.678348,-0.678348,-0.677139,-1.88214e-05,0,0.5
1783082152131654144,0.001,0,0,-0.677139,-1.88187e-05,0,0.5
1783082152132654080,0.001,-0.678348,-0.678348,-0.677141,-1.89592e-05,0,0.5
1783082152133654016,0.001,-0.678348,-0.678348,-0.677143,-1.90854e-05,0,0.5
1783082152134653952,0.001,0,0,-0.677143,-1.90827e-05,0,0.5
1783082152135653888,0.001,-0.678348,-0.678348,-0.677145,-1.91984e-05,0,0.5
1783082152136653824,0.001,0,0,-0.677145,-1.91957e-05,0,0.5
1783082152137653760,0.001,-0.678348,-0.678348,-0.677147,-1.93013e-05,0,0.5
1783082152138653696,0.001,0,0,-0.677147,-1.92987e-05,0,0.5
1783082152139653632,0.001,-0.678348,-0.678348,-0.677149,-1.93947e-05,0,0.5
1783082152140653568,0.001,0,0,-0.677149,-1.93921e-05,0,0.5
1783082152141653504,0.001,-0.678348,-0.678348,-0.677151,-1.94791e-05,0,0.5
1783082152142653440,0.001,-0.678348,-0.678348,-0.677153,-1.95565e-05,0,0.5
1783082152143653376,0.001,0,0,-0.677153,-1.95538e-05,0,0.5
1783082152144653312,0.001,-0.678348,-0.678348,-0.677155,-1.96228e-05,0,0.5
1783082152145653248,0.001,0,0,-0.677155,-1.96202e-05,0,0.5
1783082152146653184,0.001,-0.678348,-0.678348,-0.677157,-1.96812e-05,0,0.5
1783082152147653120,0.001,0,0,-0.677157,-1.96786e-05,0,0.5
1783082152148653056,0.001,-0.678348,-0.678348,-0.677158,-1.9732e-05,0,0.5
1783082152149652992,0.001,0,0,-0.677158,-1.97293e-05,0,0.5
1783082152150652928,0.001,-0.678348,-0.678348,-0.67716,-1.97754e-05,0,0.5
1783082152151652864,0.001,0,0,-0.67716,-1.97727e-05,0,0.5
1783082152152652800,0.001,-0.678348,-0.678348,-0.677162,-1.98118e-05,0,0.5
1783082152153652736,0.001,0,0,-0.677162,-1.98092e-05,0,0.5
1783082152154652672,0.001,-0.678348,-0.678348,-0.677164,-1.98416e-05,0,0.5
1783082152155652608,0.001,0,0,-0.677164,-1.98389e-05,0,0.5
1783082152156652544,0.001,-0.678348,-0.678348,-0.677166,-1.98649e-05,0,0.5
1783082152157652480,0.001,-0.678348,-0.678348,-0.677168,-1.98855e-05,0,0.5
1783082152158652416,0.001,0,0,-0.677168,-1.98828e-05,0,0.5
1783082152159652352,0.001,-0.678348,-0.678348,-0.67717,-1.98973e-05,0,0.5
1783082152160652288,0.001,0,0,-0.67717,-1.98946e-05,0,0.5
1783082152161652224,0.001,-0.678348,-0.678348,-0.677172,-1.99032e-05,0,0.5
1783082152162652160,0.001,-0.678348,-0.678348,-0.677173,-1.99073e-05,0,0.5
1783082152163652096,0.001,0,0,-0.677173,-1.99047e-05,0,0.5
1783082152164652032,0.001,-0.678348,-0.678348,-0.677175,-1.99032e-05,0,0.5
1783082152165651968,0.001,0,0,-0.677175,-1.99006e-05,0,0.5
1783082152166651904,0.001,-0.678348,-0.678348,-0.677177,-1.98938e-05,0,0.5
1783082152167651840,0.001,0,0,-0.677177,-1.98911e-05,0,0.5
1783082152168651776,0.001,-0.678348,-0.678348,-0.677179,-1.98792e-05,0,0.5
1783082152169651712,0.001,0,0,-0.677179,-1.98765e-05,0,0.5
1783082152170651648,0.001,-0.678348,-0.678348,-0.677181,-1.98599e-05,0,0.5
1783082152171651584,0.001,0,0,-0.677181,-1.98572e-05,0,0.5
1783082152172651520,0.001,-0.678348,-0.678348,-0.677183,-1.9836e-05,0,0.5
1783082152173651456,0.001,0,0,-0.677183,-1.98333e-05,0,0.5
1783082152174651392,0.001,-0.678348,-0.678348,-0.677184,-1.98078e-05,0,0.5
1783082152175651328,0.001,0,0,-0.677185,-1.98051e-05,0,0.5
1783082152176651264,0.001,-0.678348,-0.678348,-0.677186,-1.97755e-05,0,0.5
1783082152177651200,0.001,0,0,-0.677186,-1.97728e-05,0,0.5
1783082152178651136,0.001,-0.678348,-0.678348,-0.677188,-1.97394e-05,0,0.5
1783082152179651072,0.001,0,0,-0.677188,-1.97368e-05,0,0.5
1783082152180651008,0.001,-0.678348,-0.678348,-0.67719,-1.96997e-05,0,0.5
1783082152181650944,0.001,-0.678348,-0.678348,-0.677192,-1.96611e-05,0,0.5
1783082152182650880,0.001,0,0,-0.677192,-1.96584e-05,0,0.5
1783082152183650816,0.001,-0.678348,-0.678348,-0.677194,-1.96162e-05,0,0.5
1783082152184650752,0.001,0,0,-0.677194,-1.96136e-05,0,0.5
1783082152185650688,0.001,-0.678348,-0.678348,-0.677195,-1.9568e-05,0,0.5
1783082152186650624,0.001,0,0,-0.677195,-1.95653e-05,0,0.5
1783082152187650560,0.001,-0.678348,-0.678348,-0.677197,-1.95166e-05,0,0.5
1783082152188650496,0.001,-0.678348,-0.678348,-0.677199,-1.9467e-05,0,0.5
1783082152189650432,0.001,-0.678348,-0.678348,-0.677201,-1.94164e-05,0,0.5
1783082152190650368,0.001,0,0,-0.677201,-1.94137e-05,0,0.5
1783082152191650304,0.001,-0.678348,-0.678348,-0.677203,-1.93598e-05,0,0.5
1783082152192650240,0.001,0,0,-0.677203,-1.93571e-05,0,0.5
1783082152193650176,0.001,-0.678348,-0.678348,-0.677204,-1.93001e-05,0,0.5
1783082152194650112,0.001,-0.678348,-0.678348,-0.677206,-1.92425e-05,0,0.5
1783082152195650048,0.001,-0.678348,-0.678348,-0.677208,-1.91843e-05,0,0.5
1783082152196649984,0.001,-0.678348,-0.678348,-0.67721,-1.91252e-05,0,0.5
1783082152197649920,0.001,0,0,-0.67721,-1.91226e-05,0,0.5
1783082152198649856,0.001,-0.678348,-0.678348,-0.677211,-1.90602e-05,0,0.5
1783082152199649792,0.001,0,0,-0.677211,-1.90576e-05,0,0.5
1783082152200649728,0.001,-0.678348,-0.678348,-0.677213,-1.89923e-05,0,0.5
1783082152201649664,0.001,0,0,-0.677213,-1.89896e-05,0,0.5
1783082152202649600,0.001,-0.678348,-0.678348,-0.677215,-1.89216e-05,0,0.5
1783082152203649536,0.001,0,0,-0.677215,-1.89189e-05,0,0.5
1783082152204649472,0.001,-0.678348,-0.678348,-0.677217,-1.88485e-05,0,0.5
1783082152205649408,0.001,0,0,-0.677217,-1.88459e-05,0,0.5
1783082152206649344,0.001,-0.678348,-0.678348,-0.677218,-1.87734e-05,0,0.5
1783082152207649280,0.001,0,0,-0.677218,-1.87707e-05,0,0.5
1783082152208649216,0.001,-0.678348,-0.678348,-0.67722,-1.86963e-05,0,0.5
1783082152209649152,0.001,0,0,-0.67722,-1.86937e-05,0,0.5
1783082152210649088,0.001,-0.678348,-0.678348,-0.677222,-1.86176e-05,0,0.5
1783082152211649024,0.001,0,0,-0.677222,-1.8615e-05,0,0.5
1783082152212648960,0.001,-0.678348,-0.678348,-0.677224,-1.85375e-05,0,0.5
1783082152213648896,0.001,-0.678348,-0.678348,-0.677225,-1.8461e-05,0,0.5
1783082152214648832,0.001,-0.678348,-0.678348,-0.677227,-1.83851e-05,0,0.5
1783082152215648768,0.001,-0.678348,-0.678348,-0.677229,-1.83098e-05,0,0.5
1783082152216648704,0.001,-0.678348,-0.678348,-0.67723,-1.8235e-05,0,0.5
1783082152217648640,0.001,0,0,-0.67723,-1.82323e-05,0,0.5
1783082152218648576,0.001,-0.678348,-0.678348,-0.677232,-1.81553e-05,0,0.5
1783082152219648512,0.001,0,0,-0.677232,-1.81527e-05,0,0.5
1783082152220648448,0.001,-0.678348,-0.678348,-0.677234,-1.80739e-05,0,0.5
1783082152221648384,0.001,-0.678348,-0.678348,-0.677235,-1.79959e-05,0,0.5
1783082152222648320,0.001,0,0,-0.677235,-1.79932e-05,0,0.5
1783082152223648256,0.001,-0.678348,-0.678348,-0.677237,-1.79135e-05,0,0.5
1783082152224648192,0.001,0,0,-0.677237,-1.79108e-05,0,0.5
1783082152225648128,0.001,-0.678348,-0.678348,-0.677239,-1.78296e-05,0,0.5
1783082152226648064,0.001,0,0,-0.677239,-1.7827e-05,0,0.5
1783082152227648000,0.001,-0.678348,-0.678348,-0.677241,-1.77446e-05,0,0.5
1783082152228647936,0.001,0,0,-0.677241,-1.7742e-05,0,0.5
1783082152229647872,0.001,-0.678348,-0.678348,-0.677242,-1.76587e-05,0,0.5
1783082152230647808,0.001,0,0,-0.677242,-1.7656e-05,0,0.5
1783082152231647744,0.001,-0.678348,-0.678348,-0.677244,-1.75721e-05,0,0.5
1783082152232647680,0.001,0,0,-0.677244,-1.75694e-05,0,0.5
1783082152233647616,0.001,0,0,-0.677244,-1.75667e-05,0,0.5
1783082152234647552,0.001,-0.678348,-0.678348,-0.677246,-1.74804e-05,0,0.5
1783082152235647488,0.001,-0.678348,-0.678348,-0.677247,-1.7396e-05,0,0.5
1783082152236647424,0.001,0,0,-0.677247,-1.73933e-05,0,0.5
1783082152237647360,0.001,-0.678348,-0.678348,-0.677249,-1.73087e-05,0,0.5
1783082152238647296,0.001,0,0,-0.677249,-1.73061e-05,0,0.5
1783082152239647232,0.001,-0.678348,-0.678348,-0.677251,-1.72214e-05,0,0.5
1783082152240647168,0.001,0,0,-0.677251,-1.72188e-05,0,0.5
1783082152241647104,0.001,-0.678348,-0.678348,-0.677252,-1.71343e-05,0,0.5
1783082152242647040,0.001,0,0,-0.677252,-1.71316e-05,0,0.5
1783082152243646976,0.001,-0.678348,-0.678348,-0.677254,-1.70473e-05,0,0.5
1783082152244646912,0.001,-0.678348,-0.678348,-0.677256,-1.6965e-05,0,0.5
1783082152245646848,0.001,0,0,-0.677256,-1.69623e-05,0,0.5
1783082152246646784,0.001,-0.678348,-0.678348,-0.677257,-1.68801e-05,0,0.5
1783082152247646720,0.001,0,0,-0.677257,-1.68774e-05,0,0.5
1783082152248646656,0.001,-0.678348,-0.678348,-0.677259,-1.67954e-05,0,0.5
1783082152249646592,0.001,0,0,-0.677259,-1.67927e-05,0,0.5
1783082152250646528,0.001,-0.678348,-0.678348,-0.67726,-1.6711e-05,0,0.5
1783082152251646464,0.001,0,0,-0.677261,-1.67083e-05,0,0.5
1783082152252646400,0.001,-0.678348,-0.678348,-0.677262,-1.6627e-05,0,0.5
1783082152253646336,0.001,0,0,-0.677262,-1.66243e-05,0,0.5
1783082152254646272,0.001,-0.678348,-0.678348,-0.677264,-1.65436e-05,0,0.5
1783082152255646208,0.001,0,0,-0.677264,-1.65409e-05,0,0.5
1783082152256646144,0.001,-0.678348,-0.678348,-0.677265,-1.64609e-05,0,0.5
1783082152257646080,0.001,0,0,-0.677265,-1.64582e-05,0,0.5
1783082152258646016,0.001,-0.678348,-0.678348,-0.677267,-1.63788e-05,0,0.5
1783082152259645952,0.001,0,0,-0.677267,-1.63761e-05,0,0.5
1783082152260645888,0.001,-0.678348,-0.678348,-0.677269,-1.62975e-05,0,0.5
1783082152261645824,0.001,0,0,-0.677269,-1.62949e-05,0,0.5
1783082152262645760,0.001,-0.678348,-0.678348,-0.67727,-1.62171e-05,0,0.5
1783082152263645696,0.001,-0.678348,-0.678348,-0.677272,-1.61415e-05,0,0.5
1783082152264645632,0.001,0,0,-0.677272,-1.61388e-05,0,0.5
1783082152265645568,0.001,-0.678348,-0.678348,-0.677273,-1.60638e-05,0,0.5
1783082152266645504,0.001,0,0,-0.677273,-1.60611e-05,0,0.5
1783082152267645440,0.001,-0.678348,-0.678348,-0.677275,-1.59867e-05,0,0.5
1783082152268645376,0.001,0,0,-0.677275,-1.5984e-05,0,0.5
1783082152269645312,0.001,-0.678348,-0.678348,-0.677277,-1.59104e-05,0,0.5
1783082152270645248,0.001,-0.678348,-0.678348,-0.677278,-1.58386e-05,0,0.5
1783082152271645184,0.001,-0.678348,-0.678348,-0.67728,-1.57686e-05,0,0.5
1783082152272645120,0.001,-0.678348,-0.678348,-0.677281,-1.57e-05,0,0.5
1783082152273645056,0.001,0,0,-0.677281,-1.56973e-05,0,0.5
1783082152274644992,0.001,-0.678348,-0.678348,-0.677283,-1.56287e-05,0,0.5
1783082152275644928,0.001,-0.678348,-0.678348,-0.677285,-1.55614e-05,0,0.5
1783082152276644864,0.001,-0.678348,-0.678348,-0.677286,-1.54954e-05,0,0.5
1783082152277644800,0.001,-0.678348,-0.678348,-0.677288,-1.54303e-05,0,0.5
1783082152278644736,0.001,-0.678348,-0.678348,-0.677289,-1.53662e-05,0,0.5
1783082152279644672,0.001,-0.678348,-0.678348,-0.677291,-1.53029e-05,0,0.5
1783082152280644608,0.001,0,0,-0.677291,-1.53002e-05,0,0.5
1783082152281644544,0.001,0,0,-0.677291,-1.52975e-05,0,0.5
1783082152282644480,0.001,0,0,-0.677291,-1.52948e-05,0,0.5
1783082152283644416,0.001,0,0,-0.677291,-1.52921e-05,0,0.5
1783082152284644352,0.001,0,0,-0.677291,-1.52895e-05,0,0.5
1783082152285644288,0.001,0,0,-0.677291,-1.52868e-05,0,0.5
1783082152286644224,0.001,0,0,-0.677291,-1.52841e-05,0,0.5
1783082152287644160,0.001,0,0,-0.677291,-1.52814e-05,0,0.5
1783082152288644096,0.001,0,0,-0.677291,-1.52787e-05,0,0.5
1783082152289644032,0.001,0,0,-0.677291,-1.5276e-05,0,0.5
1783082152290643968,0.001,0,0,-0.677291,-1.52733e-05,0,0.5
1783082152291643904,0.001,0,0,-0.677291,-1.52706e-05,0,0.5
1783082152292643840,0.001,0,0,-0.677291,-1.52679e-05,0,0.5
1783082152293643776,0.001,0,0,-0.677291,-1.52652e-05,0,0.5
1783082152294643712,0.001,0,0,-0.677291,-1.52625e-05,0,0.5
1783082152295643648,0.001,0,0,-0.677291,-1.52598e-05,0,0.5
1783082152296643584,0.001,0,0,-0.677291,-1.52571e-05,0,0.5
1783082152297643520,0.001,0,0,-0.677291,-1.52544e-05,0,0.5
1783082152298643456,0.001,0,0,-0.677291,-1.52517e-05,0,0.5
1783082152299643392,0.001,0,0,-0.677291,-1.5249e-05,0,0.5
1783082152300643328,0.001,0,0,-0.677291,-1.52463e-05,0,0.5
1783082152301643264,0.001,0,0,-0.677291,-1.52437e-05,0,0.5
1783082152302643200,0.001,0,0,-0.677291,-1.5241e-05,0,0.5
1783082152303643136,0.001,0,0,-0.677291,-1.52383e-05,0,0.5
1783082152304643072,0.001,0,0,-0.677291,-1.52356e-05,0,0.5
1783082152305643008,0.001,0,0,-0.677291,-1.52329e-05,0,0.5
1783082152306642944,0.001,0,0,-0.677291,-1.52302e-05,0,0.5
1783082152307642880,0.001,0,0,-0.677291,-1.52275e-05,0,0.5
1783082152308642816,0.001,0,0,-0.677291,-1.52248e-05,0,0.5
1783082152309642752,0.001,0,0,-0.677291,-1.52221e-05,0,0.5
1783082152310642688,0.001,0,0,-0.677291,-1.52194e-05,0,0.5
1783082152311642624,0.001,0,0,-0.677291,-1.52167e-05,0,0.5
1783082152312642560,0.001,0,0,-0.677291,-1.5214e-05,0,0.5
1783082152313642496,0.001,0,0,-0.677291,-1.52113e-05,0,0.5
1783082152314642432,0.001,0,0,-0.677291,-1.52086e-05,0,0.5
1783082152315642368,0.001,0,0,-0.677291,-1.52059e-05,0,0.5
1783082152316642304,0.001,0,0,-0.677291,-1.52032e-05,0,0.5
1783082152317642240,0.001,0,0,-0.677291,-1.52005e-05,0,0.5
1783082152318642176,0.001,0,0,-0.677291,-1.51979e-05,0,0.5
1783082152319642112,0.001,0,0,-0.677291,-1.51952e-05,0,0.5
1783082152320642048,0.001,0,0,-0.677291,-1.51925e-05,0,0.5
1783082152321641984,0.001,0,0,-0.677291,-1.51898e-05,0,0.5
1783082152322641920,0.001,0,0,-0.677291,-1.51871e-05,0,0.5
1783082152323641856,0.001,0,0,-0.677291,-1.51844e-05,0,0.5
1783082152324641792,0.001,0,0,-0.677291,-1.51817e-05,0,0.5
1783082152325641728,0.001,0,0,-0.677291,-1.5179e-05,0,0.5
1783082152326641664,0.001,0,0,-0.677291,-1.51763e-05,0,0.5
1783082152327641600,0.001,0,0,-0.677292,-1.51736e-05,0,0.5
1783082152328641536,0.001,0,0,-0.677292,-1.51709e-05,0,0.5
1783082152329641472,0.001,0,0,-0.677292,-1.51682e-05,0,0.5
1783082152330641408,0.001,0,0,-0.677292,-1.51655e-05,0,0.5
1783082152331641344,0.001,0,0,-0.677292,-1.51628e-05,0,0.5
1783082152332641280,0.001,0,0,-0.677292,-1.51601e-05,0,0.5
1783082152333641216,0.001,0,0,-0.677292,-1.51574e-05,0,0.5
1783082152334641152,0.001,0,0,-0.677292,-1.51548e-05,0,0.5
1783082152335641088,0.001,0,0,-0.677292,-1.51521e-05,0,0.5
1783082152336641024,0.001,0,0,-0.677292,-1.51494e-05,0,0.5
1783082152337640960,0.001,0,0,-0.677292,-1.51467e-05,0,0.5
1783082152338640896,0.001,0,0,-0.677292,-1.5144e-05,0,0.5
1783082152339640832,0.001,0,0,-0.677292,-1.51413e-05,0,0.5
1783082152340640768,0.001,0,0,-0.677292,-1.51386e-05,0,0.5
1783082152341640704,0.001,0,0,-0.677292,-1.51359e-05,0,0.5
1783082152342640640,0.001,0,0,-0.677292,-1.51332e-05,0,0.5
1783082152343640576,0.001,0,0,-0.677292,-1.51305e-05,0,0.5
1783082152344640512,0.001,0,0,-0.677292,-1.51278e-05,0,0.5
1783082152345640448,0.001,0,0,-0.677292,-1.51251e-05,0,0.5
1783082152346640384,0.001,0,0,-0.677292,-1.51224e-05,0,0.5
1783082152347640320,0.001,0,0,-0.677292,-1.51197e-05,0,0.5
1783082152348640256,0.001,0,0,-0.677292,-1.5117e-05,0,0.5
1783082152349640192,0.001,0,0,-0.677292,-1.51143e-05,0,0.5
1783082152350640128,0.001,0,0,-0.677292,-1.51116e-05,0,0.5
1783082152351640064,0.001,0,0,-0.677292,-1.5109e-05,0,0.5
1783082152352640000,0.001,0,0,-0.677292,-1.51063e-05,0,0.5
1783082152353639936,0.001,0,0,-0.677292,-1.51036e-05,0,0.5
1783082152354639872,0.001,0,0,-0.677292,-1.51009e-05,0,0.5
1783082152355639808,0.001,0,0,-0.677292,-1.50982e-05,0,0.5
1783082152356639744,0.001,0,0,-0.677292,-1.50955e-05,0,0.5
1783082152357639680,0.001,0,0,-0.677292,-1.50928e-05,0,0.5
1783082152358639616,0.001,0,0,-0.677292,-1.50901e-05,0,0.5
1783082152359639552,0.001,-0.678348,-0.678348,-0.677294,-1.52992e-05,0,0.5
1783082152360639488,0.001,0,0,-0.677294,-1.52965e-05,0,0.5
1783082152361639424,0.001,-0.678348,-0.678348,-0.677295,-1.54891e-05,0,0.5
1783082152362639360,0.001,0,0,-0.677295,-1.54864e-05,0,0.5
1783082152363639296,0.001,-0.678348,-0.678348,-0.677297,-1.56642e-05,0,0.5
1783082152364639232,0.001,0,0,-0.677297,-1.56615e-05,0,0.5
1783082152365639168,0.001,-0.678348,-0.678348,-0.677298,-1.5826e-05,0,0.5
1783082152366639104,0.001,0,0,-0.677298,-1.58233e-05,0,0.5
1783082152367639040,0.001,-0.678348,-0.678348,-0.6773,-1.59755e-05,0,0.5
1783082152368638976,0.001,0,0,-0.6773,-1.59728e-05,0,0.5
1783082152369638912,0.001,-0.678348,-0.678348,-0.677302,-1.61137e-05,0,0.5
1783082152370638848,0.001,0,0,-0.677302,-1.6111e-05,0,0.5
1783082152371638784,0.001,-0.678348,-0.678348,-0.677303,-1.62413e-05,0,0.5
1783082152372638720,0.001,0,0,-0.677303,-1.62386e-05,0,0.5
1783082152373638656,0.001,-0.678348,-0.678348,-0.677305,-1.63591e-05,0,0.5
1783082152374638592,0.001,0,0,-0.677305,-1.63564e-05,0,0.5
1783082152375638528,0.001,-0.678348,-0.678348,-0.677306,-1.64675e-05,0,0.5
1783082152376638464,0.001,-0.678348,-0.678348,-0.677308,-1.65674e-05,0,0.5
1783082152377638400,0.001,-0.678348,-0.678348,-0.67731,-1.66571e-05,0,0.5
1783082152378638336,0.001,-0.678348,-0.678348,-0.677311,-1.67375e-05,0,0.5
1783082152379638272,0.001,-0.678348,-0.678348,-0.677313,-1.68093e-05,0,0.5
1783082152380638208,0.001,-0.678348,-0.678348,-0.677314,-1.68733e-05,0,0.5
1783082152381638144,0.001,0,0,-0.677314,-1.68706e-05,0,0.5
1783082152382638080,0.001,-0.678348,-0.678348,-0.677316,-1.69276e-05,0,0.5
1783082152383638016,0.001,0,0,-0.677316,-1.69249e-05,0,0.5
1783082152384637952,0.001,-0.678348,-0.678348,-0.677317,-1.69752e-05,0,0.5
1783082152385637888,0.001,0,0,-0.677317,-1.69725e-05,0,0.5
1783082152386637824,0.001,-0.678348,-0.678348,-0.677319,-1.70165e-05,0,0.5
1783082152387637760,0.001,0,0,-0.677319,-1.70138e-05,0,0.5
1783082152388637696,0.001,-0.678348,-0.678348,-0.67732,-1.70517e-05,0,0.5
1783082152389637632,0.001,0,0,-0.67732,-1.7049e-05,0,0.5
1783082152390637568,0.001,-0.678348,-0.678348,-0.677322,-1.70811e-05,0,0.5
1783082152391637504,0.001,-0.678348,-0.678348,-0.677324,-1.7108e-05,0,0.5
1783082152392637440,0.001,0,0,-0.677324,-1.71053e-05,0,0.5
1783082152393637376,0.001,-0.678348,-0.678348,-0.677325,-1.71266e-05,0,0.5
1783082152394637312,0.001,0,0,-0.677325,-1.71239e-05,0,0.5
1783082152395637248,0.001,-0.678348,-0.678348,-0.677327,-1.71399e-05,0,0.5
1783082152396637184,0.001,0,0,-0.677327,-1.71372e-05,0,0.5
1783082152397637120,0.001,-0.678348,-0.678348,-0.677328,-1.71481e-05,0,0.5
1783082152398637056,0.001,-0.678348,-0.678348,-0.67733,-1.71551e-05,0,0.5
1783082152399636992,0.001,0,0,-0.67733,-1.71525e-05,0,0.5
1783082152400636928,0.001,-0.678348,-0.678348,-0.677331,-1.71546e-05,0,0.5
1783082152401636864,0.001,0,0,-0.677331,-1.71519e-05,0,0.5
1783082152402636800,0.001,-0.678348,-0.678348,-0.677333,-1.71494e-05,0,0.5
1783082152403636736,0.001,0,0,-0.677333,-1.71467e-05,0,0.5
1783082152404636672,0.001,-0.678348,-0.678348,-0.677334,-1.71398e-05,0,0.5
1783082152405636608,0.001,0,0,-0.677334,-1.71371e-05,0,0.5
1783082152406636544,0.001,-0.678348,-0.678348,-0.677336,-1.71261e-05,0,0.5
1783082152407636480,0.001,0,0,-0.677336,-1.71234e-05,0,0.5
1783082152408636416,0.001,-0.678348,-0.678348,-0.677337,-1.71084e-05,0,0.5
1783082152409636352,0.001,0,0,-0.677337,-1.71057e-05,0,0.5
1783082152410636288,0.001,-0.678348,-0.678348,-0.677339,-1.70869e-05,0,0.5
1783082152411636224,0.001,-0.678348,-0.678348,-0.67734,-1.70661e-05,0,0.5
1783082152412636160,0.001,0,0,-0.67734,-1.70634e-05,0,0.5
1783082152413636096,0.001,-0.678348,-0.678348,-0.677342,-1.70388e-05,0,0.5
1783082152414636032,0.001,-0.678348,-0.678348,-0.677343,-1.70124e-05,0,0.5
1783082152415635968,0.001,-0.678348,-0.678348,-0.677345,-1.69841e-05,0,0.5
1783082152416635904,0.001,0,0,-0.677345,-1.69815e-05,0,0.5
1783082152417635840,0.001,-0.678348,-0.678348,-0.677346,-1.69495e-05,0,0.5
1783082152418635776,0.001,-0.678348,-0.678348,-0.677348,-1.69159e-05,0,0.5
1783082152419635712,0.001,-0.678348,-0.678348,-0.677349,-1.68808e-05,0,0.5
1783082152420635648,0.001,-0.678348,-0.678348,-0.677351,-1.6844e-05,0,0.5
1783082152421635584,0.001,0,0,-0.677351,-1.68413e-05,0,0.5
1783082152422635520,0.001,-0.678348,-0.678348,-0.677352,-1.68008e-05,0,0.5
1783082152423635456,0.001,-0.678348,-0.678348,-0.677354,-1.6759e-05,0,0.5
1783082152424635392,0.001,-0.678348,-0.678348,-0.677355,-1.67159e-05,0,0.5
1783082152425635328,0.001,0,0,-0.677355,-1.67132e-05,0,0.5
1783082152426635264,0.001,-0.678348,-0.678348,-0.677357,-1.66665e-05,0,0.5
1783082152427635200,0.001,0,0,-0.677357,-1.66638e-05,0,0.5
1783082152428635136,0.001,-0.678348,-0.678348,-0.677358,-1.66138e-05,0,0.5
1783082152429635072,0.001,0,0,-0.677358,-1.66111e-05,0,0.5
1783082152430635008,0.001,-0.678348,-0.678348,-0.67736,-1.65582e-05,0,0.5
1783082152431634944,0.001,0,0,-0.67736,-1.65555e-05,0,0.5
1783082152432634880,0.001,-0.678348,-0.678348,-0.677361,-1.64998e-05,0,0.5
1783082152433634816,0.001,0,0,-0.677361,-1.64971e-05,0,0.5
1783082152434634752,0.001,-0.678348,-0.678348,-0.677362,-1.64391e-05,0,0.5
1783082152435634688,0.001,-0.678348,-0.678348,-0.677364,-1.6381e-05,0,0.5
1783082152436634624,0.001,0,0,-0.677364,-1.63783e-05,0,0.5
1783082152437634560,0.001,-0.678348,-0.678348,-0.677365,-1.63179e-05,0,0.5
1783082152438634496,0.001,0,0,-0.677365,-1.63152e-05,0,0.5
1783082152439634432,0.001,-0.678348,-0.678348,-0.677367,-1.62527e-05,0,0.5
1783082152440634368,0.001,0,0,-0.677367,-1.625e-05,0,0.5
1783082152441634304,0.001,-0.678348,-0.678348,-0.677368,-1.61858e-05,0,0.5
1783082152442634240,0.001,-0.678348,-0.678348,-0.67737,-1.6122e-05,0,0.5
1783082152443634176,0.001,0,0,-0.67737,-1.61193e-05,0,0.5
1783082152444634112,0.001,-0.678348,-0.678348,-0.677371,-1.60537e-05,0,0.5
1783082152445634048,0.001,0,0,-0.677371,-1.6051e-05,0,0.5
1783082152446633984,0.001,-0.678348,-0.678348,-0.677373,-1.59839e-05,0,0.5
1783082152447633920,0.001,-0.678348,-0.678348,-0.677374,-1.59174e-05,0,0.5
1783082152448633856,0.001,-0.678348,-0.678348,-0.677375,-1.58515e-05,0,0.5
1783082152449633792,0.001,-0.678348,-0.678348,-0.677377,-1.57859e-05,0,0.5
1783082152450633728,0.001,-0.678348,-0.678348,-0.677378,-1.57207e-05,0,0.5
1783082152451633664,0.001,0,0,-0.677378,-1.5718e-05,0,0.5
1783082152452633600,0.001,-0.678348,-0.678348,-0.67738,-1.56508e-05,0,0.5
1783082152453633536,0.001,0,0,-0.67738,-1.56481e-05,0,0.5
1783082152454633472,0.001,-0.678348,-0.678348,-0.677381,-1.55793e-05,0,0.5
1783082152455633408,0.001,0,0,-0.677381,-1.55766e-05,0,0.5
1783082152456633344,0.001,-0.678348,-0.678348,-0.677382,-1.55064e-05,0,0.5
1783082152457633280,0.001,-0.678348,-0.678348,-0.677384,-1.5437e-05,0,0.5
1783082152458633216,0.001,0,0,-0.677384,-1.54343e-05,0,0.5
1783082152459633152,0.001,-0.678348,-0.678348,-0.677385,-1.53635e-05,0,0.5
1783082152460633088,0.001,0,0,-0.677385,-1.53609e-05,0,0.5
1783082152461633024,0.001,-0.678348,-0.678348,-0.677387,-1.52891e-05,0,0.5
1783082152462632960,0.001,-0.678348,-0.678348,-0.677388,-1.52183e-05,0,0.5
1783082152463632896,0.001,0,0,-0.677388,-1.52156e-05,0,0.5
1783082152464632832,0.001,-0.678348,-0.678348,-0.677389,-1.51438e-05,0,0.5
1783082152465632768,0.001,0,0,-0.677389,-1.51411e-05,0,0.5
1783082152466632704,0.001,-0.678348,-0.678348,-0.677391,-1.50686e-05,0,0.5
1783082152467632640,0.001,0,0,-0.677391,-1.50659e-05,0,0.5
1783082152468632576,0.001,-0.678348,-0.678348,-0.677392,-1.49927e-05,0,0.5
1783082152469632512,0.001,0,0,-0.677392,-1.499e-05,0,0.5
1783082152470632448,0.001,-0.678348,-0.678348,-0.677394,-1.49165e-05,0,0.5
1783082152471632384,0.001,0,0,-0.677394,-1.49138e-05,0,0.5
1783082152472632320,0.001,-0.678348,-0.678348,-0.677395,-1.48401e-05,0,0.5
1783082152473632256,0.001,-0.678348,-0.678348,-0.677396,-1.47679e-05,0,0.5
1783082152474632192,0.001,-0.678348,-0.678348,-0.677398,-1.46971e-05,0,0.5
1783082152475632128,0.001,-0.678348,-0.678348,-0.677399,-1.46274e-05,0,0.5
1783082152476632064,0.001,-0.678348,-0.678348,-0.6774,-1.45587e-05,0,0.5
1783082152477632000,0.001,0,0,-0.6774,-1.4556e-05,0,0.5
1783082152478631936,0.001,-0.678348,-0.678348,-0.677402,-1.44866e-05,0,0.5
1783082152479631872,0.001,0,0,-0.677402,-1.44839e-05,0,0.5
1783082152480631808,0.001,-0.678348,-0.678348,-0.677403,-1.44138e-05,0,0.5
1783082152481631744,0.001,0,0,-0.677403,-1.44111e-05,0,0.5
1783082152482631680,0.001,0,0,-0.677403,-1.44084e-05,0,0.5
1783082152483631616,0.001,-0.678348,-0.678348,-0.677404,-1.43366e-05,0,0.5
1783082152484631552,0.001,0,0,-0.677405,-1.43339e-05,0,0.5
1783082152485631488,0.001,-0.678348,-0.678348,-0.677406,-1.42622e-05,0,0.5
1783082152486631424,0.001,-0.678348,-0.678348,-0.677407,-1.41921e-05,0,0.5
1783082152487631360,0.001,0,0,-0.677407,-1.41894e-05,0,0.5
1783082152488631296,0.001,-0.678348,-0.678348,-0.677409,-1.41195e-05,0,0.5
1783082152489631232,0.001,0,0,-0.677409,-1.41168e-05,0,0.5
1783082152490631168,0.001,-0.678348,-0.678348,-0.67741,-1.40471e-05,0,0.5
1783082152491631104,0.001,-0.678348,-0.678348,-0.677411,-1.3979e-05,0,0.5
1783082152492631040,0.001,0,0,-0.677411,-1.39763e-05,0,0.5
1783082152493630976,0.001,-0.678348,-0.678348,-0.677413,-1.39084e-05,0,0.5
1783082152494630912,0.001,0,0,-0.677413,-1.39056e-05,0,0.5
1783082152495630848,0.001,-0.678348,-0.678348,-0.677414,-1.3838e-05,0,0.5
1783082152496630784,0.001,0,0,-0.677414,-1.38353e-05,0,0.5
1783082152497630720,0.001,-0.678348,-0.678348,-0.677415,-1.3768e-05,0,0.5
1783082152498630656,0.001,0,0,-0.677415,-1.37653e-05,0,0.5
1783082152499630592,0.001,-0.678348,-0.678348,-0.677417,-1.36986e-05,0,0.5
1783082152500630528,0.001,-0.678348,-0.678348,-0.677418,-1.36336e-05,0,0.5
1783082152501630464,0.001,-0.678348,-0.678348,-0.677419,-1.357e-05,0,0.5
1783082152502630400,0.001,-0.678348,-0.678348,-0.67742,-1.35078e-05,0,0.5
1783082152503630336,0.001,0,0,-0.67742,-1.35051e-05,0,0.5
1783082152504630272,0.001,-0.678348,-0.678348,-0.677422,-1.34429e-05,0,0.5
1783082152505630208,0.001,0,0,-0.677422,-1.34402e-05,0,0.5
1783082152506630144,0.001,-0.678348,-0.678348,-0.677423,-1.33781e-05,0,0.5
1783082152507630080,0.001,0,0,-0.677423,-1.33754e-05,0,0.5
1783082152508630016,0.001,-0.678348,-0.678348,-0.677424,-1.33136e-05,0,0.5
1783082152509629952,0.001,0,0,-0.677424,-1.33109e-05,0,0.5
1783082152510629888,0.001,-0.678348,-0.678348,-0.677426,-1.32495e-05,0,0.5
1783082152511629824,0.001,-0.678348,-0.678348,-0.677427,-1.31895e-05,0,0.5
1783082152512629760,0.001,0,0,-0.677427,-1.31868e-05,0,0.5
1783082152513629696,0.001,-0.678348,-0.678348,-0.677428,-1.31272e-05,0,0.5
1783082152514629632,0.001,0,0,-0.677428,-1.31245e-05,0,0.5
1783082152515629568,0.001,-0.678348,-0.678348,-0.67743,-1.30653e-05,0,0.5
1783082152516629504,0.001,-0.678348,-0.678348,-0.677431,-1.30075e-05,0,0.5
1783082152517629440,0.001,-0.678348,-0.678348,-0.677432,-1.2951e-05,0,0.5
1783082152518629376,0.001,-0.678348,-0.678348,-0.677433,-1.28956e-05,0,0.5
1783082152519629312,0.001,-0.678348,-0.678348,-0.677435,-1.28412e-05,0,0.5
1783082152520629248,0.001,-0.678348,-0.678348,-0.677436,-1.27877e-05,0,0.5
1783082152521629184,0.001,0,0,-0.677436,-1.2785e-05,0,0.5
1783082152522629120,0.001,0,0,-0.677436,-1.27822e-05,0,0.5
1783082152523629056,0.001,0,0,-0.677436,-1.27795e-05,0,0.5
1783082152524628992,0.001,0,0,-0.677436,-1.27768e-05,0,0.5
1783082152525628928,0.001,0,0,-0.677436,-1.27741e-05,0,0.5
1783082152526628864,0.001,0,0,-0.677436,-1.27714e-05,0,0.5
1783082152527628800,0.001,0,0,-0.677436,-1.27687e-05,0,0.5
1783082152528628736,0.001,0,0,-0.677436,-1.2766e-05,0,0.5
1783082152529628672,0.001,0,0,-0.677436,-1.27633e-05,0,0.5
1783082152530628608,0.001,0,0,-0.677436,-1.27606e-05,0,0.5
1783082152531628544,0.001,0,0,-0.677436,-1.27578e-05,0,0.5
1783082152532628480,0.001,0,0,-0.677436,-1.27551e-05,0,0.5
1783082152533628416,0.001,0,0,-0.677436,-1.27524e-05,0,0.5
1783082152534628352,0.001,0,0,-0.677436,-1.27497e-05,0,0.5
1783082152535628288,0.001,0,0,-0.677436,-1.2747e-05,0,0.5
1783082152536628224,0.001,0,0,-0.677436,-1.27443e-05,0,0.5
1783082152537628160,0.001,0,0,-0.677436,-1.27416e-05,0,0.5
1783082152538628096,0.001,0,0,-0.677436,-1.27389e-05,0,0.5
1783082152539628032,0.001,0,0,-0.677436,-1.27362e-05,0,0.5
1783082152540627968,0.001,0,0,-0.677436,-1.27334e-05,0,0.5
1783082152541627904,0.001,0,0,-0.677436,-1.27307e-05,0,0.5
1783082152542627840,0.001,0,0,-0.677436,-1.2728e-05,0,0.5
1783082152543627776,0.001,0,0,-0.677436,-1.27253e-05,0,0.5
1783082152544627712,0.001,0,0,-0.677436,-1.27226e-05,0,0.5
1783082152545627648,0.001,0,0,-0.677436,-1.27199e-05,0,0.5
1783082152546627584,0.001,0,0,-0.677436,-1.27172e-05,0,0.5
1783082152547627520,0.001,0,0,-0.677436,-1.27145e-05,0,0.5
1783082152548627456,0.001,0,0,-0.677436,-1.27118e-05,0,0.5
1783082152549627392,0.001,0,0,-0.677436,-1.2709e-05,0,0.5
1783082152550627328,0.001,0,0,-0.677436,-1.27063e-05,0,0.5
1783082152551627264,0.001,0,0,-0.677436,-1.27036e-05,0,0.5
1783082152552627200,0.001,0,0,-0.677436,-1.27009e-05,0,0.5
1783082152553627136,0.001,0,0,-0.677436,-1.26982e-05,0,0.5
1783082152554627072,0.001,0,0,-0.677436,-1.26955e-05,0,0.5
1783082152555627008,0.001,0,0,-0.677436,-1.26928e-05,0,0.5
1783082152556626944,0.001,0,0,-0.677436,-1.26901e-05,0,0.5
1783082152557626880,0.001,0,0,-0.677436,-1.26874e-05,0,0.5
1783082152558626816,0.001,0,0,-0.677436,-1.26846e-05,0,0.5
1783082152559626752,0.001,0,0,-0.677436,-1.26819e-05,0,0.5
1783082152560626688,0.001,0,0,-0.677436,-1.26792e-05,0,0.5
1783082152561626624,0.001,0,0,-0.677437,-1.26765e-05,0,0.5
1783082152562626560,0.001,0,0,-0.677437,-1.26738e-05,0,0.5
1783082152563626496,0.001,0,0,-0.677437,-1.26711e-05,0,0.5
1783082152564626432,0.001,0,0,-0.677437,-1.26684e-05,0,0.5
1783082152565626368,0.001,0,0,-0.677437,-1.26657e-05,0,0.5
1783082152566626304,0.001,0,0,-0.677437,-1.2663e-05,0,0.5
1783082152567626240,0.001,0,0,-0.677437,-1.26602e-05,0,0.5
1783082152568626176,0.001,0,0,-0.677437,-1.26575e-05,0,0.5
1783082152569626112,0.001,0,0,-0.677437,-1.26548e-05,0,0.5
1783082152570626048,0.001,0,0,-0.677437,-1.26521e-05,0,0.5
1783082152571625984,0.001,0,0,-0.677437,-1.26494e-05,0,0.5
1783082152572625920,0.001,0,0,-0.677437,-1.26467e-05,0,0.5
1783082152573625856,0.001,0,0,-0.677437,-1.2644e-05,0,0.5
1783082152574625792,0.001,0,0,-0.677437,-1.26413e-05,0,0.5
1783082152575625728,0.001,0,0,-0.677437,-1.26386e-05,0,0.5
1783082152576625664,0.001,0,0,-0.677437,-1.26358e-05,0,0.5
1783082152577625600,0.001,0,0,-0.677437,-1.26331e-05,0,0.5
1783082152578625536,0.001,0,0,-0.677437,-1.26304e-05,0,0.5
1783082152579625472,0.001,0,0,-0.677437,-1.26277e-05,0,0.5
1783082152580625408,0.001,0,0,-0.677437,-1.2625e-05,0,0.5
1783082152581625344,0.001,0,0,-0.677437,-1.26223e-05,0,0.5
1783082152582625280,0.001,0,0,-0.677437,-1.26196e-05,0,0.5
1783082152583625216,0.001,0,0,-0.677437,-1.26169e-05,0,0.5
1783082152584625152,0.001,0,0,-0.677437,-1.26142e-05,0,0.5
1783082152585625088,0.001,0,0,-0.677437,-1.26114e-05,0,0.5
1783082152586625024,0.001,0,0,-0.677437,-1.26087e-05,0,0.5
1783082152587624960,0.001,0,0,-0.677437,-1.2606e-05,0,0.5
1783082152588624896,0.001,0,0,-0.677437,-1.26033e-05,0,0.5
1783082152589624832,0.001,0,0,-0.677437,-1.26006e-05,0,0.5
1783082152590624768,0.001,0,0,-0.677437,-1.25979e-05,0,0.5
1783082152591624704,0.001,0,0,-0.677437,-1.25952e-05,0,0.5
1783082152592624640,0.001,0,0,-0.677437,-1.25925e-05,0,0.5
1783082152593624576,0.001,0,0,-0.677437,-1.25898e-05,0,0.5
1783082152594624512,0.001,0,0,-0.677437,-1.2587e-05,0,0.5
1783082152595624448,0.001,0,0,-0.677437,-1.25843e-05,0,0.5
1783082152596624384,0.001,0,0,-0.677437,-1.25816e-05,0,0.5
1783082152597624320,0.001,0,0,-0.677437,-1.25789e-05,0,0.5
1783082152598624256,0.001,-0.678348,-0.678348,-0.677438,-1.27629e-05,0,0.5
1783082152599624192,0.001,0,0,-0.677438,-1.27602e-05,0,0.5
1783082152600624128,0.001,-0.678348,-0.678348,-0.67744,-1.29302e-05,0,0.5
1783082152601624064,0.001,0,0,-0.67744,-1.29275e-05,0,0.5
1783082152602624000,0.001,-0.678348,-0.678348,-0.677441,-1.30849e-05,0,0.5
1783082152603623936,0.001,0,0,-0.677441,-1.30822e-05,0,0.5
1783082152604623872,0.001,-0.678348,-0.678348,-0.677442,-1.32283e-05,0,0.5
1783082152605623808,0.001,0,0,-0.677442,-1.32256e-05,0,0.5
1783082152606623744,0.001,-0.678348,-0.678348,-0.677444,-1.33611e-05,0,0.5
1783082152607623680,0.001,-0.678348,-0.678348,-0.677445,-1.34832e-05,0,0.5
1783082152608623616,0.001,-0.678348,-0.678348,-0.677446,-1.35934e-05,0,0.5
1783082152609623552,0.001,-0.678348,-0.678348,-0.677447,-1.36929e-05,0,0.5
1783082152610623488,0.001,-0.678348,-0.678348,-0.677449,-1.37828e-05,0,0.5
1783082152611623424,0.001,-0.678348,-0.678348,-0.67745,-1.38641e-05,0,0.5
1783082152612623360,0.001,0,0,-0.67745,-1.38614e-05,0,0.5
1783082152613623296,0.001,-0.678348,-0.678348,-0.677451,-1.39362e-05,0,0.5
1783082152614623232,0.001,0,0,-0.677451,-1.39335e-05,0,0.5
1783082152615623168,0.001,-0.678348,-0.678348,-0.677453,-1.40022e-05,0,0.5
1783082152616623104,0.001,0,0,-0.677453,-1.39995e-05,0,0.5
1783082152617623040,0.001,-0.678348,-0.678348,-0.677454,-1.40624e-05,0,0.5
1783082152618622976,0.001,0,0,-0.677454,-1.40597e-05,0,0.5
1783082152619622912,0.001,-0.678348,-0.678348,-0.677455,-1.41169e-05,0,0.5
1783082152620622848,0.001,0,0,-0.677455,-1.41142e-05,0,0.5
1783082152621622784,0.001,-0.678348,-0.678348,-0.677456,-1.4166e-05,0,0.5
1783082152622622720,0.001,0,0,-0.677456,-1.41632e-05,0,0.5
1783082152623622656,0.001,-0.678348,-0.678348,-0.677458,-1.42098e-05,0,0.5
1783082152624622592,0.001,0,0,-0.677458,-1.42071e-05,0,0.5
1783082152625622528,0.001,-0.678348,-0.678348,-0.677459,-1.42486e-05,0,0.5
1783082152626622464,0.001,0,0,-0.677459,-1.42459e-05,0,0.5
1783082152627622400,0.001,-0.678348,-0.678348,-0.67746,-1.42826e-05,0,0.5
1783082152628622336,0.001,0,0,-0.67746,-1.42799e-05,0,0.5
1783082152629622272,0.001,-0.678348,-0.678348,-0.677462,-1.43119e-05,0,0.5
1783082152630622208,0.001,0,0,-0.677462,-1.43092e-05,0,0.5
1783082152631622144,0.001,-0.678348,-0.678348,-0.677463,-1.43368e-05,0,0.5
1783082152632622080,0.001,-0.678348,-0.678348,-0.677464,-1.43602e-05,0,0.5
1783082152633622016,0.001,0,0,-0.677464,-1.43575e-05,0,0.5
1783082152634621952,0.001,-0.678348,-0.678348,-0.677465,-1.43766e-05,0,0.5
1783082152635621888,0.001,0,0,-0.677465,-1.43739e-05,0,0.5
1783082152636621824,0.001,-0.678348,-0.678348,-0.677467,-1.43888e-05,0,0.5
1783082152637621760,0.001,-0.678348,-0.678348,-0.677468,-1.44004e-05,0,0.5
1783082152638621696,0.001,-0.678348,-0.678348,-0.677469,-1.44086e-05,0,0.5
1783082152639621632,0.001,0,0,-0.677469,-1.44059e-05,0,0.5
1783082152640621568,0.001,-0.678348,-0.678348,-0.67747,-1.44101e-05,0,0.5
1783082152641621504,0.001,-0.678348,-0.678348,-0.677472,-1.44114e-05,0,0.5
1783082152642621440,0.001,0,0,-0.677472,-1.44087e-05,0,0.5
1783082152643621376,0.001,-0.678348,-0.678348,-0.677473,-1.44062e-05,0,0.5
1783082152644621312,0.001,0,0,-0.677473,-1.44035e-05,0,0.5
1783082152645621248,0.001,-0.678348,-0.678348,-0.677474,-1.43973e-05,0,0.5
1783082152646621184,0.001,0,0,-0.677474,-1.43946e-05,0,0.5
1783082152647621120,0.001,-0.678348,-0.678348,-0.677475,-1.43849e-05,0,0.5
1783082152648621056,0.001,0,0,-0.677475,-1.43822e-05,0,0.5
1783082152649620992,0.001,-0.678348,-0.678348,-0.677477,-1.43693e-05,0,0.5
1783082152650620928,0.001,-0.678348,-0.678348,-0.677478,-1.43546e-05,0,0.5
1783082152651620864,0.001,0,0,-0.677478,-1.43518e-05,0,0.5
1783082152652620800,0.001,-0.678348,-0.678348,-0.677479,-1.43339e-05,0,0.5
1783082152653620736,0.001,0,0,-0.677479,-1.43312e-05,0,0.5
1783082152654620672,0.001,-0.678348,-0.678348,-0.67748,-1.43103e-05,0,0.5
1783082152655620608,0.001,0,0,-0.67748,-1.43076e-05,0,0.5
1783082152656620544,0.001,-0.678348,-0.678348,-0.677482,-1.4284e-05,0,0.5
1783082152657620480,0.001,0,0,-0.677482,-1.42813e-05,0,0.5
1783082152658620416,0.001,-0.678348,-0.678348,-0.677483,-1.42551e-05,0,0.5
1783082152659620352,0.001,0,0,-0.677483,-1.42524e-05,0,0.5
1783082152660620288,0.001,-0.678348,-0.678348,-0.677484,-1.42238e-05,0,0.5
1783082152661620224,0.001,-0.678348,-0.678348,-0.677485,-1.41942e-05,0,0.5
1783082152662620160,0.001,0,0,-0.677485,-1.41915e-05,0,0.5
1783082152663620096,0.001,-0.678348,-0.678348,-0.677487,-1.41596e-05,0,0.5
1783082152664620032,0.001,0,0,-0.677487,-1.41569e-05,0,0.5
1783082152665619968,0.001,-0.678348,-0.678348,-0.677488,-1.41228e-05,0,0.5
1783082152666619904,0.001,-0.678348,-0.678348,-0.677489,-1.40881e-05,0,0.5
1783082152667619840,0.001,-0.678348,-0.678348,-0.67749,-1.40527e-05,0,0.5
1783082152668619776,0.001,0,0,-0.67749,-1.40499e-05,0,0.5
1783082152669619712,0.001,-0.678348,-0.678348,-0.677491,-1.40122e-05,0,0.5
1783082152670619648,0.001,-0.678348,-0.678348,-0.677493,-1.3974e-05,0,0.5
1783082152671619584,0.001,0,0,-0.677493,-1.39713e-05,0,0.5
1783082152672619520,0.001,-0.678348,-0.678348,-0.677494,-1.39308e-05,0,0.5
1783082152673619456,0.001,0,0,-0.677494,-1.39281e-05,0,0.5
1783082152674619392,0.001,-0.678348,-0.678348,-0.677495,-1.38856e-05,0,0.5
1783082152675619328,0.001,0,0,-0.677495,-1.38829e-05,0,0.5
1783082152676619264,0.001,-0.678348,-0.678348,-0.677496,-1.38387e-05,0,0.5
1783082152677619200,0.001,0,0,-0.677496,-1.38359e-05,0,0.5
1783082152678619136,0.001,-0.678348,-0.678348,-0.677497,-1.37901e-05,0,0.5
1783082152679619072,0.001,-0.678348,-0.678348,-0.677499,-1.37443e-05,0,0.5
1783082152680619008,0.001,0,0,-0.677499,-1.37416e-05,0,0.5
1783082152681618944,0.001,-0.678348,-0.678348,-0.6775,-1.36942e-05,0,0.5
1783082152682618880,0.001,0,0,-0.6775,-1.36915e-05,0,0.5
1783082152683618816,0.001,-0.678348,-0.678348,-0.677501,-1.36427e-05,0,0.5
1783082152684618752,0.001,0,0,-0.677501,-1.364e-05,0,0.5
1783082152685618688,0.001,-0.678348,-0.678348,-0.677502,-1.359e-05,0,0.5
1783082152686618624,0.001,0,0,-0.677502,-1.35872e-05,0,0.5
1783082152687618560,0.001,-0.678348,-0.678348,-0.677503,-1.35362e-05,0,0.5
1783082152688618496,0.001,-0.678348,-0.678348,-0.677504,-1.34856e-05,0,0.5
1783082152689618432,0.001,-0.678348,-0.678348,-0.677506,-1.34353e-05,0,0.5
1783082152690618368,0.001,-0.678348,-0.678348,-0.677507,-1.33853e-05,0,0.5
1783082152691618304,0.001,0,0,-0.677507,-1.33826e-05,0,0.5
1783082152692618240,0.001,-0.678348,-0.678348,-0.677508,-1.33313e-05,0,0.5
1783082152693618176,0.001,-0.678348,-0.678348,-0.677509,-1.32802e-05,0,0.5
1783082152694618112,0.001,-0.678348,-0.678348,-0.67751,-1.32294e-05,0,0.5
1783082152695618048,0.001,-0.678348,-0.678348,-0.677511,-1.31787e-05,0,0.5
1783082152696617984,0.001,-0.678348,-0.678348,-0.677513,-1.31282e-05,0,0.5
1783082152697617920,0.001,-0.678348,-0.678348,-0.677514,-1.30776e-05,0,0.5
1783082152698617856,0.001,0,0,-0.677514,-1.30749e-05,0,0.5
1783082152699617792,0.001,-0.678348,-0.678348,-0.677515,-1.30226e-05,0,0.5
1783082152700617728,0.001,-0.678348,-0.678348,-0.677516,-1.29705e-05,0,0.5
1783082152701617664,0.001,-0.678348,-0.678348,-0.677517,-1.29185e-05,0,0.5
1783082152702617600,0.001,-0.678348,-0.678348,-0.677518,-1.28666e-05,0,0.5
1783082152703617536,0.001,-0.678348,-0.678348,-0.67752,-1.28147e-05,0,0.5
1783082152704617472,0.001,0,0,-0.67752,-1.2812e-05,0,0.5
1783082152705617408,0.001,-0.678348,-0.678348,-0.677521,-1.27583e-05,0,0.5
1783082152706617344,0.001,0,0,-0.677521,-1.27556e-05,0,0.5
1783082152707617280,0.001,-0.678348,-0.678348,-0.677522,-1.27004e-05,0,0.5
1783082152708617216,0.001,0,0,-0.677522,-1.26977e-05,0,0.5
1783082152709617152,0.001,-0.678348,-0.678348,-0.677523,-1.26413e-05,0,0.5
1783082152710617088,0.001,0,0,-0.677523,-1.26386e-05,0,0.5
1783082152711617024,0.001,-0.678348,-0.678348,-0.677524,-1.25812e-05,0,0.5
1783082152712616960,0.001,-0.678348,-0.678348,-0.677525,-1.25244e-05,0,0.5
1783082152713616896,0.001,0,0,-0.677525,-1.25217e-05,0,0.5
1783082152714616832,0.001,-0.678348,-0.678348,-0.677526,-1.24641e-05,0,0.5
1783082152715616768,0.001,-0.678348,-0.678348,-0.677527,-1.24073e-05,0,0.5
1783082152716616704,0.001,-0.678348,-0.678348,-0.677529,-1.23511e-05,0,0.5
1783082152717616640,0.001,-0.678348,-0.678348,-0.67753,-1.22955e-05,0,0.5
1783082152718616576,0.001,-0.678348,-0.678348,-0.677531,-1.22404e-05,0,0.5
1783082152719616512,0.001,0,0,-0.677531,-1.22377e-05,0,0.5
1783082152720616448,0.001,-0.678348,-0.678348,-0.677532,-1.21815e-05,0,0.5
1783082152721616384,0.001,-0.678348,-0.678348,-0.677533,-1.2126e-05,0,0.5
1783082152722616320,0.001,-0.678348,-0.678348,-0.677534,-1.2071e-05,0,0.5
1783082152723616256,0.001,0,0,-0.677534,-1.20683e-05,0,0.5
1783082152724616192,0.001,-0.678348,-0.678348,-0.677535,-1.20123e-05,0,0.5
1783082152725616128,0.001,0,0,-0.677535,-1.20096e-05,0,0.5
1783082152726616064,0.001,-0.678348,-0.678348,-0.677536,-1.19528e-05,0,0.5
1783082152727616000,0.001,0,0,-0.677536,-1.19501e-05,0,0.5
1783082152728615936,0.001,-0.678348,-0.678348,-0.677537,-1.18928e-05,0,0.5
1783082152729615872,0.001,0,0,-0.677537,-1.18901e-05,0,0.5
1783082152730615808,0.001,-0.678348,-0.678348,-0.677539,-1.18324e-05,0,0.5
1783082152731615744,0.001,-0.678348,-0.678348,-0.67754,-1.17758e-05,0,0.5
1783082152732615680,0.001,-0.678348,-0.678348,-0.677541,-1.17202e-05,0,0.5
1783082152733615616,0.001,-0.678348,-0.678348,-0.677542,-1.16654e-05,0,0.5
1783082152734615552,0.001,0,0,-0.677542,-1.16627e-05,0,0.5
1783082152735615488,0.001,-0.678348,-0.678348,-0.677543,-1.16074e-05,0,0.5
1783082152736615424,0.001,0,0,-0.677543,-1.16046e-05,0,0.5
1783082152737615360,0.001,-0.678348,-0.678348,-0.677544,-1.15491e-05,0,0.5
1783082152738615296,0.001,0,0,-0.677544,-1.15463e-05,0,0.5
1783082152739615232,0.001,-0.678348,-0.678348,-0.677545,-1.14906e-05,0,0.5
1783082152740615168,0.001,-0.678348,-0.678348,-0.677546,-1.1436e-05,0,0.5
1783082152741615104,0.001,-0.678348,-0.678348,-0.677547,-1.13825e-05,0,0.5
1783082152742615040,0.001,-0.678348,-0.678348,-0.677548,-1.13298e-05,0,0.5
1783082152743614976,0.001,-0.678348,-0.678348,-0.677549,-1.12779e-05,0,0.5
1783082152744614912,0.001,-0.678348,-0.678348,-0.67755,-1.12268e-05,0,0.5
1783082152745614848,0.001,-0.678348,-0.678348,-0.677552,-1.11763e-05,0,0.5
1783082152746614784,0.001,-0.678348,-0.678348,-0.677553,-1.11265e-05,0,0.5
1783082152747614720,0.001,-0.678348,-0.678348,-0.677554,-1.10772e-05,0,0.5
1783082152748614656,0.001,-0.678348,-0.678348,-0.677555,-1.10283e-05,0,0.5
1783082152749614592,0.001,0,0,-0.677555,-1.10256e-05,0,0.5
1783082152750614528,0.001,-0.678348,-0.678348,-0.677556,-1.0976e-05,0,0.5
1783082152751614464,0.001,0,0,-0.677556,-1.09733e-05,0,0.5
1783082152752614400,0.001,0,0,-0.677556,-1.09706e-05,0,0.5
1783082152753614336,0.001,0,0,-0.677556,-1.09678e-05,0,0.5
1783082152754614272,0.001,0,0,-0.677556,-1.09651e-05,0,0.5
1783082152755614208,0.001,0,0,-0.677556,-1.09624e-05,0,0.5
1783082152756614144,0.001,0,0,-0.677556,-1.09597e-05,0,0.5
1783082152757614080,0.001,0,0,-0.677556,-1.0957e-05,0,0.5
1783082152758614016,0.001,0,0,-0.677556,-1.09542e-05,0,0.5
1783082152759613952,0.001,0,0,-0.677556,-1.09515e-05,0,0.5
1783082152760613888,0.001,0,0,-0.677556,-1.09488e-05,0,0.5
1783082152761613824,0.001,0,0,-0.677556,-1.09461e-05,0,0.5
1783082152762613760,0.001,0,0,-0.677556,-1.09433e-05,0,0.5
1783082152763613696,0.001,0,0,-0.677556,-1.09406e-05,0,0.5
1783082152764613632,0.001,0,0,-0.677556,-1.09379e-05,0,0.5
1783082152765613568,0.001,0,0,-0.677556,-1.09352e-05,0,0.5
1783082152766613504,0.001,0,0,-0.677556,-1.09324e-05,0,0.5
1783082152767613440,0.001,0,0,-0.677556,-1.09297e-05,0,0.5
1783082152768613376,0.001,0,0,-0.677556,-1.0927e-05,0,0.5
1783082152769613312,0.001,0,0,-0.677556,-1.09243e-05,0,0.5
1783082152770613248,0.001,0,0,-0.677556,-1.09215e-05,0,0.5
1783082152771613184,0.001,0,0,-0.677556,-1.09188e-05,0,0.5
1783082152772613120,0.001,0,0,-0.677556,-1.09161e-05,0,0.5
1783082152773613056,0.001,0,0,-0.677556,-1.09134e-05,0,0.5
1783082152774612992,0.001,0,0,-0.677556,-1.09107e-05,0,0.5
1783082152775612928,0.001,0,0,-0.677556,-1.09079e-05,0,0.5
1783082152776612864,0.001,0,0,-0.677556,-1.09052e-05,0,0.5
1783082152777612800,0.001,0,0,-0.677556,-1.09025e-05,0,0.5
1783082152778612736,0.001,0,0,-0.677556,-1.08998e-05,0,0.5
1783082152779612672,0.001,0,0,-0.677556,-1.0897e-05,0,0.5
1783082152780612608,0.001,0,0,-0.677556,-1.08943e-05,0,0.5
1783082152781612544,0.001,0,0,-0.677556,-1.08916e-05,0,0.5
1783082152782612480,0.001,0,0,-0.677556,-1.08889e-05,0,0.5
1783082152783612416,0.001,0,0,-0.677556,-1.08861e-05,0,0.5
1783082152784612352,0.001,0,0,-0.677556,-1.08834e-05,0,0.5
1783082152785612288,0.001,0,0,-0.677556,-1.08807e-05,0,0.5
1783082152786612224,0.001,0,0,-0.677556,-1.0878e-05,0,0.5
1783082152787612160,0.001,0,0,-0.677556,-1.08752e-05,0,0.5
1783082152788612096,0.001,0,0,-0.677556,-1.08725e-05,0,0.5
1783082152789612032,0.001,0,0,-0.677556,-1.08698e-05,0,0.5
1783082152790611968,0.001,0,0,-0.677556,-1.08671e-05,0,0.5
1783082152791611904,0.001,0,0,-0.677556,-1.08643e-05,0,0.5
1783082152792611840,0.001,0,0,-0.677556,-1.08616e-05,0,0.5
1783082152793611776,0.001,0,0,-0.677556,-1.08589e-05,0,0.5
1783082152794611712,0.001,0,0,-0.677556,-1.08562e-05,0,0.5
1783082152795611648,0.001,0,0,-0.677556,-1.08535e-05,0,0.5
1783082152796611584,0.001,0,0,-0.677556,-1.08507e-05,0,0.5
1783082152797611520,0.001,0,0,-0.677556,-1.0848e-05,0,0.5
1783082152798611456,0.001,0,0,-0.677556,-1.08453e-05,0,0.5
1783082152799611392,0.001,0,0,-0.677556,-1.08426e-05,0,0.5
1783082152800611328,0.001,0,0,-0.677556,-1.08398e-05,0,0.5
1783082152801611264,0.001,0,0,-0.677556,-1.08371e-05,0,0.5
1783082152802611200,0.001,0,0,-0.677556,-1.08344e-05,0,0.5
1783082152803611136,0.001,0,0,-0.677556,-1.08317e-05,0,0.5
1783082152804611072,0.001,0,0,-0.677556,-1.08289e-05,0,0.5
1783082152805611008,0.001,0,0,-0.677556,-1.08262e-05,0,0.5
1783082152806610944,0.001,0,0,-0.677556,-1.08235e-05,0,0.5
1783082152807610880,0.001,0,0,-0.677556,-1.08208e-05,0,0.5
1783082152808610816,0.001,0,0,-0.677556,-1.0818e-05,0,0.5
1783082152809610752,0.001,0,0,-0.677556,-1.08153e-05,0,0.5
1783082152810610688,0.001,0,0,-0.677556,-1.08126e-05,0,0.5
1783082152811610624,0.001,0,0,-0.677556,-1.08099e-05,0,0.5
1783082152812610560,0.001,0,0,-0.677556,-1.08072e-05,0,0.5
1783082152813610496,0.001,0,0,-0.677556,-1.08044e-05,0,0.5
1783082152814610432,0.001,0,0,-0.677556,-1.08017e-05,0,0.5
1783082152815610368,0.001,0,0,-0.677556,-1.0799e-05,0,0.5
1783082152816610304,0.001,0,0,-0.677556,-1.07963e-05,0,0.5
1783082152817610240,0.001,0,0,-0.677556,-1.07935e-05,0,0.5
1783082152818610176,0.001,0,0,-0.677556,-1.07908e-05,0,0.5
1783082152819610112,0.001,0,0,-0.677556,-1.07881e-05,0,0.5
1783082152820610048,0.001,0,0,-0.677557,-1.07854e-05,0,0.5
1783082152821609984,0.001,0,0,-0.677557,-1.07826e-05,0,0.5
1783082152822609920,0.001,0,0,-0.677557,-1.07799e-05,0,0.5
1783082152823609856,0.001,0,0,-0.677557,-1.07772e-05,0,0.5
1783082152824609792,0.001,0,0,-0.677557,-1.07745e-05,0,0.5
1783082152825609728,0.001,0,0,-0.677557,-1.07717e-05,0,0.5
1783082152826609664,0.001,0,0,-0.677557,-1.0769e-05,0,0.5
1783082152827609600,0.001,0,0,-0.677557,-1.07663e-05,0,0.5
1783082152828609536,0.001,0,0,-0.677557,-1.07636e-05,0,0.5
1783082152829609472,0.001,-0.678348,-0.678348,-0.677558,-1.09149e-05,0,0.5
1783082152830609408,0.001,0,0,-0.677558,-1.09121e-05,0,0.5
1783082152831609344,0.001,-0.678348,-0.678348,-0.677559,-1.10526e-05,0,0.5
1783082152832609280,0.001,0,0,-0.677559,-1.10499e-05,0,0.5
1783082152833609216,0.001,-0.678348,-0.678348,-0.67756,-1.11807e-05,0,0.5
1783082152834609152,0.001,0,0,-0.67756,-1.1178e-05,0,0.5
1783082152835609088,0.001,-0.678348,-0.678348,-0.677561,-1.12998e-05,0,0.5
1783082152836609024,0.001,0,0,-0.677561,-1.12971e-05,0,0.5
1783082152837608960,0.001,0,0,-0.677561,-1.12944e-05,0,0.5
1783082152838608896,0.001,0,0,-0.677561,-1.12917e-05,0,0.5
1783082152839608832,0.001,-0.678348,-0.678348,-0.677562,-1.14132e-05,0,0.5
1783082152840608768,0.001,0,0,-0.677562,-1.14105e-05,0,0.5
1783082152841608704,0.001,-0.678348,-0.678348,-0.677563,-1.15237e-05,0,0.5
1783082152842608640,0.001,-0.678348,-0.678348,-0.677564,-1.16258e-05,0,0.5
1783082152843608576,0.001,-0.678348,-0.678348,-0.677565,-1.17182e-05,0,0.5
1783082152844608512,0.001,0,0,-0.677565,-1.17155e-05,0,0.5
1783082152845608448,0.001,-0.678348,-0.678348,-0.677566,-1.18014e-05,0,0.5
1783082152846608384,0.001,0,0,-0.677566,-1.17987e-05,0,0.5
1783082152847608320,0.001,-0.678348,-0.678348,-0.677567,-1.18784e-05,0,0.5
1783082152848608256,0.001,0,0,-0.677568,-1.18757e-05,0,0.5
1783082152849608192,0.001,-0.678348,-0.678348,-0.677569,-1.19496e-05,0,0.5
1783082152850608128,0.001,-0.678348,-0.678348,-0.67757,-1.20164e-05,0,0.5
1783082152851608064,0.001,-0.678348,-0.678348,-0.677571,-1.20766e-05,0,0.5
1783082152852608000,0.001,0,0,-0.677571,-1.20739e-05,0,0.5
1783082152853607936,0.001,-0.678348,-0.678348,-0.677572,-1.21291e-05,0,0.5
1783082152854607872,0.001,0,0,-0.677572,-1.21264e-05,0,0.5
1783082152855607808,0.001,-0.678348,-0.678348,-0.677573,-1.21766e-05,0,0.5
1783082152856607744,0.001,-0.678348,-0.678348,-0.677574,-1.22216e-05,0,0.5
1783082152857607680,0.001,0,0,-0.677574,-1.22189e-05,0,0.5
1783082152858607616,0.001,-0.678348,-0.678348,-0.677575,-1.22593e-05,0,0.5
1783082152859607552,0.001,-0.678348,-0.678348,-0.677576,-1.22951e-05,0,0.5
1783082152860607488,0.001,0,0,-0.677576,-1.22924e-05,0,0.5
1783082152861607424,0.001,-0.678348,-0.678348,-0.677577,-1.23238e-05,0,0.5
1783082152862607360,0.001,-0.678348,-0.678348,-0.677578,-1.23512e-05,0,0.5
1783082152863607296,0.001,0,0,-0.677578,-1.23485e-05,0,0.5
1783082152864607232,0.001,-0.678348,-0.678348,-0.677579,-1.23717e-05,0,0.5
1783082152865607168,0.001,-0.678348,-0.678348,-0.67758,-1.23914e-05,0,0.5
1783082152866607104,0.001,0,0,-0.67758,-1.23887e-05,0,0.5
1783082152867607040,0.001,-0.678348,-0.678348,-0.677581,-1.24044e-05,0,0.5
1783082152868606976,0.001,0,0,-0.677581,-1.24017e-05,0,0.5
1783082152869606912,0.001,-0.678348,-0.678348,-0.677582,-1.24138e-05,0,0.5
1783082152870606848,0.001,0,0,-0.677582,-1.2411e-05,0,0.5
1783082152871606784,0.001,-0.678348,-0.678348,-0.677583,-1.24195e-05,0,0.5
1783082152872606720,0.001,-0.678348,-0.678348,-0.677584,-1.24253e-05,0,0.5
1783082152873606656,0.001,-0.678348,-0.678348,-0.677585,-1.24285e-05,0,0.5
1783082152874606592,0.001,-0.678348,-0.678348,-0.677587,-1.24291e-05,0,0.5
1783082152875606528,0.001,-0.678348,-0.678348,-0.677588,-1.24273e-05,0,0.5
1783082152876606464,0.001,-0.678348,-0.678348,-0.677589,-1.24231e-05,0,0.5
1783082152877606400,0.001,0,0,-0.677589,-1.24204e-05,0,0.5
1783082152878606336,0.001,-0.678348,-0.678348,-0.67759,-1.24128e-05,0,0.5
1783082152879606272,0.001,0,0,-0.67759,-1.241e-05,0,0.5
1783082152880606208,0.001,-0.678348,-0.678348,-0.677591,-1.23991e-05,0,0.5
1783082152881606144,0.001,0,0,-0.677591,-1.23964e-05,0,0.5
1783082152882606080,0.001,-0.678348,-0.678348,-0.677592,-1.23825e-05,0,0.5
1783082152883606016,0.001,0,0,-0.677592,-1.23797e-05,0,0.5
1783082152884605952,0.001,-0.678348,-0.678348,-0.677593,-1.2363e-05,0,0.5
1783082152885605888,0.001,-0.678348,-0.678348,-0.677594,-1.23448e-05,0,0.5
1783082152886605824,0.001,0,0,-0.677594,-1.23421e-05,0,0.5
1783082152887605760,0.001,-0.678348,-0.678348,-0.677595,-1.23212e-05,0,0.5
1783082152888605696,0.001,-0.678348,-0.678348,-0.677596,-1.22991e-05,0,0.5
1783082152889605632,0.001,-0.678348,-0.678348,-0.677597,-1.22758e-05,0,0.5
1783082152890605568,0.001,-0.678348,-0.678348,-0.677598,-1.22512e-05,0,0.5
1783082152891605504,0.001,0,0,-0.677598,-1.22485e-05,0,0.5
1783082152892605440,0.001,-0.678348,-0.678348,-0.677599,-1.22213e-05,0,0.5
1783082152893605376,0.001,-0.678348,-0.678348,-0.6776,-1.21932e-05,0,0.5
1783082152894605312,0.001,-0.678348,-0.678348,-0.677601,-1.2164e-05,0,0.5
1783082152895605248,0.001,0,0,-0.677601,-1.21613e-05,0,0.5
1783082152896605184,0.001,-0.678348,-0.678348,-0.677602,-1.21296e-05,0,0.5
1783082152897605120,0.001,-0.678348,-0.678348,-0.677603,-1.20971e-05,0,0.5
1783082152898605056,0.001,-0.678348,-0.678348,-0.677604,-1.20638e-05,0,0.5
1783082152899604992,0.001,-0.678348,-0.678348,-0.677605,-1.20297e-05,0,0.5
1783082152900604928,0.001,-0.678348,-0.678348,-0.677606,-1.19948e-05,0,0.5
1783082152901604864,0.001,-0.678348,-0.678348,-0.677607,-1.19592e-05,0,0.5
1783082152902604800,0.001,-0.678348,-0.678348,-0.677608,-1.19227e-05,0,0.5
1783082152903604736,0.001,0,0,-0.677608,-1.192e-05,0,0.5
1783082152904604672,0.001,-0.678348,-0.678348,-0.677609,-1.1881e-05,0,0.5
1783082152905604608,0.001,0,0,-0.677609,-1.18783e-05,0,0.5
1783082152906604544,0.001,-0.678348,-0.678348,-0.67761,-1.18371e-05,0,0.5
1783082152907604480,0.001,0,0,-0.67761,-1.18343e-05,0,0.5
1783082152908604416,0.001,-0.678348,-0.678348,-0.677611,-1.17911e-05,0,0.5
1783082152909604352,0.001,0,0,-0.677611,-1.17884e-05,0,0.5
1783082152910604288,0.001,-0.678348,-0.678348,-0.677612,-1.17434e-05,0,0.5
1783082152911604224,0.001,-0.678348,-0.678348,-0.677613,-1.16984e-05,0,0.5
1783082152912604160,0.001,-0.678348,-0.678348,-0.677614,-1.16535e-05,0,0.5
1783082152913604096,0.001,-0.678348,-0.678348,-0.677615,-1.16084e-05,0,0.5
1783082152914604032,0.001,-0.678348,-0.678348,-0.677616,-1.15633e-05,0,0.5
1783082152915603968,0.001,-0.678348,-0.678348,-0.677617,-1.1518e-05,0,0.5
1783082152916603904,0.001,0,0,-0.677617,-1.15153e-05,0,0.5
1783082152917603840,0.001,-0.678348,-0.678348,-0.677618,-1.14682e-05,0,0.5
1783082152918603776,0.001,0,0,-0.677618,-1.14655e-05,0,0.5
1783082152919603712,0.001,-0.678348,-0.678348,-0.677619,-1.14168e-05,0,0.5
1783082152920603648,0.001,0,0,-0.677619,-1.14141e-05,0,0.5
1783082152921603584,0.001,-0.678348,-0.678348,-0.67762,-1.13642e-05,0,0.5
1783082152922603520,0.001,0,0,-0.67762,-1.13614e-05,0,0.5
1783082152923603456,0.001,-0.678348,-0.678348,-0.677621,-1.13104e-05,0,0.5
1783082152924603392,0.001,-0.678348,-0.678348,-0.677621,-1.12599e-05,0,0.5
1783082152925603328,0.001,-0.678348,-0.678348,-0.677622,-1.12099e-05,0,0.5
1783082152926603264,0.001,0,0,-0.677622,-1.12071e-05,0,0.5
1783082152927603200,0.001,-0.678348,-0.678348,-0.677623,-1.1156e-05,0,0.5
1783082152928603136,0.001,0,0,-0.677623,-1.11533e-05,0,0.5
1783082152929603072,0.001,-0.678348,-0.678348,-0.677624,-1.11014e-05,0,0.5
1783082152930603008,0.001,0,0,-0.677624,-1.10986e-05,0,0.5
1783082152931602944,0.001,-0.678348,-0.678348,-0.677625,-1.10461e-05,0,0.5
1783082152932602880,0.001,-0.678348,-0.678348,-0.677626,-1.09943e-05,0,0.5
1783082152933602816,0.001,0,0,-0.677626,-1.09915e-05,0,0.5
1783082152934602752,0.001,-0.678348,-0.678348,-0.677627,-1.09392e-05,0,0.5
1783082152935602688,0.001,0,0,-0.677627,-1.09364e-05,0,0.5
1783082152936602624,0.001,-0.678348,-0.678348,-0.677628,-1.08837e-05,0,0.5
1783082152937602560,0.001,-0.678348,-0.678348,-0.677629,-1.08318e-05,0,0.5
1783082152938602496,0.001,-0.678348,-0.678348,-0.67763,-1.07808e-05,0,0.5
1783082152939602432,0.001,0,0,-0.67763,-1.07781e-05,0,0.5
1783082152940602368,0.001,-0.678348,-0.678348,-0.677631,-1.07266e-05,0,0.5
1783082152941602304,0.001,0,0,-0.677631,-1.07239e-05,0,0.5
1783082152942602240,0.001,-0.678348,-0.678348,-0.677632,-1.06721e-05,0,0.5
1783082152943602176,0.001,-0.678348,-0.678348,-0.677633,-1.06212e-05,0,0.5
1783082152944602112,0.001,0,0,-0.677633,-1.06185e-05,0,0.5
1783082152945602048,0.001,-0.678348,-0.678348,-0.677634,-1.05674e-05,0,0.5
1783082152946601984,0.001,-0.678348,-0.678348,-0.677635,-1.05172e-05,0,0.5
1783082152947601920,0.001,-0.678348,-0.678348,-0.677636,-1.04679e-05,0,0.5
1783082152948601856,0.001,0,0,-0.677636,-1.04652e-05,0,0.5
1783082152949601792,0.001,-0.678348,-0.678348,-0.677637,-1.04155e-05,0,0.5
1783082152950601728,0.001,0,0,-0.677637,-1.04128e-05,0,0.5
1783082152951601664,0.001,-0.678348,-0.678348,-0.677638,-1.03629e-05,0,0.5
1783082152952601600,0.001,0,0,-0.677638,-1.03602e-05,0,0.5
1783082152953601536,0.001,-0.678348,-0.678348,-0.677638,-1.03103e-05,0,0.5
1783082152954601472,0.001,-0.678348,-0.678348,-0.677639,-1.02614e-05,0,0.5
1783082152955601408,0.001,0,0,-0.677639,-1.02587e-05,0,0.5
1783082152956601344,0.001,-0.678348,-0.678348,-0.67764,-1.02098e-05,0,0.5
1783082152957601280,0.001,0,0,-0.67764,-1.02071e-05,0,0.5
1783082152958601216,0.001,-0.678348,-0.678348,-0.677641,-1.01583e-05,0,0.5
1783082152959601152,0.001,0,0,-0.677641,-1.01556e-05,0,0.5
1783082152960601088,0.001,-0.678348,-0.678348,-0.677642,-1.01071e-05,0,0.5
1783082152961601024,0.001,0,0,-0.677642,-1.01043e-05,0,0.5
1783082152962600960,0.001,-0.678348,-0.678348,-0.677643,-1.00562e-05,0,0.5
1783082152963600896,0.001,0,0,-0.677643,-1.00534e-05,0,0.5
1783082152964600832,0.001,-0.678348,-0.678348,-0.677644,-1.00057e-05,0,0.5
1783082152965600768,0.001,-0.678348,-0.678348,-0.677645,-9.95918e-06,0,0.5
1783082152966600704,0.001,-0.678348,-0.678348,-0.677646,-9.91376e-06,0,0.5
1783082152967600640,0.001,-0.678348,-0.678348,-0.677647,-9.86932e-06,0,0.5
1783082152968600576,0.001,-0.678348,-0.678348,-0.677648,-9.82575e-06,0,0.5
1783082152969600512,0.001,-0.678348,-0.678348,-0.677649,-9.78298e-06,0,0.5
1783082152970600448,0.001,-0.678348,-0.678348,-0.677649,-9.7409e-06,0,0.5
1783082152971600384,0.001,-0.678348,-0.678348,-0.67765,-9.69945e-06,0,0.5
1783082152972600320,0.001,-0.678348,-0.678348,-0.677651,-9.65856e-06,0,0.5
1783082152973600256,0.001,-0.678348,-0.678348,-0.677652,-9.61817e-06,0,0.5
1783082152974600192,0.001,0,0,-0.677652,-9.61544e-06,0,0.5
1783082152975600128,0.001,0,0,-0.677652,-9.61271e-06,0,0.5
1783082152976600064,0.001,0,0,-0.677652,-9.60997e-06,0,0.5
1783082152977600000,0.001,0,0,-0.677652,-9.60724e-06,0,0.5
1783082152978599936,0.001,0,0,-0.677652,-9.60451e-06,0,0.5
1783082152979599872,0.001,0,0,-0.677652,-9.60178e-06,0,0.5
1783082152980599808,0.001,0,0,-0.677652,-9.59904e-06,0,0.5
1783082152981599744,0.001,0,0,-0.677652,-9.59631e-06,0,0.5
1783082152982599680,0.001,0,0,-0.677652,-9.59358e-06,0,0.5
1783082152983599616,0.001,0,0,-0.677652,-9.59085e-06,0,0.5
1783082152984599552,0.001,0,0,-0.677652,-9.58811e-06,0,0.5
1783082152985599488,0.001,0,0,-0.677652,-9.58538e-06,0,0.5
1783082152986599424,0.001,0,0,-0.677652,-9.58265e-06,0,0.5
1783082152987599360,0.001,0,0,-0.677652,-9.57992e-06,0,0.5
1783082152988599296,0.001,0,0,-0.677652,-9.57718e-06,0,0.5
1783082152989599232,0.001,0,0,-0.677652,-9.57445e-06,0,0.5
1783082152990599168,0.001,0,0,-0.677652,-9.57172e-06,0,0.5
1783082152991599104,0.001,0,0,-0.677652,-9.56899e-06,0,0.5
1783082152992599040,0.001,0,0,-0.677652,-9.56625e-06,0,0.5
1783082152993598976,0.001,0,0,-0.677652,-9.56352e-06,0,0.5
1783082152994598912,0.001,0,0,-0.677652,-9.56079e-06,0,0.5
1783082152995598848,0.001,0,0,-0.677652,-9.55806e-06,0,0.5
1783082152996598784,0.001,0,0,-0.677652,-9.55532e-06,0,0.5
1783082152997598720,0.001,0,0,-0.677652,-9.55259e-06,0,0.5
1783082152998598656,0.001,0,0,-0.677652,-9.54986e-06,0,0.5
1783082152999598592,0.001,0,0,-0.677652,-9.54713e-06,0,0.5
1783082153000598528,0.001,0,0,-0.677652,-9.54439e-06,0,0.5
1783082153001598464,0.001,0,0,-0.677652,-9.54166e-06,0,0.5
1783082153002598400,0.001,0,0,-0.677652,-9.53893e-06,0,0.5
1783082153003598336,0.001,0,0,-0.677652,-9.53619e-06,0,0.5
1783082153004598272,0.001,0,0,-0.677652,-9.53346e-06,0,0.5
1783082153005598208,0.001,0,0,-0.677652,-9.53073e-06,0,0.5
1783082153006598144,0.001,0,0,-0.677652,-9.528e-06,0,0.5
1783082153007598080,0.001,0,0,-0.677652,-9.52527e-06,0,0.5
1783082153008598016,0.001,0,0,-0.677652,-9.52253e-06,0,0.5
1783082153009597952,0.001,0,0,-0.677652,-9.5198e-06,0,0.5
1783082153010597888,0.001,0,0,-0.677652,-9.51707e-06,0,0.5
1783082153011597824,0.001,0,0,-0.677652,-9.51434e-06,0,0.5
1783082153012597760,0.001,0,0,-0.677652,-9.5116e-06,0,0.5
1783082153013597696,0.001,0,0,-0.677652,-9.50887e-06,0,0.5
1783082153014597632,0.001,0,0,-0.677652,-9.50614e-06,0,0.5
1783082153015597568,0.001,0,0,-0.677653,-9.5034e-06,0,0.5
1783082153016597504,0.001,0,0,-0.677653,-9.50067e-06,0,0.5
1783082153017597440,0.001,0,0,-0.677653,-9.49794e-06,0,0.5
1783082153018597376,0.001,0,0,-0.677653,-9.49521e-06,0,0.5
1783082153019597312,0.001,0,0,-0.677653,-9.49247e-06,0,0.5
1783082153020597248,0.001,0,0,-0.677653,-9.48974e-06,0,0.5
1783082153021597184,0.001,0,0,-0.677653,-9.48701e-06,0,0.5
1783082153022597120,0.001,0,0,-0.677653,-9.48428e-06,0,0.5
1783082153023597056,0.001,0,0,-0.677653,-9.48154e-06,0,0.5
1783082153024596992,0.001,0,0,-0.677653,-9.47881e-06,0,0.5
1783082153025596928,0.001,0,0,-0.677653,-9.47608e-06,0,0.5
1783082153026596864,0.001,0,0,-0.677653,-9.47335e-06,0,0.5
1783082153027596800,0.001,0,0,-0.677653,-9.47061e-06,0,0.5
1783082153028596736,0.001,0,0,-0.677653,-9.46788e-06,0,0.5
1783082153029596672,0.001,0,0,-0.677653,-9.46515e-06,0,0.5
1783082153030596608,0.001,0,0,-0.677653,-9.46242e-06,0,0.5
1783082153031596544,0.001,0,0,-0.677653,-9.45968e-06,0,0.5
1783082153032596480,0.001,0,0,-0.677653,-9.45695e-06,0,0.5
1783082153033596416,0.001,0,0,-0.677653,-9.45422e-06,0,0.5
1783082153034596352,0.001,0,0,-0.677653,-9.45149e-06,0,0.5
1783082153035596288,0.001,0,0,-0.677653,-9.44875e-06,0,0.5
1783082153036596224,0.001,0,0,-0.677653,-9.44602e-06,0,0.5
1783082153037596160,0.001,0,0,-0.677653,-9.44329e-06,0,0.5
1783082153038596096,0.001,0,0,-0.677653,-9.44056e-06,0,0.5
1783082153039596032,0.001,0,0,-0.677653,-9.43782e-06,0,0.5
1783082153040595968,0.001,0,0,-0.677653,-9.43509e-06,0,0.5
1783082153041595904,0.001,0,0,-0.677653,-9.43236e-06,0,0.5
1783082153042595840,0.001,0,0,-0.677653,-9.42963e-06,0,0.5
1783082153043595776,0.001,0,0,-0.677653,-9.42689e-06,0,0.5
1783082153044595712,0.001,0,0,-0.677653,-9.42416e-06,0,0.5
1783082153045595648,0.001,0,0,-0.677653,-9.42143e-06,0,0.5
1783082153046595584,0.001,0,0,-0.677653,-9.4187e-06,0,0.5
1783082153047595520,0.001,0,0,-0.677653,-9.41596e-06,0,0.5
1783082153048595456,0.001,0,0,-0.677653,-9.41323e-06,0,0.5
1783082153049595392,0.001,0,0,-0.677653,-9.4105e-06,0,0.5
1783082153050595328,0.001,0,0,-0.677653,-9.40777e-06,0,0.5
1783082153051595264,0.001,0,0,-0.677653,-9.40503e-06,0,0.5
1783082153052595200,0.001,-0.678348,-0.678348,-0.677654,-9.54755e-06,0,0.5
1783082153053595136,0.001,0,0,-0.677654,-9.54482e-06,0,0.5
1783082153054595072,0.001,-0.678348,-0.678348,-0.677655,-9.67675e-06,0,0.5
1783082153055595008,0.001,-0.678348,-0.678348,-0.677656,-9.79487e-06,0,0.5
1783082153056594944,0.001,-0.678348,-0.678348,-0.677657,-9.90112e-06,0,0.5
1783082153057594880,0.001,0,0,-0.677657,-9.89839e-06,0,0.5
1783082153058594816,0.001,-0.678348,-0.678348,-0.677657,-9.99755e-06,0,0.5
1783082153059594752,0.001,-0.678348,-0.678348,-0.677658,-1.00872e-05,0,0.5
1783082153060594688,0.001,0,0,-0.677658,-1.00845e-05,0,0.5
1783082153061594624,0.001,-0.678348,-0.678348,-0.677659,-1.01682e-05,0,0.5
1783082153062594560,0.001,0,0,-0.677659,-1.01655e-05,0,0.5
1783082153063594496,0.001,-0.678348,-0.678348,-0.67766,-1.02436e-05,0,0.5
1783082153064594432,0.001,0,0,-0.67766,-1.02408e-05,0,0.5
1783082153065594368,0.001,-0.678348,-0.678348,-0.677661,-1.03136e-05,0,0.5
1783082153066594304,0.001,0,0,-0.677661,-1.03108e-05,0,0.5
1783082153067594240,0.001,-0.678348,-0.678348,-0.677662,-1.03785e-05,0,0.5
1783082153068594176,0.001,-0.678348,-0.678348,-0.677663,-1.04398e-05,0,0.5
1783082153069594112,0.001,0,0,-0.677663,-1.0437e-05,0,0.5
1783082153070594048,0.001,-0.678348,-0.678348,-0.677664,-1.04937e-05,0,0.5
1783082153071593984,0.001,0,0,-0.677664,-1.0491e-05,0,0.5
1783082153072593920,0.001,-0.678348,-0.678348,-0.677665,-1.05432e-05,0,0.5
1783082153073593856,0.001,0,0,-0.677665,-1.05405e-05,0,0.5
1783082153074593792,0.001,-0.678348,-0.678348,-0.677666,-1.05884e-05,0,0.5
1783082153075593728,0.001,-0.678348,-0.678348,-0.677667,-1.06316e-05,0,0.5
1783082153076593664,0.001,-0.678348,-0.678348,-0.677668,-1.06702e-05,0,0.5
1783082153077593600,0.001,-0.678348,-0.678348,-0.677668,-1.07047e-05,0,0.5
1783082153078593536,0.001,-0.678348,-0.678348,-0.677669,-1.07352e-05,0,0.5
1783082153079593472,0.001,-0.678348,-0.678348,-0.67767,-1.0762e-05,0,0.5
1783082153080593408,0.001,-0.678348,-0.678348,-0.677671,-1.07853e-05,0,0.5
1783082153081593344,0.001,-0.678348,-0.678348,-0.677672,-1.08052e-05,0,0.5
1783082153082593280,0.001,-0.678348,-0.678348,-0.677673,-1.0822e-05,0,0.5
1783082153083593216,0.001,-0.678348,-0.678348,-0.677674,-1.08357e-05,0,0.5
1783082153084593152,0.001,-0.678348,-0.678348,-0.677675,-1.08466e-05,0,0.5
1783082153085593088,0.001,-0.678348,-0.678348,-0.677676,-1.08547e-05,0,0.5
1783082153086593024,0.001,-0.678348,-0.678348,-0.677676,-1.08602e-05,0,0.5
1783082153087592960,0.001,-0.678348,-0.678348,-0.677677,-1.08632e-05,0,0.5
1783082153088592896,0.001,-0.678348,-0.678348,-0.677678,-1.08637e-05,0,0.5
1783082153089592832,0.001,0,0,-0.677678,-1.0861e-05,0,0.5
1783082153090592768,0.001,-0.678348,-0.678348,-0.677679,-1.08581e-05,0,0.5
1783082153091592704,0.001,-0.678348,-0.678348,-0.67768,-1.0853e-05,0,0.5
1783082153092592640,0.001,-0.678348,-0.678348,-0.677681,-1.0846e-05,0,0.5
1783082153093592576,0.001,0,0,-0.677681,-1.08432e-05,0,0.5
1783082153094592512,0.001,-0.678348,-0.678348,-0.677682,-1.0833e-05,0,0.5
1783082153095592448,0.001,0,0,-0.677682,-1.08302e-05,0,0.5
1783082153096592384,0.001,-0.678348,-0.678348,-0.677683,-1.08169e-05,0,0.5
1783082153097592320,0.001,0,0,-0.677683,-1.08142e-05,0,0.5
1783082153098592256,0.001,-0.678348,-0.678348,-0.677683,-1.07982e-05,0,0.5
1783082153099592192,0.001,-0.678348,-0.678348,-0.677684,-1.07808e-05,0,0.5
1783082153100592128,0.001,-0.678348,-0.678348,-0.677685,-1.07622e-05,0,0.5
1783082153101592064,0.001,0,0,-0.677685,-1.07595e-05,0,0.5
1783082153102592000,0.001,-0.678348,-0.678348,-0.677686,-1.07383e-05,0,0.5
1783082153103591936,0.001,-0.678348,-0.678348,-0.677687,-1.0716e-05,0,0.5
1783082153104591872,0.001,-0.678348,-0.678348,-0.677688,-1.06926e-05,0,0.5
1783082153105591808,0.001,-0.678348,-0.678348,-0.677689,-1.06682e-05,0,0.5
1783082153106591744,0.001,0,0,-0.677689,-1.06655e-05,0,0.5
1783082153107591680,0.001,-0.678348,-0.678348,-0.677689,-1.06387e-05,0,0.5
1783082153108591616,0.001,0,0,-0.677689,-1.0636e-05,0,0.5
1783082153109591552,0.001,-0.678348,-0.678348,-0.67769,-1.06069e-05,0,0.5
1783082153110591488,0.001,-0.678348,-0.678348,-0.677691,-1.05772e-05,0,0.5
1783082153111591424,0.001,0,0,-0.677691,-1.05745e-05,0,0.5
1783082153112591360,0.001,-0.678348,-0.678348,-0.677692,-1.05428e-05,0,0.5
1783082153113591296,0.001,-0.678348,-0.678348,-0.677693,-1.05106e-05,0,0.5
1783082153114591232,0.001,-0.678348,-0.678348,-0.677694,-1.04779e-05,0,0.5
1783082153115591168,0.001,-0.678348,-0.678348,-0.677694,-1.04447e-05,0,0.5
1783082153116591104,0.001,0,0,-0.677694,-1.0442e-05,0,0.5
1783082153117591040,0.001,-0.678348,-0.678348,-0.677695,-1.04069e-05,0,0.5
1783082153118590976,0.001,0,0,-0.677695,-1.04041e-05,0,0.5
1783082153119590912,0.001,-0.678348,-0.678348,-0.677696,-1.03673e-05,0,0.5
1783082153120590848,0.001,0,0,-0.677696,-1.03646e-05,0,0.5
1783082153121590784,0.001,-0.678348,-0.678348,-0.677697,-1.03262e-05,0,0.5
1783082153122590720,0.001,0,0,-0.677697,-1.03235e-05,0,0.5
1783082153123590656,0.001,-0.678348,-0.678348,-0.677698,-1.02838e-05,0,0.5
1783082153124590592,0.001,0,0,-0.677698,-1.02811e-05,0,0.5
1783082153125590528,0.001,-0.678348,-0.678348,-0.677699,-1.02403e-05,0,0.5
1783082153126590464,0.001,0,0,-0.677699,-1.02376e-05,0,0.5
1783082153127590400,0.001,-0.678348,-0.678348,-0.6777,-1.01958e-05,0,0.5
1783082153128590336,0.001,-0.678348,-0.678348,-0.6777,-1.01545e-05,0,0.5
1783082153129590272,0.001,-0.678348,-0.678348,-0.677701,-1.01135e-05,0,0.5
1783082153130590208,0.001,0,0,-0.677701,-1.01107e-05,0,0.5
1783082153131590144,0.001,-0.678348,-0.678348,-0.677702,-1.00687e-05,0,0.5
1783082153132590080,0.001,0,0,-0.677702,-1.0066e-05,0,0.5
1783082153133590016,0.001,-0.678348,-0.678348,-0.677703,-1.00231e-05,0,0.5
1783082153134589952,0.001,0,0,-0.677703,-1.00204e-05,0,0.5
1783082153135589888,0.001,-0.678348,-0.678348,-0.677704,-9.97694e-06,0,0.5
1783082153136589824,0.001,0,0,-0.677704,-9.9742e-06,0,0.5
1783082153137589760,0.001,-0.678348,-0.678348,-0.677705,-9.93022e-06,0,0.5
1783082153138589696,0.001,0,0,-0.677705,-9.92749e-06,0,0.5
1783082153139589632,0.001,-0.678348,-0.678348,-0.677705,-9.88315e-06,0,0.5
1783082153140589568,0.001,-0.678348,-0.678348,-0.677706,-9.83955e-06,0,0.5
1783082153141589504,0.001,-0.678348,-0.678348,-0.677707,-9.79661e-06,0,0.5
1783082153142589440,0.001,-0.678348,-0.678348,-0.677708,-9.75423e-06,0,0.5
1783082153143589376,0.001,-0.678348,-0.678348,-0.677709,-9.71235e-06,0,0.5
1783082153144589312,0.001,-0.678348,-0.678348,-0.677709,-9.67088e-06,0,0.5
1783082153145589248,0.001,0,0,-0.67771,-9.66815e-06,0,0.5
1783082153146589184,0.001,-0.678348,-0.678348,-0.67771,-9.62591e-06,0,0.5
1783082153147589120,0.001,0,0,-0.67771,-9.62318e-06,0,0.5
1783082153148589056,0.001,-0.678348,-0.678348,-0.677711,-9.58034e-06,0,0.5
1783082153149588992,0.001,-0.678348,-0.678348,-0.677712,-9.53808e-06,0,0.5
1783082153150588928,0.001,-0.678348,-0.678348,-0.677713,-9.49635e-06,0,0.5
1783082153151588864,0.001,-0.678348,-0.678348,-0.677714,-9.45506e-06,0,0.5
1783082153152588800,0.001,-0.678348,-0.678348,-0.677714,-9.41416e-06,0,0.5
1783082153153588736,0.001,-0.678348,-0.678348,-0.677715,-9.3736e-06,0,0.5
1783082153154588672,0.001,-0.678348,-0.678348,-0.677716,-9.33334e-06,0,0.5
1783082153155588608,0.001,-0.678348,-0.678348,-0.677717,-9.29334e-06,0,0.5
1783082153156588544,0.001,-0.678348,-0.678348,-0.677718,-9.25356e-06,0,0.5
1783082153157588480,0.001,-0.678348,-0.678348,-0.677718,-9.21398e-06,0,0.5
1783082153158588416,0.001,-0.678348,-0.678348,-0.677719,-9.17455e-06,0,0.5
1783082153159588352,0.001,-0.678348,-0.678348,-0.67772,-9.13527e-06,0,0.5
1783082153160588288,0.001,-0.678348,-0.678348,-0.677721,-9.09611e-06,0,0.5
1783082153161588224,0.001,-0.678348,-0.678348,-0.677721,-9.05706e-06,0,0.5
1783082153162588160,0.001,-0.678348,-0.678348,-0.677722,-9.01809e-06,0,0.5
1783082153163588096,0.001,-0.678348,-0.678348,-0.677723,-8.9792e-06,0,0.5
1783082153164588032,0.001,-0.678348,-0.678348,-0.677724,-8.94037e-06,0,0.5
1783082153165587968,0.001,-0.678348,-0.678348,-0.677725,-8.90161e-06,0,0.5
1783082153166587904,0.001,-0.678348,-0.678348,-0.677725,-8.86289e-06,0,0.5
1783082153167587840,0.001,-0.678348,-0.678348,-0.677726,-8.82422e-06,0,0.5
1783082153168587776,0.001,-0.678348,-0.678348,-0.677727,-8.78559e-06,0,0.5
1783082153169587712,0.001,-0.678348,-0.678348,-0.677728,-8.747e-06,0,0.5
1783082153170587648,0.001,-0.678348,-0.678348,-0.677728,-8.70845e-06,0,0.5
1783082153171587584,0.001,-0.678348,-0.678348,-0.677729,-8.66993e-06,0,0.5
1783082153172587520,0.001,-0.678348,-0.678348,-0.67773,-8.63146e-06,0,0.5
1783082153173587456,0.001,-0.678348,-0.678348,-0.677731,-8.59302e-06,0,0.5
1783082153174587392,0.001,-0.678348,-0.678348,-0.677732,-8.55463e-06,0,0.5
1783082153175587328,0.001,-0.678348,-0.678348,-0.677732,-8.51628e-06,0,0.5
1783082153176587264,0.001,-0.678348,-0.678348,-0.677733,-8.47798e-06,0,0.5
1783082153177587200,0.001,-0.678348,-0.678348,-0.677734,-8.43973e-06,0,0.5
1783082153178587136,0.001,-0.678348,-0.678348,-0.677735,-8.40153e-06,0,0.5
1783082153179587072,0.001,0,0,-0.677735,-8.39879e-06,0,0.5
1783082153180587008,0.001,0,0,-0.677735,-8.39605e-06,0,0.5
1783082153181586944,0.001,0,0,-0.677735,-8.39331e-06,0,0.5
1783082153182586880,0.001,0,0,-0.677735,-8.39057e-06,0,0.5
1783082153183586816,0.001,0,0,-0.677735,-8.38783e-06,0,0.5
1783082153184586752,0.001,0,0,-0.677735,-8.38509e-06,0,0.5
1783082153185586688,0.001,0,0,-0.677735,-8.38235e-06,0,0.5
1783082153186586624,0.001,0,0,-0.677735,-8.37961e-06,0,0.5
1783082153187586560,0.001,0,0,-0.677735,-8.37687e-06,0,0.5
1783082153188586496,0.001,0,0,-0.677735,-8.37413e-06,0,0.5
1783082153189586432,0.001,0,0,-0.677735,-8.37139e-06,0,0.5
1783082153190586368,0.001,0,0,-0.677735,-8.36865e-06,0,0.5
1783082153191586304,0.001,0,0,-0.677735,-8.36591e-06,0,0.5
1783082153192586240,0.001,0,0,-0.677735,-8.36317e-06,0,0.5
1783082153193586176,0.001,0,0,-0.677735,-8.36043e-06,0,0.5
1783082153194586112,0.001,0,0,-0.677735,-8.35769e-06,0,0.5
1783082153195586048,0.001,0,0,-0.677735,-8.35495e-06,0,0.5
1783082153196585984,0.001,0,0,-0.677735,-8.35221e-06,0,0.5
1783082153197585920,0.001,0,0,-0.677735,-8.34947e-06,0,0.5
1783082153198585856,0.001,0,0,-0.677735,-8.34673e-06,0,0.5
1783082153199585792,0.001,0,0,-0.677735,-8.34399e-06,0,0.5
1783082153200585728,0.001,0,0,-0.677735,-8.34125e-06,0,0.5
1783082153201585664,0.001,0,0,-0.677735,-8.33851e-06,0,0.5
1783082153202585600,0.001,0,0,-0.677735,-8.33577e-06,0,0.5
1783082153203585536,0.001,0,0,-0.677735,-8.33303e-06,0,0.5
1783082153204585472,0.001,0,0,-0.677735,-8.33029e-06,0,0.5
1783082153205585408,0.001,0,0,-0.677735,-8.32755e-06,0,0.5
1783082153206585344,0.001,0,0,-0.677735,-8.32481e-06,0,0.5
1783082153207585280,0.001,0,0,-0.677735,-8.32207e-06,0,0.5
1783082153208585216,0.001,0,0,-0.677735,-8.31933e-06,0,0.5
1783082153209585152,0.001,0,0,-0.677735,-8.31659e-06,0,0.5
1783082153210585088,0.001,0,0,-0.677735,-8.31385e-06,0,0.5
1783082153211585024,0.001,0,0,-0.677735,-8.31111e-06,0,0.5
1783082153212584960,0.001,0,0,-0.677735,-8.30837e-06,0,0.5
1783082153213584896,0.001,0,0,-0.677735,-8.30563e-06,0,0.5
1783082153214584832,0.001,0,0,-0.677735,-8.30289e-06,0,0.5
1783082153215584768,0.001,0,0,-0.677735,-8.30015e-06,0,0.5
1783082153216584704,0.001,0,0,-0.677735,-8.29741e-06,0,0.5
1783082153217584640,0.001,0,0,-0.677735,-8.29467e-06,0,0.5
1783082153218584576,0.001,0,0,-0.677735,-8.29193e-06,0,0.5
1783082153219584512,0.001,0,0,-0.677735,-8.28919e-06,0,0.5
1783082153220584448,0.001,0,0,-0.677735,-8.28645e-06,0,0.5
1783082153221584384,0.001,0,0,-0.677735,-8.28371e-06,0,0.5
1783082153222584320,0.001,0,0,-0.677735,-8.28097e-06,0,0.5
1783082153223584256,0.001,0,0,-0.677735,-8.27823e-06,0,0.5
1783082153224584192,0.001,0,0,-0.677735,-8.27549e-06,0,0.5
1783082153225584128,0.001,0,0,-0.677735,-8.27275e-06,0,0.5
1783082153226584064,0.001,0,0,-0.677735,-8.27001e-06,0,0.5
1783082153227584000,0.001,0,0,-0.677735,-8.26727e-06,0,0.5
1783082153228583936,0.001,0,0,-0.677735,-8.26453e-06,0,0.5
1783082153229583872,0.001,0,0,-0.677735,-8.26179e-06,0,0.5
1783082153230583808,0.001,0,0,-0.677735,-8.25905e-06,0,0.5
1783082153231583744,0.001,0,0,-0.677735,-8.25631e-06,0,0.5
1783082153232583680,0.001,0,0,-0.677735,-8.25357e-06,0,0.5
1783082153233583616,0.001,0,0,-0.677735,-8.25083e-06,0,0.5
1783082153234583552,0.001,0,0,-0.677735,-8.24809e-06,0,0.5
1783082153235583488,0.001,0,0,-0.677735,-8.24535e-06,0,0.5
1783082153236583424,0.001,0,0,-0.677735,-8.24261e-06,0,0.5
1783082153237583360,0.001,0,0,-0.677735,-8.23987e-06,0,0.5
1783082153238583296,0.001,0,0,-0.677735,-8.23713e-06,0,0.5
1783082153239583232,0.001,0,0,-0.677735,-8.23438e-06,0,0.5
1783082153240583168,0.001,0,0,-0.677735,-8.23164e-06,0,0.5
1783082153241583104,0.001,0,0,-0.677735,-8.22891e-06,0,0.5
1783082153242583040,0.001,0,0,-0.677735,-8.22616e-06,0,0.5
1783082153243582976,0.001,0,0,-0.677735,-8.22342e-06,0,0.5
1783082153244582912,0.001,0,0,-0.677735,-8.22068e-06,0,0.5
1783082153245582848,0.001,0,0,-0.677735,-8.21794e-06,0,0.5
1783082153246582784,0.001,0,0,-0.677735,-8.2152e-06,0,0.5
1783082153247582720,0.001,0,0,-0.677735,-8.21246e-06,0,0.5
1783082153248582656,0.001,0,0,-0.677735,-8.20972e-06,0,0.5
1783082153249582592,0.001,0,0,-0.677735,-8.20698e-06,0,0.5
1783082153250582528,0.001,0,0,-0.677735,-8.20424e-06,0,0.5
1783082153251582464,0.001,0,0,-0.677735,-8.2015e-06,0,0.5
1783082153252582400,0.001,0,0,-0.677735,-8.19876e-06,0,0.5
1783082153253582336,0.001,-0.678348,-0.678348,-0.677736,-8.2797e-06,0,0.5
1783082153254582272,0.001,0,0,-0.677736,-8.27696e-06,0,0.5
1783082153255582208,0.001,-0.678348,-0.678348,-0.677737,-8.35418e-06,0,0.5
1783082153256582144,0.001,-0.678348,-0.678348,-0.677738,-8.42435e-06,0,0.5
1783082153257582080,0.001,-0.678348,-0.678348,-0.677738,-8.48829e-06,0,0.5
1783082153258582016,0.001,-0.678348,-0.678348,-0.677739,-8.54666e-06,0,0.5
1783082153259581952,0.001,-0.678348,-0.678348,-0.67774,-8.60001e-06,0,0.5
1783082153260581888,0.001,-0.678348,-0.678348,-0.677741,-8.64879e-06,0,0.5
1783082153261581824,0.001,-0.678348,-0.678348,-0.677741,-8.69338e-06,0,0.5
1783082153262581760,0.001,-0.678348,-0.678348,-0.677742,-8.7341e-06,0,0.5
1783082153263581696,0.001,-0.678348,-0.678348,-0.677743,-8.77123e-06,0,0.5
1783082153264581632,0.001,-0.678348,-0.678348,-0.677744,-8.805e-06,0,0.5
1783082153265581568,0.001,0,0,-0.677744,-8.80226e-06,0,0.5
1783082153266581504,0.001,-0.678348,-0.678348,-0.677744,-8.83374e-06,0,0.5
1783082153267581440,0.001,0,0,-0.677744,-8.831e-06,0,0.5
1783082153268581376,0.001,-0.678348,-0.678348,-0.677745,-8.8602e-06,0,0.5
1783082153269581312,0.001,0,0,-0.677745,-8.85746e-06,0,0.5
1783082153270581248,0.001,-0.678348,-0.678348,-0.677746,-8.88441e-06,0,0.5
1783082153271581184,0.001,0,0,-0.677746,-8.88168e-06,0,0.5
1783082153272581120,0.001,0,0,-0.677746,-8.87894e-06,0,0.5
1783082153273581056,0.001,-0.678348,-0.678348,-0.677747,-8.90431e-06,0,0.5
1783082153274580992,0.001,0,0,-0.677747,-8.90157e-06,0,0.5
1783082153275580928,0.001,-0.678348,-0.678348,-0.677748,-8.92483e-06,0,0.5
1783082153276580864,0.001,0,0,-0.677748,-8.92209e-06,0,0.5
1783082153277580800,0.001,-0.678348,-0.678348,-0.677748,-8.94326e-06,0,0.5
1783082153278580736,0.001,-0.678348,-0.678348,-0.677749,-8.96201e-06,0,0.5
1783082153279580672,0.001,0,0,-0.677749,-8.95928e-06,0,0.5
1783082153280580608,0.001,-0.678348,-0.678348,-0.67775,-8.97595e-06,0,0.5
1783082153281580544,0.001,-0.678348,-0.678348,-0.677751,-8.99042e-06,0,0.5
1783082153282580480,0.001,-0.678348,-0.678348,-0.677751,-9.00279e-06,0,0.5
1783082153283580416,0.001,0,0,-0.677751,-9.00005e-06,0,0.5
1783082153284580352,0.001,-0.678348,-0.678348,-0.677752,-9.01031e-06,0,0.5
1783082153285580288,0.001,0,0,-0.677752,-9.00757e-06,0,0.5
1783082153286580224,0.001,-0.678348,-0.678348,-0.677753,-9.0158e-06,0,0.5
1783082153287580160,0.001,0,0,-0.677753,-9.01306e-06,0,0.5
1783082153288580096,0.001,-0.678348,-0.678348,-0.677754,-9.01935e-06,0,0.5
1783082153289580032,0.001,0,0,-0.677754,-9.01661e-06,0,0.5
1783082153290579968,0.001,-0.678348,-0.678348,-0.677754,-9.02104e-06,0,0.5
1783082153291579904,0.001,0,0,-0.677754,-9.0183e-06,0,0.5
1783082153292579840,0.001,-0.678348,-0.678348,-0.677755,-9.02095e-06,0,0.5
1783082153293579776,0.001,0,0,-0.677755,-9.01822e-06,0,0.5
1783082153294579712,0.001,-0.678348,-0.678348,-0.677756,-9.01916e-06,0,0.5
1783082153295579648,0.001,0,0,-0.677756,-9.01642e-06,0,0.5
1783082153296579584,0.001,-0.678348,-0.678348,-0.677757,-9.01574e-06,0,0.5
1783082153297579520,0.001,0,0,-0.677757,-9.01301e-06,0,0.5
1783082153298579456,0.001,-0.678348,-0.678348,-0.677757,-9.01078e-06,0,0.5
1783082153299579392,0.001,0,0,-0.677757,-9.00804e-06,0,0.5
1783082153300579328,0.001,-0.678348,-0.678348,-0.677758,-9.00433e-06,0,0.5
1783082153301579264,0.001,0,0,-0.677758,-9.00159e-06,0,0.5
1783082153302579200,0.001,-0.678348,-0.678348,-0.677759,-8.99647e-06,0,0.5
1783082153303579136,0.001,0,0,-0.677759,-8.99373e-06,0,0.5
1783082153304579072,0.001,-0.678348,-0.678348,-0.67776,-8.98727e-06,0,0.5
1783082153305579008,0.001,0,0,-0.67776,-8.98454e-06,0,0.5
1783082153306578944,0.001,-0.678348,-0.678348,-0.67776,-8.9768e-06,0,0.5
1783082153307578880,0.001,-0.678348,-0.678348,-0.677761,-8.96823e-06,0,0.5
1783082153308578816,0.001,-0.678348,-0.678348,-0.677762,-8.95881e-06,0,0.5
1783082153309578752,0.001,0,0,-0.677762,-8.95607e-06,0,0.5
1783082153310578688,0.001,-0.678348,-0.678348,-0.677763,-8.94526e-06,0,0.5
1783082153311578624,0.001,0,0,-0.677763,-8.94252e-06,0,0.5
1783082153312578560,0.001,-0.678348,-0.678348,-0.677763,-8.93041e-06,0,0.5
1783082153313578496,0.001,0,0,-0.677763,-8.92768e-06,0,0.5
1783082153314578432,0.001,-0.678348,-0.678348,-0.677764,-8.91437e-06,0,0.5
1783082153315578368,0.001,0,0,-0.677764,-8.91163e-06,0,0.5
1783082153316578304,0.001,-0.678348,-0.678348,-0.677765,-8.8972e-06,0,0.5
1783082153317578240,0.001,0,0,-0.677765,-8.89447e-06,0,0.5
1783082153318578176,0.001,-0.678348,-0.678348,-0.677765,-8.879e-06,0,0.5
1783082153319578112,0.001,0,0,-0.677765,-8.87627e-06,0,0.5
1783082153320578048,0.001,-0.678348,-0.678348,-0.677766,-8.85985e-06,0,0.5
1783082153321577984,0.001,-0.678348,-0.678348,-0.677767,-8.84305e-06,0,0.5
1783082153322577920,0.001,0,0,-0.677767,-8.84032e-06,0,0.5
1783082153323577856,0.001,-0.678348,-0.678348,-0.677768,-8.82253e-06,0,0.5
1783082153324577792,0.001,0,0,-0.677768,-8.8198e-06,0,0.5
1783082153325577728,0.001,-0.678348,-0.678348,-0.677768,-8.80111e-06,0,0.5
1783082153326577664,0.001,0,0,-0.677768,-8.79837e-06,0,0.5
1783082153327577600,0.001,-0.678348,-0.678348,-0.677769,-8.77886e-06,0,0.5
1783082153328577536,0.001,0,0,-0.677769,-8.77613e-06,0,0.5
1783082153329577472,0.001,-0.678348,-0.678348,-0.67777,-8.75587e-06,0,0.5
1783082153330577408,0.001,0,0,-0.67777,-8.75313e-06,0,0.5
1783082153331577344,0.001,-0.678348,-0.678348,-0.677771,-8.7322e-06,0,0.5
1783082153332577280,0.001,0,0,-0.677771,-8.72946e-06,0,0.5
1783082153333577216,0.001,-0.678348,-0.678348,-0.677771,-8.70793e-06,0,0.5
1783082153334577152,0.001,0,0,-0.677771,-8.70519e-06,0,0.5
1783082153335577088,0.001,-0.678348,-0.678348,-0.677772,-8.68311e-06,0,0.5
1783082153336577024,0.001,0,0,-0.677772,-8.68037e-06,0,0.5
1783082153337576960,0.001,-0.678348,-0.678348,-0.677773,-8.65781e-06,0,0.5
1783082153338576896,0.001,-0.678348,-0.678348,-0.677773,-8.63531e-06,0,0.5
1783082153339576832,0.001,0,0,-0.677773,-8.63257e-06,0,0.5
1783082153340576768,0.001,0,0,-0.677773,-8.62983e-06,0,0.5
1783082153341576704,0.001,-0.678348,-0.678348,-0.677774,-8.6063e-06,0,0.5
1783082153342576640,0.001,-0.678348,-0.678348,-0.677775,-8.58293e-06,0,0.5
1783082153343576576,0.001,0,0,-0.677775,-8.58019e-06,0,0.5
1783082153344576512,0.001,-0.678348,-0.678348,-0.677776,-8.55638e-06,0,0.5
1783082153345576448,0.001,-0.678348,-0.678348,-0.677776,-8.5327e-06,0,0.5
1783082153346576384,0.001,0,0,-0.677776,-8.52996e-06,0,0.5
1783082153347576320,0.001,-0.678348,-0.678348,-0.677777,-8.50578e-06,0,0.5
1783082153348576256,0.001,0,0,-0.677777,-8.50304e-06,0,0.5
1783082153349576192,0.001,-0.678348,-0.678348,-0.677778,-8.47843e-06,0,0.5
1783082153350576128,0.001,-0.678348,-0.678348,-0.677778,-8.45399e-06,0,0.5
1783082153351576064,0.001,0,0,-0.677778,-8.45125e-06,0,0.5
1783082153352576000,0.001,-0.678348,-0.678348,-0.677765,-0.00950433,0,0.5
1783082153353575936,0.001,0,0,-0.677779,-0.0193103,0,0.5
1783082153354575872,0.001,-0.678348,-0.678348,-0.677748,-0.0281933,0,0.5
1783082153355575808,0.001,0,0,-0.677781,-0.0377997,0,0.5
1783082153356575744,0.001,-0.678348,-0.678348,-0.677733,-0.0457409,0,0.5
1783082153357575680,0.001,0,0,-0.677784,-0.0550499,0,0.5
1783082153358575616,0.001,-0.678348,-0.678348,-0.67772,-0.0622022,0,0.5
1783082153359575552,0.001,0,0,-0.677787,-0.071312,0,0.5
1783082153360575488,0.001,-0.678348,-0.678348,-0.677708,-0.0777823,0,0.5
1783082153361575424,0.001,0,0,-0.677791,-0.0867585,0,0.5
1783082153362575360,0.001,0,0,-0.677882,-0.0956854,0,0.5
1783082153363575296,0.001,-0.678348,-0.678348,-0.677778,-0.101169,0,0.5
1783082153364575232,0.001,-0.678348,-0.678348,-0.677673,-0.106497,0,0.5
1783082153365575168,0.001,-0.678348,-0.678348,-0.677566,-0.111681,0,0.5
1783082153366575104,0.001,-0.678348,-0.678348,-0.677459,-0.116733,0,0.5
1783082153367575040,0.001,0,0,-0.67758,-0.125517,0,0.5
1783082153368574976,0.001,-0.678348,-0.678348,-0.677461,-0.13009,0,0.5
1783082153369574912,0.001,0,0,-0.677596,-0.138846,0,0.5
1783082153370574848,0.001,-0.678348,-0.678348,-0.677465,-0.142964,0,0.5
1783082153371574784,0.001,-0.678348,-0.678348,-0.677336,-0.14701,0,0.5
1783082153372574720,0.001,0,0,-0.677487,-0.15574,0,0.5
1783082153373574656,0.001,-0.678348,-0.678348,-0.677347,-0.159356,0,0.5
1783082153374574592,0.001,-0.678348,-0.678348,-0.677208,-0.162924,0,0.5
1783082153375574528,0.001,0,0,-0.677376,-0.171639,0,0.5
1783082153376574464,0.001,-0.678348,-0.678348,-0.677227,-0.174797,0,0.5
1783082153377574400,0.001,0,0,-0.677406,-0.183505,0,0.5
1783082153378574336,0.001,-0.678348,-0.678348,-0.677247,-0.186266,0,0.5
1783082153379574272,0.001,0,0,-0.677438,-0.19497,0,0.5
1783082153380574208,0.001,-0.678348,-0.678348,-0.677269,-0.197345,0,0.5
1783082153381574144,0.001,0,0,-0.677471,-0.206045,0,0.5
1783082153382574080,0.001,-0.678348,-0.678348,-0.677293,-0.208047,0,0.5
1783082153383574016,0.001,-0.678348,-0.678348,-0.67712,-0.210076,0,0.5
1783082153384573952,0.001,0,0,-0.677334,-0.218772,0,0.5
1783082153385573888,0.001,-0.678348,-0.678348,-0.677152,-0.220436,0,0.5
1783082153386573824,0.001,-0.678348,-0.678348,-0.676974,-0.22214,0,0.5
1783082153387573760,0.001,0,0,-0.677201,-0.230832,0,0.5
1783082153388573696,0.001,-0.678348,-0.678348,-0.677014,-0.232179,0,0.5
1783082153389573632,0.001,-0.678348,-0.678348,-0.676833,-0.233576,0,0.5
1783082153390573568,0.001,0,0,-0.677071,-0.242266,0,0.5
1783082153391573504,0.001,-0.678348,-0.678348,-0.676882,-0.243313,0,0.5
1783082153392573440,0.001,0,0,-0.677129,-0.252001,0,0.5
1783082153393573376,0.001,-0.678348,-0.678348,-0.676932,-0.252709,0,0.5
1783082153394573312,0.001,0,0,-0.677189,-0.261395,0,0.5
1783082153395573248,0.001,-0.678348,-0.678348,-0.676983,-0.261773,0,0.5
1783082153396573184,0.001,0,0,-0.677249,-0.270457,0,0.5
1783082153397573120,0.001,-0.678348,-0.678348,-0.677035,-0.270516,0,0.5
1783082153398573056,0.001,-0.678348,-0.678348,-0.676828,-0.270683,0,0.5
1783082153399572992,0.001,-0.678348,-0.678348,-0.676628,-0.270948,0,0.5
1783082153400572928,0.001,0,0,-0.676904,-0.279628,0,0.5
1783082153401572864,0.001,-0.678348,-0.678348,-0.676696,-0.27957,0,0.5
1783082153402572800,0.001,0,0,-0.67698,-0.288248,0,0.5
1783082153403572736,0.001,-0.678348,-0.678348,-0.676765,-0.287878,0,0.5
1783082153404572672,0.001,0,0,-0.677057,-0.296554,0,0.5
1783082153405572608,0.001,-0.678348,-0.678348,-0.676834,-0.29588,0,0.5
1783082153406572544,0.001,-0.678348,-0.678348,-0.676619,-0.295342,0,0.5
1783082153407572480,0.001,0,0,-0.676919,-0.304014,0,0.5
1783082153408572416,0.001,-0.678348,-0.678348,-0.676697,-0.303175,0,0.5
1783082153409572352,0.001,0,0,-0.677004,-0.311845,0,0.5
1783082153410572288,0.001,-0.678348,-0.678348,-0.676775,-0.310714,0,0.5
1783082153411572224,0.001,0,0,-0.67709,-0.319381,0,0.5
1783082153412572160,0.001,-0.678348,-0.678348,-0.676853,-0.317967,0,0.5
1783082153413572096,0.001,-0.678348,-0.678348,-0.676626,-0.316723,0,0.5
1783082153414572032,0.001,-0.678348,-0.678348,-0.676407,-0.315633,0,0.5
1783082153415571968,0.001,0,0,-0.676727,-0.324295,0,0.5
1783082153416571904,0.001,-0.678348,-0.678348,-0.676501,-0.322914,0,0.5
1783082153417571840,0.001,0,0,-0.676828,-0.331574,0,0.5
1783082153418571776,0.001,-0.678348,-0.678348,-0.676595,-0.32991,0,0.5
1783082153419571712,0.001,-0.678348,-0.678348,-0.676371,-0.328419,0,0.5
1783082153420571648,0.001,0,0,-0.676703,-0.337075,0,0.5
1783082153421571584,0.001,-0.678348,-0.678348,-0.676472,-0.335302,0,0.5
1783082153422571520,0.001,0,0,-0.676811,-0.343955,0,0.5
1783082153423571456,0.001,0,0,-0.67716,-0.352606,0,0.5
1783082153424571392,0.001,0,0,-0.677517,-0.361256,0,0.5
1783082153425571328,0.001,0,0,-0.677882,-0.369904,0,0.5
1783082153426571264,0.001,0,0,-0.678256,-0.378551,0,0.5
1783082153427571200,0.001,0,0,-0.678639,-0.387196,0,0.5
1783082153428571136,0.001,0,0,-0.679031,-0.39584,0,0.5
1783082153429571072,0.001,0,0,-0.679431,-0.404483,0,0.5
1783082153430571008,0.001,0,0,-0.67984,-0.413123,0,0.5
1783082153431570944,0.001,0,0,-0.680257,-0.421762,0,0.5
1783082153432570880,0.001,0,0,-0.680683,-0.4304,0,0.5
1783082153433570816,0.001,0,0,-0.681118,-0.439036,0,0.5
1783082153434570752,0.001,0,0,-0.681561,-0.44767,0,0.5
1783082153435570688,0.001,0,0,-0.682013,-0.456303,0,0.5
1783082153436570624,0.001,0,0,-0.682474,-0.464934,0,0.5
1783082153437570560,0.001,0,0,-0.682943,-0.473563,0,0.5
1783082153438570496,0.001,0,0,-0.683421,-0.48219,0,0.5
1783082153439570432,0.001,0,0,-0.683907,-0.490816,0,0.5
1783082153440570368,0.001,0,0,-0.684402,-0.49944,0,0.5
1783082153441570304,0.001,0,0,-0.684906,-0.508062,0,0.5
1783082153442570240,0.001,0,0,-0.685418,-0.516683,0,0.5
1783082153443570176,0.001,0,0,-0.685939,-0.525301,0,0.5
1783082153444570112,0.001,0,0,-0.686469,-0.533918,0,0.5
1783082153445570048,0.001,0,0,-0.687007,-0.542533,0,0.5
1783082153446569984,0.001,0,0,-0.687554,-0.551146,0,0.5
1783082153447569920,0.001,0,0,-0.688109,-0.559757,0,0.5
1783082153448569856,0.001,0,0,-0.688673,-0.568366,0,0.5
1783082153449569792,0.001,0,0,-0.689246,-0.576973,0,0.5
1783082153450569728,0.001,0,0,-0.689827,-0.585579,0,0.5
1783082153451569664,0.001,0,0,-0.690417,-0.594182,0,0.5
1783082153452569600,0.001,0,0,-0.691015,-0.602783,0,0.5
1783082153453569536,0.001,0,0,-0.691623,-0.611383,0,0.5
1783082153454569472,0.001,0,0,-0.692238,-0.61998,0,0.5
1783082153455569408,0.001,0,0,-0.692862,-0.628575,0,0.5
1783082153456569344,0.001,0,0,-0.693495,-0.637168,0,0.5
1783082153457569280,0.001,0,0,-0.694137,-0.645759,0,0.5
1783082153458569216,0.001,0,0,-0.694787,-0.654348,0,0.5
1783082153459569152,0.001,0,0,-0.695445,-0.662935,0,0.5
1783082153460569088,0.001,0,0,-0.696113,-0.67152,0,0.5
1783082153461569024,0.001,0,0,-0.696788,-0.680102,0,0.5
1783082153462568960,0.001,0,0,-0.697473,-0.688683,0,0.5
1783082153463568896,0.001,0,0,-0.698166,-0.697261,0,0.5
1783082153464568832,0.001,0,0,-0.698867,-0.705837,0,0.5
1783082153465568768,0.001,0,0,-0.699577,-0.71441,0,0.5
1783082153466568704,0.001,0,0,-0.700296,-0.722982,0,0.5
1783082153467568640,0.001,0,0,-0.701023,-0.731551,0,0.5
1783082153468568576,0.001,0,0,-0.701759,-0.740117,0,0.5
1783082153469568512,0.001,0,0,-0.702503,-0.748682,0,0.5
1783082153470568448,0.001,0,0,-0.703256,-0.757244,0,0.5
1783082153471568384,0.001,0,0,-0.704018,-0.765804,0,0.5
1783082153472568320,0.001,0,0,-0.704788,-0.774361,0,0.5
1783082153473568256,0.001,0,0,-0.705566,-0.782916,0,0.5
1783082153474568192,0.001,0,0,-0.706353,-0.791469,0,0.5
1783082153475568128,0.001,0,0,-0.707149,-0.800019,0,0.5
1783082153476568064,0.001,0,0,-0.707953,-0.808567,0,0.5
1783082153477568000,0.001,0,0,-0.708766,-0.817112,0,0.5
1783082153478567936,0.001,0,0,-0.709587,-0.825655,0,0.5
1783082153479567872,0.001,0,0,-0.710417,-0.834195,0,0.5
1783082153480567808,0.001,0,0,-0.711256,-0.842733,0,0.5
1783082153481567744,0.001,0,0,-0.712103,-0.851268,0,0.5
1783082153482567680,0.001,0,0,-0.712958,-0.8598,0,0.5
1783082153483567616,0.001,0,0,-0.713822,-0.86833,0,0.5
1783082153484567552,0.001,0,0,-0.714695,-0.876858,0,0.5
1783082153485567488,0.001,0,0,-0.715576,-0.885383,0,0.5
1783082153486567424,0.001,0,0,-0.716465,-0.893905,0,0.5
1783082153487567360,0.001,0,0,-0.717363,-0.902424,0,0.5
1783082153488567296,0.001,0,0,-0.71827,-0.910941,0,0.5
1783082153489567232,0.001,0,0,-0.719185,-0.919455,0,0.5
1783082153490567168,0.001,0,0,-0.720109,-0.927967,0,0.5
1783082153491567104,0.001,0,0,-0.721041,-0.936475,0,0.5
1783082153492567040,0.001,0,0,-0.721982,-0.944981,0,0.5
1783082153493566976,0.001,0,0,-0.722931,-0.953484,0,0.5
1783082153494566912,0.001,0,0,-0.723888,-0.961985,0,0.5
1783082153495566848,0.001,0,0,-0.724855,-0.970482,0,0.5
1783082153496566784,0.001,0,0,-0.725829,-0.978977,0,0.5
1783082153497566720,0.001,0,0,-0.726812,-0.987469,0,0.5
1783082153498566656,0.001,0,0,-0.727804,-0.995958,0,0.5
1783082153499566592,0.001,0,0,-0.728804,-1.00444,0,0.5
1783082153500566528,0.001,0,0,-0.729813,-1.01293,0,0.5
1783082153501566464,0.001,-0.678348,-0.678348,-0.725207,-0.949916,0,0.5
1783082153502566400,0.001,-0.678348,-0.678348,-0.721174,-0.895232,0,0.5
1783082153503566336,0.001,-0.678348,-0.678348,-0.717612,-0.847387,0,0.5
1783082153504566272,0.001,-0.678348,-0.678348,-0.714442,-0.805224,0,0.5
1783082153505566208,0.001,0,0,-0.715252,-0.813692,0,0.5
1783082153506566144,0.001,-0.678348,-0.678348,-0.712337,-0.775411,0,0.5
1783082153507566080,0.001,-0.678348,-0.678348,-0.709712,-0.741308,0,0.5
1783082153508566016,0.001,-0.678348,-0.678348,-0.707336,-0.710774,0,0.5
1783082153509565952,0.001,-0.678348,-0.678348,-0.705173,-0.68331,0,0.5
1783082153510565888,0.001,-0.678348,-0.678348,-0.703195,-0.658506,0,0.5
1783082153511565824,0.001,-0.678348,-0.678348,-0.70138,-0.636022,0,0.5
1783082153512565760,0.001,-0.678348,-0.678348,-0.699708,-0.615573,0,0.5
1783082153513565696,0.001,-0.678348,-0.678348,-0.698161,-0.596918,0,0.5
1783082153514565632,0.001,-0.678348,-0.678348,-0.696727,-0.579852,0,0.5
1783082153515565568,0.001,-0.678348,-0.678348,-0.695393,-0.564201,0,0.5
1783082153516565504,0.001,-0.678348,-0.678348,-0.694149,-0.549813,0,0.5
1783082153517565440,0.001,-0.678348,-0.678348,-0.692985,-0.536559,0,0.5
1783082153518565376,0.001,-0.678348,-0.678348,-0.691894,-0.524325,0,0.5
1783082153519565312,0.001,0,0,-0.692423,-0.532747,0,0.5
1783082153520565248,0.001,-0.678348,-0.678348,-0.691363,-0.520836,0,0.5
1783082153521565184,0.001,-0.678348,-0.678348,-0.690366,-0.509814,0,0.5
1783082153522565120,0.001,0,0,-0.69088,-0.518226,0,0.5
1783082153523565056,0.001,-0.678348,-0.678348,-0.689908,-0.507428,0,0.5
1783082153524564992,0.001,0,0,-0.69042,-0.515833,0,0.5
1783082153525564928,0.001,-0.678348,-0.678348,-0.689471,-0.505241,0,0.5
1783082153526564864,0.001,0,0,-0.68998,-0.513639,0,0.5
1783082153527564800,0.001,-0.678348,-0.678348,-0.689053,-0.503235,0,0.5
1783082153528564736,0.001,0,0,-0.68956,-0.511627,0,0.5
1783082153529564672,0.001,-0.678348,-0.678348,-0.688653,-0.501395,0,0.5
1783082153530564608,0.001,0,0,-0.689159,-0.50978,0,0.5
1783082153531564544,0.001,-0.678348,-0.678348,-0.688271,-0.499707,0,0.5
1783082153532564480,0.001,0,0,-0.688775,-0.508084,0,0.5
1783082153533564416,0.001,-0.678348,-0.678348,-0.687905,-0.498157,0,0.5
1783082153534564352,0.001,0,0,-0.688408,-0.506527,0,0.5
1783082153535564288,0.001,-0.678348,-0.678348,-0.687556,-0.496733,0,0.5
1783082153536564224,0.001,0,0,-0.688056,-0.505096,0,0.5
1783082153537564160,0.001,-0.678348,-0.678348,-0.687221,-0.495425,0,0.5
1783082153538564096,0.001,0,0,-0.68772,-0.503781,0,0.5
1783082153539564032,0.001,-0.678348,-0.678348,-0.686901,-0.494222,0,0.5
1783082153540563968,0.001,0,0,-0.687399,-0.502571,0,0.5
1783082153541563904,0.001,-0.678348,-0.678348,-0.686594,-0.493115,0,0.5
1783082153542563840,0.001,0,0,-0.687091,-0.501457,0,0.5
1783082153543563776,0.001,-0.678348,-0.678348,-0.6863,-0.492096,0,0.5
1783082153544563712,0.001,-0.678348,-0.678348,-0.685553,-0.483378,0,0.5
1783082153545563648,0.001,-0.678348,-0.678348,-0.684844,-0.475247,0,0.5
1783082153546563584,0.001,-0.678348,-0.678348,-0.684173,-0.467655,0,0.5
1783082153547563520,0.001,-0.678348,-0.678348,-0.683535,-0.460559,0,0.5
1783082153548563456,0.001,-0.678348,-0.678348,-0.682929,-0.453918,0,0.5
1783082153549563392,0.001,0,0,-0.683387,-0.462234,0,0.5
1783082153550563328,0.001,-0.678348,-0.678348,-0.682784,-0.4555,0,0.5
1783082153551563264,0.001,0,0,-0.683244,-0.463808,0,0.5
1783082153552563200,0.001,-0.678348,-0.678348,-0.682646,-0.456987,0,0.5
1783082153553563136,0.001,-0.678348,-0.678348,-0.682077,-0.450598,0,0.5
1783082153554563072,0.001,0,0,-0.682532,-0.458894,0,0.5
1783082153555563008,0.001,-0.678348,-0.678348,-0.681966,-0.452396,0,0.5
1783082153556562944,0.001,0,0,-0.682422,-0.460684,0,0.5
1783082153557562880,0.001,-0.678348,-0.678348,-0.681859,-0.454082,0,0.5
1783082153558562816,0.001,0,0,-0.682317,-0.462362,0,0.5
1783082153559562752,0.001,-0.678348,-0.678348,-0.681757,-0.455663,0,0.5
1783082153560562688,0.001,0,0,-0.682217,-0.463935,0,0.5
1783082153561562624,0.001,-0.678348,-0.678348,-0.681659,-0.457143,0,0.5
1783082153562562560,0.001,0,0,-0.682121,-0.465407,0,0.5
1783082153563562496,0.001,0,0,-0.68259,-0.473668,0,0.5
1783082153564562432,0.001,-0.678348,-0.678348,-0.682011,-0.466266,0,0.5
1783082153565562368,0.001,0,0,-0.682481,-0.474518,0,0.5
1783082153566562304,0.001,-0.678348,-0.678348,-0.681906,-0.467065,0,0.5
1783082153567562240,0.001,0,0,-0.682377,-0.47531,0,0.5
1783082153568562176,0.001,-0.678348,-0.678348,-0.681806,-0.467809,0,0.5
1783082153569562112,0.001,0,0,-0.682277,-0.476045,0,0.5
1783082153570562048,0.001,-0.678348,-0.678348,-0.68171,-0.4685,0,0.5
1783082153571561984,0.001,0,0,-0.682183,-0.476727,0,0.5
1783082153572561920,0.001,-0.678348,-0.678348,-0.681619,-0.469139,0,0.5
1783082153573561856,0.001,-0.678348,-0.678348,-0.681084,-0.462034,0,0.5
1783082153574561792,0.001,-0.678348,-0.678348,-0.680575,-0.455375,0,0.5
1783082153575561728,0.001,-0.678348,-0.678348,-0.680091,-0.449128,0,0.5
1783082153576561664,0.001,0,0,-0.680544,-0.457335,0,0.5
1783082153577561600,0.001,-0.678348,-0.678348,-0.68006,-0.450966,0,0.5
1783082153578561536,0.001,0,0,-0.680515,-0.459164,0,0.5
1783082153579561472,0.001,-0.678348,-0.678348,-0.680032,-0.452679,0,0.5
1783082153580561408,0.001,-0.678348,-0.678348,-0.679571,-0.446592,0,0.5
1783082153581561344,0.001,0,0,-0.680022,-0.454777,0,0.5
1783082153582561280,0.001,-0.678348,-0.678348,-0.679561,-0.448558,0,0.5
1783082153583561216,0.001,-0.678348,-0.678348,-0.679122,-0.442716,0,0.5
1783082153584561152,0.001,0,0,-0.679569,-0.450888,0,0.5
1783082153585561088,0.001,-0.678348,-0.678348,-0.679129,-0.4449,0,0.5
1783082153586561024,0.001,0,0,-0.679578,-0.453063,0,0.5
1783082153587560960,0.001,-0.678348,-0.678348,-0.679137,-0.446937,0,0.5
1783082153588560896,0.001,0,0,-0.679588,-0.455092,0,0.5
1783082153589560832,0.001,-0.678348,-0.678348,-0.679146,-0.448836,0,0.5
1783082153590560768,0.001,0,0,-0.679599,-0.456982,0,0.5
1783082153591560704,0.001,-0.678348,-0.678348,-0.679156,-0.450603,0,0.5
1783082153592560640,0.001,0,0,-0.679611,-0.45874,0,0.5
1783082153593560576,0.001,-0.678348,-0.678348,-0.679168,-0.452246,0,0.5
1783082153594560512,0.001,0,0,-0.679624,-0.460374,0,0.5
1783082153595560448,0.001,-0.678348,-0.678348,-0.67918,-0.453771,0,0.5
1783082153596560384,0.001,0,0,-0.679638,-0.46189,0,0.5
1783082153597560320,0.001,-0.678348,-0.678348,-0.679193,-0.455184,0,0.5
1783082153598560256,0.001,-0.678348,-0.678348,-0.67877,-0.448887,0,0.5
1783082153599560192,0.001,0,0,-0.679223,-0.456992,0,0.5
1783082153600560128,0.001,-0.678348,-0.678348,-0.678799,-0.450575,0,0.5
1783082153601560064,0.001,-0.678348,-0.678348,-0.678395,-0.444545,0,0.5
1783082153602560000,0.001,0,0,-0.678844,-0.452637,0,0.5
1783082153603559936,0.001,-0.678348,-0.678348,-0.678438,-0.446471,0,0.5
1783082153604559872,0.001,0,0,-0.678889,-0.454553,0,0.5
1783082153605559808,0.001,-0.678348,-0.678348,-0.678481,-0.448259,0,0.5
1783082153606559744,0.001,0,0,-0.678933,-0.456332,0,0.5
1783082153607559680,0.001,-0.678348,-0.678348,-0.678524,-0.449918,0,0.5
1783082153608559616,0.001,0,0,-0.678978,-0.457981,0,0.5
1783082153609559552,0.001,-0.678348,-0.678348,-0.678567,-0.451454,0,0.5
1783082153610559488,0.001,0,0,-0.679023,-0.459507,0,0.5
1783082153611559424,0.001,-0.678348,-0.678348,-0.678611,-0.452873,0,0.5
1783082153612559360,0.001,0,0,-0.679068,-0.460917,0,0.5
1783082153613559296,0.001,-0.678348,-0.678348,-0.678654,-0.454182,0,0.5
1783082153614559232,0.001,-0.678348,-0.678348,-0.678261,-0.447856,0,0.5
1783082153615559168,0.001,0,0,-0.678712,-0.455885,0,0.5
1783082153616559104,0.001,-0.678348,-0.678348,-0.678317,-0.449441,0,0.5
1783082153617559040,0.001,0,0,-0.67877,-0.457461,0,0.5
1783082153618558976,0.001,-0.678348,-0.678348,-0.678373,-0.450905,0,0.5
1783082153619558912,0.001,0,0,-0.678828,-0.458915,0,0.5
1783082153620558848,0.001,-0.678348,-0.678348,-0.678429,-0.452255,0,0.5
1783082153621558784,0.001,0,0,-0.678885,-0.460255,0,0.5
1783082153622558720,0.001,-0.678348,-0.678348,-0.678484,-0.453497,0,0.5
1783082153623558656,0.001,0,0,-0.678942,-0.461487,0,0.5
1783082153624558592,0.001,0,0,-0.679407,-0.469473,0,0.5
1783082153625558528,0.001,-0.678348,-0.678348,-0.678983,-0.462113,0,0.5
1783082153626558464,0.001,-0.678348,-0.678348,-0.67858,-0.455207,0,0.5
1783082153627558400,0.001,-0.678348,-0.678348,-0.678197,-0.44872,0,0.5
1783082153628558336,0.001,-0.678348,-0.678348,-0.677833,-0.442622,0,0.5
1783082153629558272,0.001,-0.678348,-0.678348,-0.677485,-0.436883,0,0.5
1783082153630558208,0.001,-0.678348,-0.678348,-0.677154,-0.431477,0,0.5
1783082153631558144,0.001,0,0,-0.67759,-0.439428,0,0.5
1783082153632558080,0.001,-0.678348,-0.678348,-0.677255,-0.433854,0,0.5
1783082153633558016,0.001,-0.678348,-0.678348,-0.676935,-0.428601,0,0.5
1783082153634557952,0.001,0,0,-0.677368,-0.436537,0,0.5
1783082153635557888,0.001,-0.678348,-0.678348,-0.677044,-0.431109,0,0.5
1783082153636557824,0.001,0,0,-0.677479,-0.439034,0,0.5
1783082153637557760,0.001,-0.678348,-0.678348,-0.677151,-0.433439,0,0.5
1783082153638557696,0.001,0,0,-0.677589,-0.441354,0,0.5
1783082153639557632,0.001,-0.678348,-0.678348,-0.677257,-0.435602,0,0.5
1783082153640557568,0.001,-0.678348,-0.678348,-0.676941,-0.430184,0,0.5
1783082153641557504,0.001,-0.678348,-0.678348,-0.676639,-0.425075,0,0.5
1783082153642557440,0.001,0,0,-0.677068,-0.432969,0,0.5
1783082153643557376,0.001,-0.678348,-0.678348,-0.676762,-0.427678,0,0.5
1783082153644557312,0.001,-0.678348,-0.678348,-0.67647,-0.422688,0,0.5
1783082153645557248,0.001,-0.678348,-0.678348,-0.676191,-0.417977,0,0.5
1783082153646557184,0.001,-0.678348,-0.678348,-0.675924,-0.413526,0,0.5
1783082153647557120,0.001,-0.678348,-0.678348,-0.675669,-0.409319,0,0.5
1783082153648557056,0.001,-0.678348,-0.678348,-0.675425,-0.405339,0,0.5
1783082153649556992,0.001,-0.678348,-0.678348,-0.675191,-0.401571,0,0.5
1783082153650556928,0.001,-0.678348,-0.678348,-0.674967,-0.398002,0,0.5
1783082153651556864,0.001,0,0,-0.675369,-0.405849,0,0.5
1783082153652556800,0.001,0,0,-0.675778,-0.41369,0,0.5
1783082153653556736,0.001,0,0,-0.676196,-0.421527,0,0.5
1783082153654556672,0.001,0,0,-0.676621,-0.429357,0,0.5
1783082153655556608,0.001,0,0,-0.677055,-0.437183,0,0.5
1783082153656556544,0.001,0,0,-0.677496,-0.445003,0,0.5
1783082153657556480,0.001,0,0,-0.677945,-0.452818,0,0.5
1783082153658556416,0.001,0,0,-0.678401,-0.460628,0,0.5
1783082153659556352,0.001,0,0,-0.678866,-0.468432,0,0.5
1783082153660556288,0.001,0,0,-0.679338,-0.476231,0,0.5
1783082153661556224,0.001,0,0,-0.679818,-0.484024,0,0.5
1783082153662556160,0.001,0,0,-0.680306,-0.491812,0,0.5
1783082153663556096,0.001,0,0,-0.680802,-0.499594,0,0.5
1783082153664556032,0.001,0,0,-0.681305,-0.507371,0,0.5
1783082153665555968,0.001,0,0,-0.681816,-0.515143,0,0.5
1783082153666555904,0.001,0,0,-0.682335,-0.522909,0,0.5
1783082153667555840,0.001,0,0,-0.682862,-0.53067,0,0.5
1783082153668555776,0.001,0,0,-0.683397,-0.538425,0,0.5
1783082153669555712,0.001,0,0,-0.683939,-0.546174,0,0.5
1783082153670555648,0.001,0,0,-0.684489,-0.553919,0,0.5
1783082153671555584,0.001,0,0,-0.685047,-0.561657,0,0.5
1783082153672555520,0.001,0,0,-0.685612,-0.56939,0,0.5
1783082153673555456,0.001,0,0,-0.686185,-0.577118,0,0.5
1783082153674555392,0.001,0,0,-0.686766,-0.58484,0,0.5
1783082153675555328,0.001,0,0,-0.687355,-0.592556,0,0.5
1783082153676555264,0.001,0,0,-0.687951,-0.600267,0,0.5
1783082153677555200,0.001,0,0,-0.688556,-0.607972,0,0.5
1783082153678555136,0.001,0,0,-0.689167,-0.615672,0,0.5
1783082153679555072,0.001,0,0,-0.689787,-0.623366,0,0.5
1783082153680555008,0.001,0,0,-0.690414,-0.631054,0,0.5
1783082153681554944,0.001,0,0,-0.691049,-0.638737,0,0.5
1783082153682554880,0.001,0,0,-0.691691,-0.646414,0,0.5
1783082153683554816,0.001,0,0,-0.692342,-0.654086,0,0.5
1783082153684554752,0.001,0,0,-0.692999,-0.661751,0,0.5
1783082153685554688,0.001,0,0,-0.693665,-0.669411,0,0.5
1783082153686554624,0.001,0,0,-0.694338,-0.677066,0,0.5
1783082153687554560,0.001,0,0,-0.695019,-0.684714,0,0.5
1783082153688554496,0.001,0,0,-0.695707,-0.692357,0,0.5
1783082153689554432,0.001,0,0,-0.696404,-0.699994,0,0.5
1783082153690554368,0.001,0,0,-0.697107,-0.707626,0,0.5
1783082153691554304,0.001,0,0,-0.697819,-0.715251,0,0.5
1783082153692554240,0.001,0,0,-0.698538,-0.722871,0,0.5
1783082153693554176,0.001,0,0,-0.699264,-0.730485,0,0.5
1783082153694554112,0.001,0,0,-0.699999,-0.738094,0,0.5
1783082153695554048,0.001,0,0,-0.700741,-0.745696,0,0.5
1783082153696553984,0.001,0,0,-0.70149,-0.753293,0,0.5
1783082153697553920,0.001,0,0,-0.702247,-0.760884,0,0.5
1783082153698553856,0.001,0,0,-0.703012,-0.768469,0,0.5
1783082153699553792,0.001,0,0,-0.703784,-0.776048,0,0.5
1783082153700553728,0.001,0,0,-0.704564,-0.783621,0,0.5
1783082153701553664,0.001,0,0,-0.705351,-0.791189,0,0.5
1783082153702553600,0.001,0,0,-0.706146,-0.79875,0,0.5
1783082153703553536,0.001,0,0,-0.706948,-0.806306,0,0.5
1783082153704553472,0.001,0,0,-0.707758,-0.813856,0,0.5
1783082153705553408,0.001,0,0,-0.708576,-0.8214,0,0.5
1783082153706553344,0.001,0,0,-0.709401,-0.828938,0,0.5
1783082153707553280,0.001,0,0,-0.710234,-0.83647,0,0.5
1783082153708553216,0.001,0,0,-0.711074,-0.843996,0,0.5
1783082153709553152,0.001,0,0,-0.711922,-0.851516,0,0.5
1783082153710553088,0.001,0,0,-0.712777,-0.85903,0,0.5
1783082153711553024,0.001,0,0,-0.71364,-0.866538,0,0.5
1783082153712552960,0.001,0,0,-0.71451,-0.87404,0,0.5
1783082153713552896,0.001,0,0,-0.715388,-0.881537,0,0.5
1783082153714552832,0.001,0,0,-0.716273,-0.889027,0,0.5
1783082153715552768,0.001,0,0,-0.717165,-0.896511,0,0.5
1783082153716552704,0.001,0,0,-0.718066,-0.903989,0,0.5
1783082153717552640,0.001,0,0,-0.718973,-0.911461,0,0.5
1783082153718552576,0.001,0,0,-0.719889,-0.918927,0,0.5
1783082153719552512,0.001,0,0,-0.720811,-0.926387,0,0.5
1783082153720552448,0.001,0,0,-0.721741,-0.933841,0,0.5
1783082153721552384,0.001,0,0,-0.722679,-0.941289,0,0.5
1783082153722552320,0.001,-0.678348,-0.678348,-0.719137,-0.887927,0,0.5
1783082153723552256,0.001,-0.678348,-0.678348,-0.716001,-0.840992,0,0.5
1783082153724552192,0.001,-0.678348,-0.678348,-0.713204,-0.799428,0,0.5
1783082153725552128,0.001,0,0,-0.714007,-0.806851,0,0.5
1783082153726552064,0.001,-0.678348,-0.678348,-0.71143,-0.768996,0,0.5
1783082153727552000,0.001,-0.678348,-0.678348,-0.709106,-0.735123,0,0.5
1783082153728551936,0.001,0,0,-0.709845,-0.742527,0,0.5
1783082153729551872,0.001,-0.678348,-0.678348,-0.70768,-0.711303,0,0.5
1783082153730551808,0.001,-0.678348,-0.678348,-0.70571,-0.683129,0,0.5
1783082153731551744,0.001,0,0,-0.706397,-0.690514,0,0.5
1783082153732551680,0.001,-0.678348,-0.678348,-0.704546,-0.664274,0,0.5
1783082153733551616,0.001,0,0,-0.705214,-0.671647,0,0.5
1783082153734551552,0.001,-0.678348,-0.678348,-0.703468,-0.647112,0,0.5
1783082153735551488,0.001,0,0,-0.704119,-0.654473,0,0.5
1783082153736551424,0.001,-0.678348,-0.678348,-0.702468,-0.63145,0,0.5
1783082153737551360,0.001,0,0,-0.703103,-0.638797,0,0.5
1783082153738551296,0.001,-0.678348,-0.678348,-0.701537,-0.61712,0,0.5
1783082153739551232,0.001,0,0,-0.702158,-0.624455,0,0.5
1783082153740551168,0.001,-0.678348,-0.678348,-0.700669,-0.603979,0,0.5
1783082153741551104,0.001,-0.678348,-0.678348,-0.699292,-0.585218,0,0.5
1783082153742551040,0.001,0,0,-0.69988,-0.592534,0,0.5
1783082153743550976,0.001,-0.678348,-0.678348,-0.698563,-0.574676,0,0.5
1783082153744550912,0.001,0,0,-0.699141,-0.581979,0,0.5
1783082153745550848,0.001,0,0,-0.699727,-0.589276,0,0.5
1783082153746550784,0.001,-0.678348,-0.678348,-0.698424,-0.571619,0,0.5
1783082153747550720,0.001,-0.678348,-0.678348,-0.697214,-0.555366,0,0.5
1783082153748550656,0.001,0,0,-0.697773,-0.562644,0,0.5
1783082153749550592,0.001,-0.678348,-0.678348,-0.696609,-0.547058,0,0.5
1783082153750550528,0.001,-0.678348,-0.678348,-0.695522,-0.532661,0,0.5
1783082153751550464,0.001,0,0,-0.696059,-0.539919,0,0.5
1783082153752550400,0.001,-0.678348,-0.678348,-0.695009,-0.526023,0,0.5
1783082153753550336,0.001,0,0,-0.695538,-0.533269,0,0.5
1783082153754550272,0.001,-0.678348,-0.678348,-0.694522,-0.519832,0,0.5
1783082153755550208,0.001,-0.678348,-0.678348,-0.693571,-0.507372,0,0.5
1783082153756550144,0.001,0,0,-0.694082,-0.514598,0,0.5
1783082153757550080,0.001,-0.678348,-0.678348,-0.693157,-0.502479,0,0.5
1783082153758550016,0.001,0,0,-0.693663,-0.509692,0,0.5
1783082153759549952,0.001,-0.678348,-0.678348,-0.692764,-0.497886,0,0.5
1783082153760549888,0.001,-0.678348,-0.678348,-0.691918,-0.486904,0,0.5
1783082153761549824,0.001,0,0,-0.692409,-0.494098,0,0.5
1783082153762549760,0.001,0,0,-0.692906,-0.501286,0,0.5
1783082153763549696,0.001,-0.678348,-0.678348,-0.692052,-0.49,0,0.5
1783082153764549632,0.001,-0.678348,-0.678348,-0.691247,-0.479491,0,0.5
1783082153765549568,0.001,0,0,-0.69173,-0.486659,0,0.5
1783082153766549504,0.001,-0.678348,-0.678348,-0.690944,-0.476342,0,0.5
1783082153767549440,0.001,-0.678348,-0.678348,-0.690203,-0.466715,0,0.5
1783082153768549376,0.001,-0.678348,-0.678348,-0.689503,-0.45772,0,0.5
1783082153769549312,0.001,-0.678348,-0.678348,-0.68884,-0.449303,0,0.5
1783082153770549248,0.001,-0.678348,-0.678348,-0.688213,-0.441416,0,0.5
1783082153771549184,0.001,-0.678348,-0.678348,-0.687618,-0.434017,0,0.5
1783082153772549120,0.001,-0.678348,-0.678348,-0.687052,-0.427067,0,0.5
1783082153773549056,0.001,-0.678348,-0.678348,-0.686515,-0.420531,0,0.5
1783082153774548992,0.001,-0.678348,-0.678348,-0.686003,-0.414379,0,0.5
1783082153775548928,0.001,-0.678348,-0.678348,-0.685516,-0.408582,0,0.5
1783082153776548864,0.001,0,0,-0.685928,-0.415677,0,0.5
1783082153777548800,0.001,-0.678348,-0.678348,-0.685443,-0.409764,0,0.5
1783082153778548736,0.001,-0.678348,-0.678348,-0.68498,-0.404189,0,0.5
1783082153779548672,0.001,0,0,-0.685388,-0.411265,0,0.5
1783082153780548608,0.001,-0.678348,-0.678348,-0.684926,-0.405563,0,0.5
1783082153781548544,0.001,0,0,-0.685335,-0.412626,0,0.5
1783082153782548480,0.001,-0.678348,-0.678348,-0.684875,-0.406805,0,0.5
1783082153783548416,0.001,0,0,-0.685285,-0.413854,0,0.5
1783082153784548352,0.001,-0.678348,-0.678348,-0.684826,-0.407922,0,0.5
1783082153785548288,0.001,0,0,-0.685238,-0.414958,0,0.5
1783082153786548224,0.001,-0.678348,-0.678348,-0.68478,-0.408922,0,0.5
1783082153787548160,0.001,0,0,-0.685193,-0.415945,0,0.5
1783082153788548096,0.001,-0.678348,-0.678348,-0.684737,-0.409811,0,0.5
1783082153789548032,0.001,0,0,-0.68515,-0.41682,0,0.5
1783082153790547968,0.001,-0.678348,-0.678348,-0.684696,-0.410596,0,0.5
1783082153791547904,0.001,-0.678348,-0.678348,-0.684263,-0.404733,0,0.5
1783082153792547840,0.001,-0.678348,-0.678348,-0.683851,-0.399206,0,0.5
1783082153793547776,0.001,-0.678348,-0.678348,-0.683458,-0.393989,0,0.5
1783082153794547712,0.001,0,0,-0.683855,-0.400965,0,0.5
1783082153795547648,0.001,-0.678348,-0.678348,-0.683461,-0.395608,0,0.5
1783082153796547584,0.001,0,0,-0.68386,-0.40257,0,0.5
1783082153797547520,0.001,-0.678348,-0.678348,-0.683465,-0.397081,0,0.5
1783082153798547456,0.001,0,0,-0.683866,-0.40403,0,0.5
1783082153799547392,0.001,-0.678348,-0.678348,-0.683471,-0.398416,0,0.5
1783082153800547328,0.001,-0.678348,-0.678348,-0.683094,-0.39312,0,0.5
1783082153801547264,0.001,-0.678348,-0.678348,-0.682734,-0.38812,0,0.5
1783082153802547200,0.001,-0.678348,-0.678348,-0.682391,-0.383394,0,0.5
1783082153803547136,0.001,0,0,-0.682778,-0.390309,0,0.5
1783082153804547072,0.001,-0.678348,-0.678348,-0.682432,-0.385419,0,0.5
1783082153805547008,0.001,0,0,-0.682821,-0.392321,0,0.5
1783082153806546944,0.001,-0.678348,-0.678348,-0.682473,-0.387277,0,0.5
1783082153807546880,0.001,-0.678348,-0.678348,-0.682153,-0.374026,0,0.5
1783082153808546816,0.001,0,0,-0.682527,-0.374011,0,0.5
1783082153809546752,0.001,-0.678348,-0.678348,-0.682214,-0.362859,0,0.5
1783082153810546688,0.001,0,0,-0.682577,-0.362844,0,0.5
1783082153811546624,0.001,-0.678348,-0.678348,-0.682273,-0.351953,0,0.5
1783082153812546560,0.001,0,0,-0.682625,-0.351938,0,0.5
1783082153813546496,0.001,-0.678348,-0.678348,-0.682329,-0.341308,0,0.5
1783082153814546432,0.001,0,0,-0.68267,-0.341293,0,0.5
1783082153815546368,0.001,-0.678348,-0.678348,-0.682383,-0.330924,0,0.5
1783082153816546304,0.001,0,0,-0.682714,-0.330909,0,0.5
1783082153817546240,0.001,-0.678348,-0.678348,-0.682434,-0.3208,0,0.5
1783082153818546176,0.001,-0.678348,-0.678348,-0.682172,-0.311119,0,0.5
1783082153819546112,0.001,-0.678348,-0.678348,-0.681927,-0.30184,0,0.5
1783082153820546048,0.001,-0.678348,-0.678348,-0.681696,-0.292936,0,0.5
1783082153821545984,0.001,0,0,-0.681989,-0.292921,0,0.5
1783082153822545920,0.001,-0.678348,-0.678348,-0.681764,-0.284216,0,0.5
1783082153823545856,0.001,0,0,-0.682049,-0.284201,0,0.5
1783082153824545792,0.001,-0.678348,-0.678348,-0.681829,-0.275697,0,0.5
1783082153825545728,0.001,0,0,-0.682105,-0.275681,0,0.5
1783082153826545664,0.001,-0.678348,-0.678348,-0.681891,-0.267378,0,0.5
1783082153827545600,0.001,-0.678348,-0.678348,-0.68169,-0.259418,0,0.5
1783082153828545536,0.001,-0.678348,-0.678348,-0.681502,-0.251779,0,0.5
1783082153829545472,0.001,0,0,-0.681754,-0.251763,0,0.5
1783082153830545408,0.001,-0.678348,-0.678348,-0.681569,-0.244293,0,0.5
1783082153831545344,0.001,0,0,-0.681814,-0.244278,0,0.5
1783082153832545280,0.001,-0.678348,-0.678348,-0.681633,-0.236978,0,0.5
1783082153833545216,0.001,0,0,-0.68187,-0.236963,0,0.5
1783082153834545152,0.001,-0.678348,-0.678348,-0.681694,-0.229835,0,0.5
1783082153835545088,0.001,0,0,-0.681924,-0.229819,0,0.5
1783082153836545024,0.001,-0.678348,-0.678348,-0.681752,-0.222863,0,0.5
1783082153837544960,0.001,0,0,-0.681975,-0.222848,0,0.5
1783082153838544896,0.001,-0.678348,-0.678348,-0.681807,-0.216064,0,0.5
1783082153839544832,0.001,-0.678348,-0.678348,-0.68165,-0.209564,0,0.5
1783082153840544768,0.001,0,0,-0.681859,-0.209549,0,0.5
1783082153841544704,0.001,-0.678348,-0.678348,-0.681705,-0.203206,0,0.5
1783082153842544640,0.001,0,0,-0.681908,-0.203191,0,0.5
1783082153843544576,0.001,-0.678348,-0.678348,-0.681758,-0.197005,0,0.5
1783082153844544512,0.001,-0.678348,-0.678348,-0.681617,-0.191079,0,0.5
1783082153845544448,0.001,-0.678348,-0.678348,-0.681484,-0.185396,0,0.5
1783082153846544384,0.001,0,0,-0.68167,-0.18538,0,0.5
1783082153847544320,0.001,-0.678348,-0.678348,-0.68154,-0.179829,0,0.5
1783082153848544256,0.001,-0.678348,-0.678348,-0.681418,-0.174503,0,0.5
1783082153849544192,0.001,-0.678348,-0.678348,-0.681304,-0.16939,0,0.5
1783082153850544128,0.001,-0.678348,-0.678348,-0.681196,-0.164477,0,0.5
1783082153851544064,0.001,-0.678348,-0.678348,-0.681095,-0.159752,0,0.5
1783082153852544000,0.001,-0.678348,-0.678348,-0.681,-0.155205,0,0.5
1783082153853543936,0.001,-0.678348,-0.678348,-0.680911,-0.150826,0,0.5
1783082153854543872,0.001,-0.678348,-0.678348,-0.680826,-0.146606,0,0.5
1783082153855543808,0.001,-0.678348,-0.678348,-0.680747,-0.142536,0,0.5
1783082153856543744,0.001,-0.678348,-0.678348,-0.680672,-0.138609,0,0.5
1783082153857543680,0.001,-0.678348,-0.678348,-0.680602,-0.134817,0,0.5
1783082153858543616,0.001,-0.678348,-0.678348,-0.680535,-0.131155,0,0.5
1783082153859543552,0.001,-0.678348,-0.678348,-0.680473,-0.127614,0,0.5
1783082153860543488,0.001,-0.678348,-0.678348,-0.680414,-0.124191,0,0.5
1783082153861543424,0.001,0,0,-0.680538,-0.124175,0,0.5
1783082153862543360,0.001,-0.678348,-0.678348,-0.680479,-0.120797,0,0.5
1783082153863543296,0.001,-0.678348,-0.678348,-0.680423,-0.117533,0,0.5
1783082153864543232,0.001,-0.678348,-0.678348,-0.68037,-0.114377,0,0.5
1783082153865543168,0.001,-0.678348,-0.678348,-0.680321,-0.111323,0,0.5
1783082153866543104,0.001,-0.678348,-0.678348,-0.680274,-0.108368,0,0.5
1783082153867543040,0.001,-0.678348,-0.678348,-0.680229,-0.105506,0,0.5
1783082153868542976,0.001,0,0,-0.680335,-0.10549,0,0.5
1783082153869542912,0.001,0,0,-0.68044,-0.105474,0,0.5
1783082153870542848,0.001,0,0,-0.680546,-0.105458,0,0.5
1783082153871542784,0.001,0,0,-0.680651,-0.105441,0,0.5
1783082153872542720,0.001,0,0,-0.680757,-0.105425,0,0.5
1783082153873542656,0.001,0,0,-0.680862,-0.105409,0,0.5
1783082153874542592,0.001,0,0,-0.680967,-0.105393,0,0.5
1783082153875542528,0.001,0,0,-0.681073,-0.105377,0,0.5
1783082153876542464,0.001,0,0,-0.681178,-0.105361,0,0.5
1783082153877542400,0.001,0,0,-0.681284,-0.105344,0,0.5
1783082153878542336,0.001,0,0,-0.681389,-0.105328,0,0.5
1783082153879542272,0.001,0,0,-0.681494,-0.105312,0,0.5
1783082153880542208,0.001,0,0,-0.681599,-0.105296,0,0.5
1783082153881542144,0.001,0,0,-0.681705,-0.10528,0,0.5
1783082153882542080,0.001,0,0,-0.68181,-0.105264,0,0.5
1783082153883542016,0.001,0,0,-0.681915,-0.105247,0,0.5
1783082153884541952,0.001,0,0,-0.68202,-0.105231,0,0.5
1783082153885541888,0.001,0,0,-0.682126,-0.105215,0,0.5
1783082153886541824,0.001,0,0,-0.682231,-0.105199,0,0.5
1783082153887541760,0.001,0,0,-0.682336,-0.105183,0,0.5
1783082153888541696,0.001,0,0,-0.682441,-0.105167,0,0.5
1783082153889541632,0.001,0,0,-0.682546,-0.10515,0,0.5
1783082153890541568,0.001,0,0,-0.682652,-0.105134,0,0.5
1783082153891541504,0.001,0,0,-0.682757,-0.105118,0,0.5
1783082153892541440,0.001,0,0,-0.682862,-0.105102,0,0.5
1783082153893541376,0.001,0,0,-0.682967,-0.105086,0,0.5
1783082153894541312,0.001,0,0,-0.683072,-0.10507,0,0.5
1783082153895541248,0.001,0,0,-0.683177,-0.105053,0,0.5
1783082153896541184,0.001,0,0,-0.683282,-0.105037,0,0.5
1783082153897541120,0.001,0,0,-0.683387,-0.105021,0,0.5
1783082153898541056,0.001,0,0,-0.683492,-0.105005,0,0.5
1783082153899540992,0.001,0,0,-0.683597,-0.104989,0,0.5
1783082153900540928,0.001,0,0,-0.683702,-0.104973,0,0.5
1783082153901540864,0.001,0,0,-0.683807,-0.104956,0,0.5
1783082153902540800,0.001,0,0,-0.683912,-0.10494,0,0.5
1783082153903540736,0.001,0,0,-0.684017,-0.104924,0,0.5
1783082153904540672,0.001,0,0,-0.684122,-0.104908,0,0.5
1783082153905540608,0.001,0,0,-0.684227,-0.104892,0,0.5
1783082153906540544,0.001,0,0,-0.684332,-0.104876,0,0.5
1783082153907540480,0.001,0,0,-0.684436,-0.104859,0,0.5
1783082153908540416,0.001,0,0,-0.684541,-0.104843,0,0.5
1783082153909540352,0.001,0,0,-0.684646,-0.104827,0,0.5
1783082153910540288,0.001,0,0,-0.684751,-0.104811,0,0.5
1783082153911540224,0.001,0,0,-0.684856,-0.104795,0,0.5
1783082153912540160,0.001,0,0,-0.68496,-0.104779,0,0.5
1783082153913540096,0.001,0,0,-0.685065,-0.104762,0,0.5
1783082153914540032,0.001,0,0,-0.68517,-0.104746,0,0.5
1783082153915539968,0.001,0,0,-0.685275,-0.10473,0,0.5
1783082153916539904,0.001,0,0,-0.685379,-0.104714,0,0.5
1783082153917539840,0.001,0,0,-0.685484,-0.104698,0,0.5
1783082153918539776,0.001,0,0,-0.685589,-0.104682,0,0.5
1783082153919539712,0.001,0,0,-0.685693,-0.104665,0,0.5
1783082153920539648,0.001,0,0,-0.685798,-0.104649,0,0.5
1783082153921539584,0.001,0,0,-0.685903,-0.104633,0,0.5
1783082153922539520,0.001,0,0,-0.686007,-0.104617,0,0.5
1783082153923539456,0.001,0,0,-0.686112,-0.104601,0,0.5
1783082153924539392,0.001,0,0,-0.686217,-0.104585,0,0.5
1783082153925539328,0.001,0,0,-0.686321,-0.104568,0,0.5
1783082153926539264,0.001,0,0,-0.686426,-0.104552,0,0.5
1783082153927539200,0.001,0,0,-0.68653,-0.104536,0,0.5
1783082153928539136,0.001,0,0,-0.686635,-0.10452,0,0.5
1783082153929539072,0.001,0,0,-0.686739,-0.104504,0,0.5
1783082153930539008,0.001,0,0,-0.686844,-0.104488,0,0.5
1783082153931538944,0.001,0,0,-0.686948,-0.104471,0,0.5
1783082153932538880,0.001,0,0,-0.687053,-0.104455,0,0.5
1783082153933538816,0.001,0,0,-0.687157,-0.104439,0,0.5
1783082153934538752,0.001,0,0,-0.687262,-0.104423,0,0.5
1783082153935538688,0.001,0,0,-0.687366,-0.104407,0,0.5
1783082153936538624,0.001,0,0,-0.68747,-0.104391,0,0.5
1783082153937538560,0.001,0,0,-0.687575,-0.104374,0,0.5
1783082153938538496,0.001,0,0,-0.687679,-0.104358,0,0.5
1783082153939538432,0.001,0,0,-0.687783,-0.104342,0,0.5
1783082153940538368,0.001,0,0,-0.687888,-0.104326,0,0.5
1783082153941538304,0.001,0,0,-0.687992,-0.10431,0,0.5
1783082153942538240,0.001,0,0,-0.688096,-0.104294,0,0.5
1783082153943538176,0.001,0,0,-0.688201,-0.104277,0,0.5
1783082153944538112,0.001,0,0,-0.688305,-0.104261,0,0.5
1783082153945538048,0.001,0,0,-0.688409,-0.104245,0,0.5
1783082153946537984,0.001,0,0,-0.688513,-0.104229,0,0.5
1783082153947537920,0.001,0,0,-0.688618,-0.104213,0,0.5
1783082153948537856,0.001,0,0,-0.688722,-0.104197,0,0.5
1783082153949537792,0.001,0,0,-0.688826,-0.10418,0,0.5
1783082153950537728,0.001,0,0,-0.68893,-0.104164,0,0.5
1783082153951537664,0.001,0,0,-0.689034,-0.104148,0,0.5
1783082153952537600,0.001,0,0,-0.689138,-0.104132,0,0.5
1783082153953537536,0.001,0,0,-0.689242,-0.104116,0,0.5
1783082153954537472,0.001,-0.678348,-0.678348,-0.688774,-0.0968037,0,0.5
1783082153955537408,0.001,-0.678348,-0.678348,-0.688366,-0.0904001,0,0.5
1783082153956537344,0.001,-0.678348,-0.678348,-0.688009,-0.084743,0,0.5
1783082153957537280,0.001,0,0,-0.688094,-0.0847267,0,0.5
1783082153958537216,0.001,-0.678348,-0.678348,-0.687773,-0.0796491,0,0.5
1783082153959537152,0.001,0,0,-0.687853,-0.0796328,0,0.5
1783082153960537088,0.001,0,0,-0.687932,-0.0796165,0,0.5
1783082153961537024,0.001,-0.678348,-0.678348,-0.687639,-0.0749918,0,0.5
1783082153962536960,0.001,-0.678348,-0.678348,-0.687377,-0.0708342,0,0.5
1783082153963536896,0.001,0,0,-0.687448,-0.0708179,0,0.5
1783082153964536832,0.001,-0.678348,-0.678348,-0.68721,-0.0670234,0,0.5
1783082153965536768,0.001,0,0,-0.687277,-0.067007,0,0.5
1783082153966536704,0.001,-0.678348,-0.678348,-0.687059,-0.0635284,0,0.5
1783082153967536640,0.001,0,0,-0.687123,-0.063512,0,0.5
1783082153968536576,0.001,-0.678348,-0.678348,-0.686923,-0.0603102,0,0.5
1783082153969536512,0.001,0,0,-0.686983,-0.0602938,0,0.5
1783082153970536448,0.001,-0.678348,-0.678348,-0.686799,-0.0573358,0,0.5
1783082153971536384,0.001,0,0,-0.686857,-0.0573194,0,0.5
1783082153972536320,0.001,-0.678348,-0.678348,-0.686687,-0.0545775,0,0.5
1783082153973536256,0.001,0,0,-0.686742,-0.0545611,0,0.5
1783082153974536192,0.001,-0.678348,-0.678348,-0.686585,-0.0520117,0,0.5
1783082153975536128,0.001,0,0,-0.686637,-0.0519953,0,0.5
1783082153976536064,0.001,-0.678348,-0.678348,-0.686491,-0.0496183,0,0.5
1783082153977536000,0.001,-0.678348,-0.678348,-0.686357,-0.0474212,0,0.5
1783082153978535936,0.001,-0.678348,-0.678348,-0.686235,-0.0453836,0,0.5
1783082153979535872,0.001,-0.678348,-0.678348,-0.686122,-0.0434882,0,0.5
1783082153980535808,0.001,0,0,-0.686166,-0.0434717,0,0.5
1783082153981535744,0.001,-0.678348,-0.678348,-0.68606,-0.0416815,0,0.5
1783082153982535680,0.001,0,0,-0.686101,-0.0416651,0,0.5
1783082153983535616,0.001,-0.678348,-0.678348,-0.686002,-0.0399717,0,0.5
1783082153984535552,0.001,-0.678348,-0.678348,-0.685909,-0.0383876,0,0.5
1783082153985535488,0.001,0,0,-0.685948,-0.0383711,0,0.5
1783082153986535424,0.001,-0.678348,-0.678348,-0.685861,-0.0368663,0,0.5
1783082153987535360,0.001,-0.678348,-0.678348,-0.68578,-0.0354538,0,0.5
1783082153988535296,0.001,0,0,-0.685815,-0.0354373,0,0.5
1783082153989535232,0.001,-0.678348,-0.678348,-0.685739,-0.0340906,0,0.5
1783082153990535168,0.001,0,0,-0.685773,-0.0340741,0,0.5
1783082153991535104,0.001,-0.678348,-0.678348,-0.6857,-0.0327889,0,0.5
1783082153992535040,0.001,0,0,-0.685733,-0.0327724,0,0.5
1783082153993534976,0.001,-0.678348,-0.678348,-0.685664,-0.0315449,0,0.5
1783082153994534912,0.001,0,0,-0.685695,-0.0315284,0,0.5
1783082153995534848,0.001,-0.678348,-0.678348,-0.68563,-0.0303552,0,0.5
1783082153996534784,0.001,0,0,-0.68566,-0.0303387,0,0.5
1783082153997534720,0.001,-0.678348,-0.678348,-0.685598,-0.0292164,0,0.5
1783082153998534656,0.001,0,0,-0.685627,-0.0291999,0,0.5
1783082153999534592,0.001,-0.678348,-0.678348,-0.685567,-0.0281257,0,0.5
1783082154000534528,0.001,0,0,-0.685596,-0.0281092,0,0.5
1783082154001534464,0.001,-0.678348,-0.678348,-0.685539,-0.0270803,0,0.5
1783082154002534400,0.001,-0.678348,-0.678348,-0.685486,-0.026108,0,0.5
1783082154003534336,0.001,-0.678348,-0.678348,-0.685436,-0.0251875,0,0.5
1783082154004534272,0.001,-0.678348,-0.678348,-0.685389,-0.0243147,0,0.5
1783082154005534208,0.001,-0.678348,-0.678348,-0.685345,-0.0234856,0,0.5
1783082154006534144,0.001,-0.678348,-0.678348,-0.685304,-0.0226971,0,0.5
1783082154007534080,0.001,0,0,-0.685326,-0.0226806,0,0.5
1783082154008534016,0.001,-0.678348,-0.678348,-0.685286,-0.0219181,0,0.5
1783082154009533952,0.001,-0.678348,-0.678348,-0.685248,-0.021192,0,0.5
1783082154010533888,0.001,-0.678348,-0.678348,-0.685212,-0.0204994,0,0.5
1783082154011533824,0.001,-0.678348,-0.678348,-0.685178,-0.0198382,0,0.5
1783082154012533760,0.001,-0.678348,-0.678348,-0.685146,-0.0192061,0,0.5
1783082154013533696,0.001,-0.678348,-0.678348,-0.685115,-0.0186013,0,0.5
1783082154014533632,0.001,-0.678348,-0.678348,-0.685086,-0.0180219,0,0.5
1783082154015533568,0.001,-0.678348,-0.678348,-0.685058,-0.0174663,0,0.5
1783082154016533504,0.001,-0.678348,-0.678348,-0.685031,-0.0169331,0,0.5
1783082154017533440,0.001,-0.678348,-0.678348,-0.685006,-0.0164209,0,0.5
1783082154018533376,0.001,-0.678348,-0.678348,-0.684981,-0.0159285,0,0.5
1783082154019533312,0.001,-0.678348,-0.678348,-0.684958,-0.0154548,0,0.5
1783082154020533248,0.001,-0.678348,-0.678348,-0.684936,-0.0149987,0,0.5
1783082154021533184,0.001,0,0,-0.684951,-0.0149821,0,0.5
1783082154022533120,0.001,-0.678348,-0.678348,-0.684929,-0.0145351,0,0.5
1783082154023533056,0.001,0,0,-0.684943,-0.0145186,0,0.5
1783082154024532992,0.001,-0.678348,-0.678348,-0.684922,-0.0140809,0,0.5
1783082154025532928,0.001,0,0,-0.684936,-0.0140644,0,0.5
1783082154026532864,0.001,-0.678348,-0.678348,-0.684915,-0.0136363,0,0.5
1783082154027532800,0.001,0,0,-0.684929,-0.0136197,0,0.5
1783082154028532736,0.001,-0.678348,-0.678348,-0.684908,-0.0132013,0,0.5
1783082154029532672,0.001,-0.678348,-0.678348,-0.684888,-0.0127993,0,0.5
1783082154030532608,0.001,-0.678348,-0.678348,-0.68487,-0.0124127,0,0.5
1783082154031532544,0.001,-0.678348,-0.678348,-0.684851,-0.0120406,0,0.5
1783082154032532480,0.001,-0.678348,-0.678348,-0.684834,-0.0116822,0,0.5
1783082154033532416,0.001,-0.678348,-0.678348,-0.684817,-0.0113368,0,0.5
1783082154034532352,0.001,0,0,-0.684828,-0.0113202,0,0.5
1783082154035532288,0.001,0,0,-0.684839,-0.0113037,0,0.5
1783082154036532224,0.001,-0.678348,-0.678348,-0.684822,-0.0109594,0,0.5
1783082154037532160,0.001,0,0,-0.684833,-0.0109428,0,0.5
1783082154038532096,0.001,-0.678348,-0.678348,-0.684817,-0.0106062,0,0.5
1783082154039532032,0.001,0,0,-0.684827,-0.0105896,0,0.5
1783082154040531968,0.001,-0.678348,-0.678348,-0.684811,-0.0102606,0,0.5
1783082154041531904,0.001,0,0,-0.684821,-0.0102441,0,0.5
1783082154042531840,0.001,-0.678348,-0.678348,-0.684805,-0.00992291,0,0.5
1783082154043531776,0.001,0,0,-0.684815,-0.00990633,0,0.5
1783082154044531712,0.001,-0.678348,-0.678348,-0.684799,-0.00959305,0,0.5
1783082154045531648,0.001,-0.678348,-0.678348,-0.684784,-0.00929227,0,0.5
1783082154046531584,0.001,-0.678348,-0.678348,-0.684769,-0.00900326,0,0.5
1783082154047531520,0.001,0,0,-0.684778,-0.00898668,0,0.5
1783082154048531456,0.001,-0.678348,-0.678348,-0.684763,-0.00870442,0,0.5
1783082154049531392,0.001,0,0,-0.684772,-0.00868783,0,0.5
1783082154050531328,0.001,-0.678348,-0.678348,-0.684758,-0.00841238,0,0.5
1783082154051531264,0.001,0,0,-0.684766,-0.00839579,0,0.5
1783082154052531200,0.001,-0.678348,-0.678348,-0.684752,-0.00812721,0,0.5
1783082154053531136,0.001,0,0,-0.68476,-0.00811062,0,0.5
1783082154054531072,0.001,-0.678348,-0.678348,-0.684746,-0.00784891,0,0.5
1783082154055531008,0.001,0,0,-0.684754,-0.00783232,0,0.5
1783082154056530944,0.001,-0.678348,-0.678348,-0.68474,-0.00757749,0,0.5
1783082154057530880,0.001,0,0,-0.684748,-0.00756089,0,0.5
1783082154058530816,0.001,-0.678348,-0.678348,-0.684734,-0.00731292,0,0.5
1783082154059530752,0.001,-0.678348,-0.678348,-0.684721,-0.00707516,0,0.5
1783082154060530688,0.001,0,0,-0.684728,-0.00705856,0,0.5
1783082154061530624,0.001,-0.678348,-0.678348,-0.684715,-0.00682711,0,0.5
1783082154062530560,0.001,0,0,-0.684722,-0.00681051,0,0.5
1783082154063530496,0.001,-0.678348,-0.678348,-0.684709,-0.00658533,0,0.5
1783082154064530432,0.001,0,0,-0.684716,-0.00656873,0,0.5
1783082154065530368,0.001,-0.678348,-0.678348,-0.684703,-0.00634981,0,0.5
1783082154066530304,0.001,0,0,-0.684709,-0.00633321,0,0.5
1783082154067530240,0.001,-0.678348,-0.678348,-0.684697,-0.00612047,0,0.5
1783082154068530176,0.001,0,0,-0.684703,-0.00610387,0,0.5
1783082154069530112,0.001,-0.678348,-0.678348,-0.684691,-0.00589728,0,0.5
1783082154070530048,0.001,0,0,-0.684697,-0.00588068,0,0.5
1783082154071529984,0.001,-0.678348,-0.678348,-0.684685,-0.00568015,0,0.5
1783082154072529920,0.001,-0.678348,-0.678348,-0.684673,-0.00548813,0,0.5
1783082154073529856,0.001,-0.678348,-0.678348,-0.684661,-0.00530407,0,0.5
1783082154074529792,0.001,0,0,-0.684667,-0.00528747,0,0.5
1783082154075529728,0.001,-0.678348,-0.678348,-0.684655,-0.00510853,0,0.5
1783082154076529664,0.001,0,0,-0.68466,-0.00509193,0,0.5
1783082154077529600,0.001,-0.678348,-0.678348,-0.684649,-0.00491808,0,0.5
1783082154078529536,0.001,0,0,-0.684654,-0.00490147,0,0.5
1783082154079529472,0.001,-0.678348,-0.678348,-0.684643,-0.00473267,0,0.5
1783082154080529408,0.001,-0.678348,-0.678348,-0.684632,-0.00457088,0,0.5
1783082154081529344,0.001,0,0,-0.684637,-0.00455428,0,0.5
1783082154082529280,0.001,-0.678348,-0.678348,-0.684626,-0.00439712,0,0.5
1783082154083529216,0.001,0,0,-0.684631,-0.00438051,0,0.5
1783082154084529152,0.001,-0.678348,-0.678348,-0.68462,-0.00422795,0,0.5
1783082154085529088,0.001,0,0,-0.684624,-0.00421134,0,0.5
1783082154086529024,0.001,-0.678348,-0.678348,-0.684614,-0.00406333,0,0.5
1783082154087528960,0.001,0,0,-0.684618,-0.00404672,0,0.5
1783082154088528896,0.001,-0.678348,-0.678348,-0.684607,-0.00390319,0,0.5
1783082154089528832,0.001,0,0,-0.684611,-0.00388658,0,0.5
1783082154090528768,0.001,-0.678348,-0.678348,-0.684601,-0.00374749,0,0.5
1783082154091528704,0.001,-0.678348,-0.678348,-0.684591,-0.00361427,0,0.5
1783082154092528640,0.001,0,0,-0.684595,-0.00359765,0,0.5
1783082154093528576,0.001,-0.678348,-0.678348,-0.684585,-0.00346848,0,0.5
1783082154094528512,0.001,0,0,-0.684588,-0.00345187,0,0.5
1783082154095528448,0.001,-0.678348,-0.678348,-0.684578,-0.00332669,0,0.5
1783082154096528384,0.001,0,0,-0.684582,-0.00331008,0,0.5
1783082154097528320,0.001,-0.678348,-0.678348,-0.684572,-0.00318886,0,0.5
1783082154098528256,0.001,-0.678348,-0.678348,-0.684563,-0.00307272,0,0.5
1783082154099528192,0.001,0,0,-0.684566,-0.0030561,0,0.5
1783082154100528128,0.001,-0.678348,-0.678348,-0.684556,-0.00294358,0,0.5
1783082154101528064,0.001,-0.678348,-0.678348,-0.684547,-0.00283569,0,0.5
1783082154102528000,0.001,0,0,-0.68455,-0.00281908,0,0.5
1783082154103527936,0.001,-0.678348,-0.678348,-0.68454,-0.00271451,0,0.5
1783082154104527872,0.001,0,0,-0.684543,-0.0026979,0,0.5
1783082154105527808,0.001,-0.678348,-0.678348,-0.684534,-0.00259662,0,0.5
1783082154106527744,0.001,0,0,-0.684537,-0.00258001,0,0.5
1783082154107527680,0.001,-0.678348,-0.678348,-0.684528,-0.00248198,0,0.5
1783082154108527616,0.001,-0.678348,-0.678348,-0.684519,-0.00238798,0,0.5
1783082154109527552,0.001,0,0,-0.684521,-0.00237137,0,0.5
1783082154110527488,0.001,-0.678348,-0.678348,-0.684512,-0.00228036,0,0.5
1783082154111527424,0.001,0,0,-0.684515,-0.00226374,0,0.5
1783082154112527360,0.001,-0.678348,-0.678348,-0.684506,-0.00217569,0,0.5
1783082154113527296,0.001,0,0,-0.684508,-0.00215907,0,0.5
1783082154114527232,0.001,0,0,-0.68451,-0.00214246,0,0.5
1783082154115527168,0.001,0,0,-0.684512,-0.00212584,0,0.5
1783082154116527104,0.001,0,0,-0.684514,-0.00210922,0,0.5
1783082154117527040,0.001,0,0,-0.684516,-0.00209261,0,0.5
1783082154118526976,0.001,0,0,-0.684519,-0.00207599,0,0.5
1783082154119526912,0.001,0,0,-0.684521,-0.00205938,0,0.5
1783082154120526848,0.001,0,0,-0.684523,-0.00204276,0,0.5
1783082154121526784,0.001,0,0,-0.684525,-0.00202615,0,0.5
1783082154122526720,0.001,0,0,-0.684527,-0.00200953,0,0.5
1783082154123526656,0.001,0,0,-0.684529,-0.00199291,0,0.5
1783082154124526592,0.001,0,0,-0.684531,-0.0019763,0,0.5
1783082154125526528,0.001,0,0,-0.684533,-0.00195968,0,0.5
1783082154126526464,0.001,0,0,-0.684535,-0.00194307,0,0.5
1783082154127526400,0.001,0,0,-0.684537,-0.00192645,0,0.5
1783082154128526336,0.001,0,0,-0.684538,-0.00190983,0,0.5
1783082154129526272,0.001,0,0,-0.68454,-0.00189322,0,0.5
1783082154130526208,0.001,0,0,-0.684542,-0.0018766,0,0.5
1783082154131526144,0.001,0,0,-0.684544,-0.00185999,0,0.5
1783082154132526080,0.001,0,0,-0.684546,-0.00184337,0,0.5
1783082154133526016,0.001,0,0,-0.684548,-0.00182675,0,0.5
1783082154134525952,0.001,0,0,-0.68455,-0.00181014,0,0.5
1783082154135525888,0.001,0,0,-0.684551,-0.00179352,0,0.5
1783082154136525824,0.001,0,0,-0.684553,-0.00177691,0,0.5
1783082154137525760,0.001,0,0,-0.684555,-0.00176029,0,0.5
1783082154138525696,0.001,0,0,-0.684557,-0.00174367,0,0.5
1783082154139525632,0.001,0,0,-0.684559,-0.00172706,0,0.5
1783082154140525568,0.001,0,0,-0.68456,-0.00171044,0,0.5
1783082154141525504,0.001,0,0,-0.684562,-0.00169383,0,0.5
1783082154142525440,0.001,0,0,-0.684564,-0.00167721,0,0.5
1783082154143525376,0.001,0,0,-0.684565,-0.00166059,0,0.5
1783082154144525312,0.001,0,0,-0.684567,-0.00164398,0,0.5
1783082154145525248,0.001,0,0,-0.684569,-0.00162736,0,0.5
1783082154146525184,0.001,0,0,-0.68457,-0.00161075,0,0.5
1783082154147525120,0.001,0,0,-0.684572,-0.00159413,0,0.5
1783082154148525056,0.001,0,0,-0.684573,-0.00157751,0,0.5
1783082154149524992,0.001,0,0,-0.684575,-0.0015609,0,0.5
1783082154150524928,0.001,0,0,-0.684577,-0.00154428,0,0.5
1783082154151524864,0.001,0,0,-0.684578,-0.00152767,0,0.5
1783082154152524800,0.001,0,0,-0.68458,-0.00151105,0,0.5
1783082154153524736,0.001,0,0,-0.684581,-0.00149443,0,0.5
1783082154154524672,0.001,0,0,-0.684583,-0.00147782,0,0.5
1783082154155524608,0.001,0,0,-0.684584,-0.0014612,0,0.5
1783082154156524544,0.001,0,0,-0.684585,-0.00144459,0,0.5
1783082154157524480,0.001,0,0,-0.684587,-0.00142797,0,0.5
1783082154158524416,0.001,0,0,-0.684588,-0.00141135,0,0.5
1783082154159524352,0.001,0,0,-0.68459,-0.00139474,0,0.5
1783082154160524288,0.001,0,0,-0.684591,-0.00137812,0,0.5
1783082154161524224,0.001,0,0,-0.684592,-0.00136151,0,0.5
1783082154162524160,0.001,0,0,-0.684594,-0.00134489,0,0.5
1783082154163524096,0.001,0,0,-0.684595,-0.00132827,0,0.5
1783082154164524032,0.001,0,0,-0.684596,-0.00131166,0,0.5
1783082154165523968,0.001,0,0,-0.684598,-0.00129504,0,0.5
1783082154166523904,0.001,0,0,-0.684599,-0.00127843,0,0.5
1783082154167523840,0.001,0,0,-0.6846,-0.00126181,0,0.5
1783082154168523776,0.001,0,0,-0.684602,-0.00124519,0,0.5
1783082154169523712,0.001,0,0,-0.684603,-0.00122858,0,0.5
1783082154170523648,0.001,0,0,-0.684604,-0.00121196,0,0.5
1783082154171523584,0.001,0,0,-0.684605,-0.00119535,0,0.5
1783082154172523520,0.001,0,0,-0.684606,-0.00117873,0,0.5
1783082154173523456,0.001,0,0,-0.684608,-0.00116211,0,0.5
1783082154174523392,0.001,0,0,-0.684609,-0.0011455,0,0.5
1783082154175523328,0.001,0,0,-0.68461,-0.00112888,0,0.5
1783082154176523264,0.001,0,0,-0.684611,-0.00111227,0,0.5
1783082154177523200,0.001,0,0,-0.684612,-0.00109565,0,0.5
1783082154178523136,0.001,0,0,-0.684613,-0.00107903,0,0.5
1783082154179523072,0.001,0,0,-0.684614,-0.00106242,0,0.5
1783082154180523008,0.001,0,0,-0.684615,-0.0010458,0,0.5
1783082154181522944,0.001,0,0,-0.684616,-0.00102919,0,0.5
1783082154182522880,0.001,0,0,-0.684617,-0.00101257,0,0.5
1783082154183522816,0.001,0,0,-0.684618,-0.000995955,0,0.5
1783082154184522752,0.001,0,0,-0.684619,-0.000979339,0,0.5
1783082154185522688,0.001,0,0,-0.68462,-0.000962723,0,0.5
1783082154186522624,0.001,0,0,-0.684621,-0.000946107,0,0.5
1783082154187522560,0.001,0,0,-0.684622,-0.000929491,0,0.5
1783082154188522496,0.001,0,0,-0.684623,-0.000912875,0,0.5
1783082154189522432,0.001,0,0,-0.684624,-0.000896259,0,0.5
1783082154190522368,0.001,0,0,-0.684625,-0.000879643,0,0.5
1783082154191522304,0.001,0,0,-0.684626,-0.000863027,0,0.5
1783082154192522240,0.001,0,0,-0.684627,-0.000846411,0,0.5
1783082154193522176,0.001,0,0,-0.684628,-0.000829795,0,0.5
1783082154194522112,0.001,-0.678348,-0.678348,-0.684616,-0.000747217,0,0.5
1783082154195522048,0.001,0,0,-0.684616,-0.000730601,0,0.5
1783082154196521984,0.001,-0.678348,-0.678348,-0.684605,-0.000658181,0,0.5
1783082154197521920,0.001,0,0,-0.684606,-0.000641564,0,0.5
1783082154198521856,0.001,-0.678348,-0.678348,-0.684595,-0.000577557,0,0.5
1783082154199521792,0.001,0,0,-0.684596,-0.000560941,0,0.5
1783082154200521728,0.001,-0.678348,-0.678348,-0.684586,-0.000503991,0,0.5
1783082154201521664,0.001,0,0,-0.684586,-0.000487374,0,0.5
1783082154202521600,0.001,-0.678348,-0.678348,-0.684577,-0.000436413,0,0.5
1783082154203521536,0.001,0,0,-0.684577,-0.000419796,0,0.5
1783082154204521472,0.001,-0.678348,-0.678348,-0.684568,-0.000373968,0,0.5
1783082154205521408,0.001,0,0,-0.684568,-0.000357351,0,0.5
1783082154206521344,0.001,-0.678348,-0.678348,-0.684559,-0.000315964,0,0.5
1783082154207521280,0.001,0,0,-0.684559,-0.000299347,0,0.5
1783082154208521216,0.001,-0.678348,-0.678348,-0.68455,-0.000261836,0,0.5
1783082154209521152,0.001,0,0,-0.684551,-0.000245219,0,0.5
1783082154210521088,0.001,-0.678348,-0.678348,-0.684542,-0.000211119,0,0.5
1783082154211521024,0.001,0,0,-0.684542,-0.000194501,0,0.5
1783082154212520960,0.001,-0.678348,-0.678348,-0.684534,-0.000163423,0,0.5
1783082154213520896,0.001,0,0,-0.684534,-0.000146805,0,0.5
1783082154214520832,0.001,-0.678348,-0.678348,-0.684526,-0.000118423,0,0.5
1783082154215520768,0.001,0,0,-0.684526,-0.000101806,0,0.5
1783082154216520704,0.001,-0.678348,-0.678348,-0.684518,-7.58447e-05,0,0.5
1783082154217520640,0.001,-0.678348,-0.678348,-0.68451,-5.13959e-05,0,0.5
1783082154218520576,0.001,0,0,-0.68451,-3.47782e-05,0,0.5
1783082154219520512,0.001,-0.678348,-0.678348,-0.684502,-1.23365e-05,0,0.5
1783082154220520448,0.001,0,0,-0.684502,4.28122e-06,0,0.5
1783082154221520384,0.001,-0.678348,-0.678348,-0.684494,2.48874e-05,0,0.5
1783082154222520320,0.001,0,0,-0.684494,4.15052e-05,0,0.5
1783082154223520256,0.001,-0.678348,-0.678348,-0.684487,6.04252e-05,0,0.5
1783082154224520192,0.001,0,0,-0.684487,7.70429e-05,0,0.5
1783082154225520128,0.001,-0.678348,-0.678348,-0.684479,9.44071e-05,0,0.5
1783082154226520064,0.001,0,0,-0.684479,0.000111025,0,0.5
1783082154227520000,0.001,-0.678348,-0.678348,-0.684472,0.000126948,0,0.5
1783082154228519936,0.001,0,0,-0.684472,0.000143565,0,0.5
1783082154229519872,0.001,-0.678348,-0.678348,-0.684464,0.000158148,0,0.5
1783082154230519808,0.001,0,0,-0.684464,0.000174765,0,0.5
1783082154231519744,0.001,-0.678348,-0.678348,-0.684457,0.000188097,0,0.5
1783082154232519680,0.001,0,0,-0.684457,0.000204714,0,0.5
1783082154233519616,0.001,-0.678348,-0.678348,-0.68445,0.000216874,0,0.5
1783082154234519552,0.001,0,0,-0.68445,0.000233492,0,0.5
1783082154235519488,0.001,-0.678348,-0.678348,-0.684442,0.000244552,0,0.5
1783082154236519424,0.001,0,0,-0.684442,0.00026117,0,0.5
1783082154237519360,0.001,-0.678348,-0.678348,-0.684435,0.000271193,0,0.5
1783082154238519296,0.001,0,0,-0.684435,0.000287811,0,0.5
1783082154239519232,0.001,-0.678348,-0.678348,-0.684428,0.000296856,0,0.5
1783082154240519168,0.001,0,0,-0.684428,0.000313474,0,0.5
1783082154241519104,0.001,-0.678348,-0.678348,-0.684421,0.000321593,0,0.5
1783082154242519040,0.001,0,0,-0.68442,0.000338211,0,0.5
1783082154243518976,0.001,-0.678348,-0.678348,-0.684414,0.000345451,0,0.5
1783082154244518912,0.001,-0.678348,-0.678348,-0.684407,0.000352618,0,0.5
1783082154245518848,0.001,-0.678348,-0.678348,-0.6844,0.00035971,0,0.5
1783082154246518784,0.001,-0.678348,-0.678348,-0.684393,0.000366727,0,0.5
1783082154247518720,0.001,0,0,-0.684393,0.000383344,0,0.5
1783082154248518656,0.001,-0.678348,-0.678348,-0.684386,0.000389543,0,0.5
1783082154249518592,0.001,0,0,-0.684385,0.00040616,0,0.5
1783082154250518528,0.001,-0.678348,-0.678348,-0.684379,0.000411574,0,0.5
1783082154251518464,0.001,-0.678348,-0.678348,-0.684372,0.000416995,0,0.5
1783082154252518400,0.001,-0.678348,-0.678348,-0.684365,0.000422415,0,0.5
1783082154253518336,0.001,-0.678348,-0.678348,-0.684358,0.000427827,0,0.5
1783082154254518272,0.001,-0.678348,-0.678348,-0.684352,0.000433225,0,0.5
1783082154255518208,0.001,0,0,-0.684351,0.000449842,0,0.5
1783082154256518144,0.001,-0.678348,-0.678348,-0.684345,0.000454481,0,0.5
1783082154257518080,0.001,0,0,-0.684344,0.000471098,0,0.5
1783082154258518016,0.001,-0.678348,-0.678348,-0.684337,0.000475004,0,0.5
1783082154259517952,0.001,0,0,-0.684337,0.000491621,0,0.5
1783082154260517888,0.001,-0.678348,-0.678348,-0.68433,0.000494819,0,0.5
1783082154261517824,0.001,0,0,-0.68433,0.000511436,0,0.5
1783082154262517760,0.001,-0.678348,-0.678348,-0.684323,0.000513949,0,0.5
1783082154263517696,0.001,0,0,-0.684323,0.000530566,0,0.5
1783082154264517632,0.001,-0.678348,-0.678348,-0.684316,0.000532417,0,0.5
1783082154265517568,0.001,0,0,-0.684316,0.000549034,0,0.5
1783082154266517504,0.001,-0.678348,-0.678348,-0.684309,0.000550247,0,0.5
1783082154267517440,0.001,0,0,-0.684308,0.000566863,0,0.5
1783082154268517376,0.001,-0.678348,-0.678348,-0.684302,0.000567459,0,0.5
1783082154269517312,0.001,0,0,-0.684301,0.000584076,0,0.5
1783082154270517248,0.001,-0.678348,-0.678348,-0.684295,0.000584075,0,0.5
1783082154271517184,0.001,-0.678348,-0.678348,-0.684288,0.000584318,0,0.5
1783082154272517120,0.001,-0.678348,-0.678348,-0.684282,0.000584782,0,0.5
1783082154273517056,0.001,-0.678348,-0.678348,-0.684275,0.000585445,0,0.5
1783082154274516992,0.001,0,0,-0.684275,0.000602061,0,0.5
1783082154275516928,0.001,0,0,-0.684274,0.000618677,0,0.5
1783082154276516864,0.001,-0.678348,-0.678348,-0.684268,0.000617899,0,0.5
1783082154277516800,0.001,0,0,-0.684267,0.000634515,0,0.5
1783082154278516736,0.001,-0.678348,-0.678348,-0.684261,0.000633171,0,0.5
1783082154279516672,0.001,0,0,-0.68426,0.000649787,0,0.5
1783082154280516608,0.001,-0.678348,-0.678348,-0.684254,0.000647895,0,0.5
1783082154281516544,0.001,0,0,-0.684253,0.000664511,0,0.5
1783082154282516480,0.001,-0.678348,-0.678348,-0.684247,0.000662092,0,0.5
1783082154283516416,0.001,0,0,-0.684246,0.000678708,0,0.5
1783082154284516352,0.001,-0.678348,-0.678348,-0.68424,0.000675778,0,0.5
1783082154285516288,0.001,0,0,-0.684239,0.000692394,0,0.5
1783082154286516224,0.001,-0.678348,-0.678348,-0.684232,0.000688972,0,0.5
1783082154287516160,0.001,0,0,-0.684232,0.000705588,0,0.5
1783082154288516096,0.001,-0.678348,-0.678348,-0.684225,0.000701691,0,0.5
1783082154289516032,0.001,-0.678348,-0.678348,-0.684219,0.000698212,0,0.5
1783082154290515968,0.001,0,0,-0.684218,0.000714828,0,0.5
1783082154291515904,0.001,-0.678348,-0.678348,-0.684212,0.000710863,0,0.5
1783082154292515840,0.001,0,0,-0.684211,0.000727479,0,0.5
1783082154293515776,0.001,-0.678348,-0.678348,-0.684205,0.000723046,0,0.5
1783082154294515712,0.001,0,0,-0.684204,0.000739662,0,0.5
1783082154295515648,0.001,-0.678348,-0.678348,-0.684198,0.000734778,0,0.5
1783082154296515584,0.001,0,0,-0.684197,0.000751393,0,0.5
1783082154297515520,0.001,-0.678348,-0.678348,-0.684191,0.000746074,0,0.5
1783082154298515456,0.001,0,0,-0.68419,0.00076269,0,0.5
1783082154299515392,0.001,-0.678348,-0.678348,-0.684184,0.000756952,0,0.5
1783082154300515328,0.001,-0.678348,-0.678348,-0.684178,0.000751713,0,0.5
1783082154301515264,0.001,-0.678348,-0.678348,-0.684171,0.000746934,0,0.5
1783082154302515200,0.001,0,0,-0.684171,0.000763549,0,0.5
1783082154303515136,0.001,-0.678348,-0.678348,-0.684164,0.000758304,0,0.5
1783082154304515072,0.001,0,0,-0.684164,0.000774919,0,0.5
1783082154305515008,0.001,-0.678348,-0.678348,-0.684157,0.000769228,0,0.5
1783082154306514944,0.001,0,0,-0.684157,0.000785843,0,0.5
1783082154307514880,0.001,-0.678348,-0.678348,-0.684151,0.000779721,0,0.5
1783082154308514816,0.001,0,0,-0.68415,0.000796336,0,0.5
1783082154309514752,0.001,-0.678348,-0.678348,-0.684144,0.000789801,0,0.5
1783082154310514688,0.001,0,0,-0.684143,0.000806416,0,0.5
1783082154311514624,0.001,-0.678348,-0.678348,-0.684137,0.000799484,0,0.5
1783082154312514560,0.001,-0.678348,-0.678348,-0.68413,0.00079309,0,0.5
1783082154313514496,0.001,0,0,-0.68413,0.000809704,0,0.5
1783082154314514432,0.001,-0.678348,-0.678348,-0.684123,0.000802896,0,0.5
1783082154315514368,0.001,0,0,-0.684123,0.00081951,0,0.5
1783082154316514304,0.001,-0.678348,-0.678348,-0.684116,0.000812303,0,0.5
1783082154317514240,0.001,0,0,-0.684116,0.000828917,0,0.5
1783082154318514176,0.001,-0.678348,-0.678348,-0.684109,0.000821327,0,0.5
1783082154319514112,0.001,-0.678348,-0.678348,-0.684103,0.000814299,0,0.5
1783082154320514048,0.001,0,0,-0.684102,0.000830913,0,0.5
1783082154321513984,0.001,-0.678348,-0.678348,-0.684096,0.000823484,0,0.5
1783082154322513920,0.001,0,0,-0.684096,0.000840098,0,0.5
1783082154323513856,0.001,-0.678348,-0.678348,-0.684089,0.000832284,0,0.5
1783082154324513792,0.001,0,0,-0.684089,0.000848898,0,0.5
1783082154325513728,0.001,-0.678348,-0.678348,-0.684082,0.000840715,0,0.5
1783082154326513664,0.001,-0.678348,-0.678348,-0.684076,0.000833117,0,0.5
1783082154327513600,0.001,-0.678348,-0.678348,-0.68407,0.000826059,0,0.5
1783082154328513536,0.001,-0.678348,-0.678348,-0.684064,0.0008195,0,0.5
1783082154329513472,0.001,-0.678348,-0.678348,-0.684058,0.000813402,0,0.5
1783082154330513408,0.001,0,0,-0.684057,0.000830015,0,0.5
1783082154331513344,0.001,-0.678348,-0.678348,-0.684051,0.000823441,0,0.5
1783082154332513280,0.001,-0.678348,-0.678348,-0.684045,0.000817321,0,0.5
1783082154333513216,0.001,-0.678348,-0.678348,-0.684039,0.000811623,0,0.5
1783082154334513152,0.001,-0.678348,-0.678348,-0.684032,0.000806316,0,0.5
1783082154335513088,0.001,-0.678348,-0.678348,-0.684026,0.000801371,0,0.5
1783082154336513024,0.001,-0.678348,-0.678348,-0.68402,0.000796764,0,0.5
1783082154337512960,0.001,0,0,-0.684019,0.000813376,0,0.5
1783082154338512896,0.001,-0.678348,-0.678348,-0.684013,0.000808206,0,0.5
1783082154339512832,0.001,0,0,-0.684012,0.000824819,0,0.5
1783082154340512768,0.001,-0.678348,-0.678348,-0.684006,0.000819108,0,0.5
1783082154341512704,0.001,0,0,-0.684005,0.000835721,0,0.5
1783082154342512640,0.001,-0.678348,-0.678348,-0.683999,0.000829492,0,0.5
1783082154343512576,0.001,0,0,-0.683998,0.000846105,0,0.5
1783082154344512512,0.001,-0.678348,-0.678348,-0.683992,0.000839381,0,0.5
1783082154345512448,0.001,0,0,-0.683991,0.000855993,0,0.5
1783082154346512384,0.001,-0.678348,-0.678348,-0.683985,0.000848795,0,0.5
1783082154347512320,0.001,0,0,-0.683984,0.000865407,0,0.5
1783082154348512256,0.001,-0.678348,-0.678348,-0.683978,0.000857755,0,0.5
1783082154349512192,0.001,-0.678348,-0.678348,-0.683972,0.000850599,0,0.5
1783082154350512128,0.001,0,0,-0.683972,0.000867211,0,0.5
1783082154351512064,0.001,-0.678348,-0.678348,-0.683966,0.000859594,0,0.5
1783082154352512000,0.001,0,0,-0.683965,0.000876205,0,0.5
1783082154353511936,0.001,-0.678348,-0.678348,-0.683959,0.000868149,0,0.5
1783082154354511872,0.001,0,0,-0.683958,0.000884761,0,0.5
1783082154355511808,0.001,-0.678348,-0.678348,-0.683952,0.000876285,0,0.5
1783082154356511744,0.001,0,0,-0.683951,0.000892896,0,0.5
1783082154357511680,0.001,-0.678348,-0.678348,-0.683945,0.000884021,0,0.5
1783082154358511616,0.001,0,0,-0.683944,0.000900632,0,0.5
1783082154359511552,0.001,-0.678348,-0.678348,-0.683938,0.000891375,0,0.5
1783082154360511488,0.001,-0.678348,-0.678348,-0.683932,0.000882709,0,0.5
1783082154361511424,0.001,0,0,-0.683931,0.00089932,0,0.5
1783082154362511360,0.001,-0.678348,-0.678348,-0.683925,0.000890258,0,0.5
1783082154363511296,0.001,0,0,-0.683924,0.000906868,0,0.5
1783082154364511232,0.001,-0.678348,-0.678348,-0.683918,0.000897428,0,0.5
1783082154365511168,0.001,-0.678348,-0.678348,-0.683913,0.000888585,0,0.5
1783082154366511104,0.001,0,0,-0.683912,0.000905196,0,0.5
1783082154367511040,0.001,0,0,-0.683911,0.000921807,0,0.5
1783082154368510976,0.001,0,0,-0.68391,0.000938418,0,0.5
1783082154369510912,0.001,0,0,-0.683909,0.000955028,0,0.5
1783082154370510848,0.001,0,0,-0.683908,0.000971639,0,0.5
1783082154371510784,0.001,0,0,-0.683907,0.00098825,0,0.5
1783082154372510720,0.001,0,0,-0.683906,0.00100486,0,0.5
1783082154373510656,0.001,0,0,-0.683905,0.00102147,0,0.5
1783082154374510592,0.001,0,0,-0.683904,0.00103808,0,0.5
1783082154375510528,0.001,0,0,-0.683903,0.00105469,0,0.5
1783082154376510464,0.001,0,0,-0.683902,0.0010713,0,0.5
1783082154377510400,0.001,0,0,-0.683901,0.00108791,0,0.5
1783082154378510336,0.001,0,0,-0.6839,0.00110453,0,0.5
1783082154379510272,0.001,0,0,-0.683898,0.00112114,0,0.5
1783082154380510208,0.001,0,0,-0.683897,0.00113775,0,0.5
1783082154381510144,0.001,0,0,-0.683896,0.00115436,0,0.5
1783082154382510080,0.001,0,0,-0.683895,0.00117097,0,0.5
1783082154383510016,0.001,0,0,-0.683894,0.00118758,0,0.5
1783082154384509952,0.001,0,0,-0.683893,0.00120419,0,0.5
1783082154385509888,0.001,0,0,-0.683891,0.0012208,0,0.5
1783082154386509824,0.001,0,0,-0.68389,0.00123741,0,0.5
1783082154387509760,0.001,0,0,-0.683889,0.00125402,0,0.5
1783082154388509696,0.001,0,0,-0.683888,0.00127063,0,0.5
1783082154389509632,0.001,0,0,-0.683886,0.00128724,0,0.5
1783082154390509568,0.001,0,0,-0.683885,0.00130385,0,0.5
1783082154391509504,0.001,0,0,-0.683884,0.00132047,0,0.5
1783082154392509440,0.001,0,0,-0.683882,0.00133708,0,0.5
1783082154393509376,0.001,0,0,-0.683881,0.00135369,0,0.5
1783082154394509312,0.001,0,0,-0.68388,0.0013703,0,0.5
1783082154395509248,0.001,0,0,-0.683878,0.00138691,0,0.5
1783082154396509184,0.001,0,0,-0.683877,0.00140352,0,0.5
1783082154397509120,0.001,0,0,-0.683876,0.00142013,0,0.5
1783082154398509056,0.001,0,0,-0.683874,0.00143674,0,0.5
1783082154399508992,0.001,0,0,-0.683873,0.00145335,0,0.5
1783082154400508928,0.001,0,0,-0.683871,0.00146996,0,0.5
1783082154401508864,0.001,0,0,-0.68387,0.00148657,0,0.5
1783082154402508800,0.001,0,0,-0.683868,0.00150318,0,0.5
1783082154403508736,0.001,0,0,-0.683867,0.00151979,0,0.5
1783082154404508672,0.001,0,0,-0.683865,0.0015364,0,0.5
1783082154405508608,0.001,0,0,-0.683864,0.00155302,0,0.5
1783082154406508544,0.001,0,0,-0.683862,0.00156963,0,0.5
1783082154407508480,0.001,0,0,-0.683861,0.00158624,0,0.5
1783082154408508416,0.001,0,0,-0.683859,0.00160285,0,0.5
1783082154409508352,0.001,0,0,-0.683857,0.00161946,0,0.5
1783082154410508288,0.001,0,0,-0.683856,0.00163607,0,0.5
1783082154411508224,0.001,0,0,-0.683854,0.00165268,0,0.5
1783082154412508160,0.001,0,0,-0.683852,0.00166929,0,0.5
1783082154413508096,0.001,0,0,-0.683851,0.0016859,0,0.5
1783082154414508032,0.001,0,0,-0.683849,0.00170251,0,0.5
1783082154415507968,0.001,0,0,-0.683847,0.00171912,0,0.5
1783082154416507904,0.001,0,0,-0.683846,0.00173573,0,0.5
1783082154417507840,0.001,0,0,-0.683844,0.00175234,0,0.5
1783082154418507776,0.001,0,0,-0.683842,0.00176896,0,0.5
1783082154419507712,0.001,0,0,-0.68384,0.00178557,0,0.5
1783082154420507648,0.001,0,0,-0.683838,0.00180218,0,0.5
1783082154421507584,0.001,0,0,-0.683837,0.00181879,0,0.5
1783082154422507520,0.001,0,0,-0.683835,0.0018354,0,0.5
1783082154423507456,0.001,0,0,-0.683833,0.00185201,0,0.5
1783082154424507392,0.001,0,0,-0.683831,0.00186862,0,0.5
1783082154425507328,0.001,0,0,-0.683829,0.00188523,0,0.5
1783082154426507264,0.001,0,0,-0.683827,0.00190184,0,0.5
1783082154427507200,0.001,0,0,-0.683825,0.00191845,0,0.5
1783082154428507136,0.001,0,0,-0.683824,0.00193506,0,0.5
1783082154429507072,0.001,0,0,-0.683822,0.00195167,0,0.5
1783082154430507008,0.001,0,0,-0.68382,0.00196828,0,0.5
1783082154431506944,0.001,0,0,-0.683818,0.0019849,0,0.5
1783082154432506880,0.001,0,0,-0.683816,0.00200151,0,0.5
1783082154433506816,0.001,0,0,-0.683814,0.00201812,0,0.5
1783082154434506752,0.001,0,0,-0.683812,0.00203473,0,0.5
1783082154435506688,0.001,0,0,-0.68381,0.00205134,0,0.5
1783082154436506624,0.001,0,0,-0.683808,0.00206795,0,0.5
1783082154437506560,0.001,0,0,-0.683805,0.00208456,0,0.5
1783082154438506496,0.001,0,0,-0.683803,0.00210117,0,0.5
1783082154439506432,0.001,0,0,-0.683801,0.00211778,0,0.5
1783082154440506368,0.001,0,0,-0.683799,0.00213439,0,0.5
1783082154441506304,0.001,0,0,-0.683797,0.002151,0,0.5
1783082154442506240,0.001,0,0,-0.683795,0.00216761,0,0.5
1783082154443506176,0.001,0,0,-0.683793,0.00218422,0,0.5
1783082154444506112,0.001,0,0,-0.683791,0.00220084,0,0.5
1783082154445506048,0.001,-0.678348,-0.678348,-0.683793,0.00206906,0,0.5
1783082154446505984,0.001,0,0,-0.683791,0.00208567,0,0.5
1783082154447505920,0.001,-0.678348,-0.678348,-0.683793,0.00196919,0,0.5
1783082154448505856,0.001,0,0,-0.683791,0.0019858,0,0.5
1783082154449505792,0.001,-0.678348,-0.678348,-0.683792,0.00188198,0,0.5
1783082154450505728,0.001,0,0,-0.68379,0.00189859,0,0.5
1783082154451505664,0.001,-0.678348,-0.678348,-0.683791,0.00180534,0,0.5
1783082154452505600,0.001,0,0,-0.683789,0.00182195,0,0.5
1783082154453505536,0.001,-0.678348,-0.678348,-0.683788,0.00173762,0,0.5
1783082154454505472,0.001,-0.678348,-0.678348,-0.683788,0.00166261,0,0.5
1783082154455505408,0.001,0,0,-0.683786,0.00167922,0,0.5
1783082154456505344,0.001,-0.678348,-0.678348,-0.683785,0.00161048,0,0.5
1783082154457505280,0.001,0,0,-0.683783,0.00162709,0,0.5
1783082154458505216,0.001,-0.678348,-0.678348,-0.683781,0.00156377,0,0.5
1783082154459505152,0.001,0,0,-0.68378,0.00158038,0,0.5
1783082154460505088,0.001,-0.678348,-0.678348,-0.683778,0.00152177,0,0.5
1783082154461505024,0.001,-0.678348,-0.678348,-0.683775,0.00146882,0,0.5
1783082154462504960,0.001,0,0,-0.683774,0.00148542,0,0.5
1783082154463504896,0.001,-0.678348,-0.678348,-0.683771,0.00143592,0,0.5
1783082154464504832,0.001,0,0,-0.68377,0.00145252,0,0.5
1783082154465504768,0.001,-0.678348,-0.678348,-0.683767,0.00140606,0,0.5
1783082154466504704,0.001,0,0,-0.683765,0.00142266,0,0.5
1783082154467504640,0.001,-0.678348,-0.678348,-0.683762,0.0013789,0,0.5
1783082154468504576,0.001,0,0,-0.683761,0.00139551,0,0.5
1783082154469504512,0.001,-0.678348,-0.678348,-0.683758,0.00135415,0,0.5
1783082154470504448,0.001,0,0,-0.683756,0.00137076,0,0.5
1783082154471504384,0.001,0,0,-0.683755,0.00138736,0,0.5
1783082154472504320,0.001,-0.678348,-0.678348,-0.683752,0.00134677,0,0.5
1783082154473504256,0.001,0,0,-0.68375,0.00136338,0,0.5
1783082154474504192,0.001,-0.678348,-0.678348,-0.683747,0.00132486,0,0.5
1783082154475504128,0.001,0,0,-0.683746,0.00134146,0,0.5
1783082154476504064,0.001,-0.678348,-0.678348,-0.683742,0.0013048,0,0.5
1783082154477504000,0.001,-0.678348,-0.678348,-0.683738,0.00127113,0,0.5
1783082154478503936,0.001,0,0,-0.683737,0.00128774,0,0.5
1783082154479503872,0.001,-0.678348,-0.678348,-0.683733,0.00125546,0,0.5
1783082154480503808,0.001,0,0,-0.683732,0.00127206,0,0.5
1783082154481503744,0.001,-0.678348,-0.678348,-0.683728,0.00124104,0,0.5
1783082154482503680,0.001,0,0,-0.683727,0.00125764,0,0.5
1783082154483503616,0.001,-0.678348,-0.678348,-0.683723,0.00122776,0,0.5
1783082154484503552,0.001,0,0,-0.683721,0.00124436,0,0.5
1783082154485503488,0.001,-0.678348,-0.678348,-0.683717,0.00121551,0,0.5
1783082154486503424,0.001,0,0,-0.683716,0.00123212,0,0.5
1783082154487503360,0.001,-0.678348,-0.678348,-0.683712,0.00120421,0,0.5
1783082154488503296,0.001,0,0,-0.683711,0.00122081,0,0.5
1783082154489503232,0.001,-0.678348,-0.678348,-0.683706,0.00119377,0,0.5
1783082154490503168,0.001,-0.678348,-0.678348,-0.683702,0.00116873,0,0.5
1783082154491503104,0.001,-0.678348,-0.678348,-0.683698,0.0011455,0,0.5
1783082154492503040,0.001,0,0,-0.683696,0.0011621,0,0.5
1783082154493502976,0.001,-0.678348,-0.678348,-0.683692,0.00113934,0,0.5
1783082154494502912,0.001,-0.678348,-0.678348,-0.683687,0.00111819,0,0.5
1783082154495502848,0.001,0,0,-0.683686,0.00113479,0,0.5
1783082154496502784,0.001,-0.678348,-0.678348,-0.683681,0.00111395,0,0.5
1783082154497502720,0.001,-0.678348,-0.678348,-0.683677,0.00109453,0,0.5
1783082154498502656,0.001,0,0,-0.683676,0.00111114,0,0.5
1783082154499502592,0.001,-0.678348,-0.678348,-0.683671,0.00109191,0,0.5
1783082154500502528,0.001,0,0,-0.68367,0.00110851,0,0.5
1783082154501502464,0.001,-0.678348,-0.678348,-0.683665,0.00108945,0,0.5
1783082154502502400,0.001,0,0,-0.683664,0.00110605,0,0.5
1783082154503502336,0.001,-0.678348,-0.678348,-0.683659,0.00108716,0,0.5
1783082154504502272,0.001,0,0,-0.683658,0.00110376,0,0.5
1783082154505502208,0.001,-0.678348,-0.678348,-0.683653,0.00108501,0,0.5
1783082154506502144,0.001,-0.678348,-0.678348,-0.683648,0.0010675,0,0.5
1783082154507502080,0.001,-0.678348,-0.678348,-0.683643,0.00105113,0,0.5
1783082154508502016,0.001,0,0,-0.683642,0.00106773,0,0.5
1783082154509501952,0.001,-0.678348,-0.678348,-0.683637,0.00105133,0,0.5
1783082154510501888,0.001,-0.678348,-0.678348,-0.683632,0.00103599,0,0.5
1783082154511501824,0.001,0,0,-0.683631,0.00105259,0,0.5
1783082154512501760,0.001,-0.678348,-0.678348,-0.683626,0.00103715,0,0.5
1783082154513501696,0.001,-0.678348,-0.678348,-0.683621,0.00102268,0,0.5
1783082154514501632,0.001,0,0,-0.68362,0.00103928,0,0.5
1783082154515501568,0.001,-0.678348,-0.678348,-0.683614,0.00102465,0,0.5
1783082154516501504,0.001,0,0,-0.683613,0.00104125,0,0.5
1783082154517501440,0.001,-0.678348,-0.678348,-0.683608,0.00102649,0,0.5
1783082154518501376,0.001,0,0,-0.683607,0.00104309,0,0.5
1783082154519501312,0.001,-0.678348,-0.678348,-0.683602,0.00102819,0,0.5
1783082154520501248,0.001,0,0,-0.683601,0.00104479,0,0.5
1783082154521501184,0.001,-0.678348,-0.678348,-0.683596,0.00102977,0,0.5
1783082154522501120,0.001,0,0,-0.683595,0.00104637,0,0.5
1783082154523501056,0.001,-0.678348,-0.678348,-0.68359,0.00103124,0,0.5
1783082154524500992,0.001,0,0,-0.683589,0.00104783,0,0.5
1783082154525500928,0.001,-0.678348,-0.678348,-0.683584,0.00103259,0,0.5
1783082154526500864,0.001,0,0,-0.683583,0.00104919,0,0.5
1783082154527500800,0.001,-0.678348,-0.678348,-0.683578,0.00103384,0,0.5
1783082154528500736,0.001,0,0,-0.683577,0.00105043,0,0.5
1783082154529500672,0.001,-0.678348,-0.678348,-0.683571,0.00103499,0,0.5
1783082154530500608,0.001,-0.678348,-0.678348,-0.683566,0.00102051,0,0.5
1783082154531500544,0.001,0,0,-0.683565,0.00103711,0,0.5
1783082154532500480,0.001,-0.678348,-0.678348,-0.68356,0.00102247,0,0.5
1783082154533500416,0.001,0,0,-0.683559,0.00103907,0,0.5
1783082154534500352,0.001,-0.678348,-0.678348,-0.683554,0.0010243,0,0.5
1783082154535500288,0.001,-0.678348,-0.678348,-0.683549,0.00101044,0,0.5
1783082154536500224,0.001,-0.678348,-0.678348,-0.683543,0.000997424,0,0.5
1783082154537500160,0.001,0,0,-0.683542,0.00101402,0,0.5
1783082154538500096,0.001,-0.678348,-0.678348,-0.683537,0.00100077,0,0.5
1783082154539500032,0.001,-0.678348,-0.678348,-0.683532,0.000988309,0,0.5
1783082154540499968,0.001,-0.678348,-0.678348,-0.683527,0.000976591,0,0.5
1783082154541499904,0.001,-0.678348,-0.678348,-0.683521,0.000965559,0,0.5
1783082154542499840,0.001,-0.678348,-0.678348,-0.683516,0.000955163,0,0.5
1783082154543499776,0.001,-0.678348,-0.678348,-0.68351,0.000945359,0,0.5
1783082154544499712,0.001,0,0,-0.68351,0.000961957,0,0.5
1783082154545499648,0.001,-0.678348,-0.678348,-0.683504,0.000951734,0,0.5
1783082154546499584,0.001,0,0,-0.683503,0.000968332,0,0.5
1783082154547499520,0.001,-0.678348,-0.678348,-0.683498,0.000957713,0,0.5
1783082154548499456,0.001,0,0,-0.683497,0.00097431,0,0.5
1783082154549499392,0.001,-0.678348,-0.678348,-0.683492,0.000963316,0,0.5
1783082154550499328,0.001,0,0,-0.683491,0.000979913,0,0.5
1783082154551499264,0.001,-0.678348,-0.678348,-0.683485,0.000968564,0,0.5
1783082154552499200,0.001,0,0,-0.683484,0.000985161,0,0.5
1783082154553499136,0.001,-0.678348,-0.678348,-0.683479,0.000973478,0,0.5
1783082154554499072,0.001,-0.678348,-0.678348,-0.683474,0.000962477,0,0.5
1783082154555499008,0.001,0,0,-0.683473,0.000979074,0,0.5
1783082154556498944,0.001,-0.678348,-0.678348,-0.683467,0.000967719,0,0.5
1783082154557498880,0.001,0,0,-0.683466,0.000984316,0,0.5
1783082154558498816,0.001,-0.678348,-0.678348,-0.683461,0.000972627,0,0.5
1783082154559498752,0.001,-0.678348,-0.678348,-0.683456,0.000961621,0,0.5
1783082154560498688,0.001,-0.678348,-0.678348,-0.68345,0.00095125,0,0.5
1783082154561498624,0.001,-0.678348,-0.678348,-0.683445,0.000941468,0,0.5
1783082154562498560,0.001,-0.678348,-0.678348,-0.68344,0.000932235,0,0.5
1783082154563498496,0.001,-0.678348,-0.678348,-0.683434,0.000923515,0,0.5
1783082154564498432,0.001,-0.678348,-0.678348,-0.683429,0.000915273,0,0.5
1783082154565498368,0.001,-0.678348,-0.678348,-0.683423,0.000907478,0,0.5
1783082154566498304,0.001,-0.678348,-0.678348,-0.683418,0.0009001,0,0.5
1783082154567498240,0.001,-0.678348,-0.678348,-0.683412,0.000893114,0,0.5
1783082154568498176,0.001,-0.678348,-0.678348,-0.683407,0.000886494,0,0.5
1783082154569498112,0.001,0,0,-0.683406,0.000903089,0,0.5
1783082154570498048,0.001,-0.678348,-0.678348,-0.683401,0.000895899,0,0.5
1783082154571497984,0.001,-0.678348,-0.678348,-0.683395,0.000889089,0,0.5
1783082154572497920,0.001,0,0,-0.683394,0.000905684,0,0.5
1783082154573497856,0.001,-0.678348,-0.678348,-0.683389,0.000898314,0,0.5
1783082154574497792,0.001,0,0,-0.683388,0.000914909,0,0.5
1783082154575497728,0.001,-0.678348,-0.678348,-0.683383,0.000907003,0,0.5
1783082154576497664,0.001,0,0,-0.683382,0.000923598,0,0.5
1783082154577497600,0.001,-0.678348,-0.678348,-0.683376,0.000915184,0,0.5
1783082154578497536,0.001,-0.678348,-0.678348,-0.683371,0.000907228,0,0.5
1783082154579497472,0.001,-0.678348,-0.678348,-0.683365,0.000899701,0,0.5
1783082154580497408,0.001,0,0,-0.683364,0.000916295,0,0.5
1783082154581497344,0.001,-0.678348,-0.678348,-0.683359,0.000908242,0,0.5
1783082154582497280,0.001,-0.678348,-0.678348,-0.683354,0.000900624,0,0.5
1783082154583497216,0.001,-0.678348,-0.678348,-0.683348,0.000893413,0,0.5
1783082154584497152,0.001,-0.678348,-0.678348,-0.683343,0.000886584,0,0.5
1783082154585497088,0.001,-0.678348,-0.678348,-0.683337,0.000880112,0,0.5
1783082154586497024,0.001,0,0,-0.683337,0.000896706,0,0.5
1783082154587496960,0.001,-0.678348,-0.678348,-0.683331,0.000889662,0,0.5
1783082154588496896,0.001,0,0,-0.68333,0.000906256,0,0.5
1783082154589496832,0.001,-0.678348,-0.678348,-0.683325,0.000898664,0,0.5
1783082154590496768,0.001,0,0,-0.683324,0.000915258,0,0.5
1783082154591496704,0.001,-0.678348,-0.678348,-0.683319,0.000907145,0,0.5
1783082154592496640,0.001,0,0,-0.683318,0.000923739,0,0.5
1783082154593496576,0.001,-0.678348,-0.678348,-0.683312,0.00091513,0,0.5
1783082154594496512,0.001,-0.678348,-0.678348,-0.683307,0.000906993,0,0.5
1783082154595496448,0.001,0,0,-0.683306,0.000923587,0,0.5
1783082154596496384,0.001,-0.678348,-0.678348,-0.683301,0.000914956,0,0.5
1783082154597496320,0.001,0,0,-0.6833,0.000931549,0,0.5
1783082154598496256,0.001,-0.678348,-0.678348,-0.683295,0.000922448,0,0.5
1783082154599496192,0.001,0,0,-0.683294,0.000939041,0,0.5
1783082154600496128,0.001,-0.678348,-0.678348,-0.683288,0.000929493,0,0.5
1783082154601496064,0.001,0,0,-0.683288,0.000946086,0,0.5
1783082154602496000,0.001,-0.678348,-0.678348,-0.683282,0.000936115,0,0.5
1783082154603495936,0.001,0,0,-0.683281,0.000952708,0,0.5
1783082154604495872,0.001,-0.678348,-0.678348,-0.683276,0.000942336,0,0.5
1783082154605495808,0.001,0,0,-0.683275,0.000958929,0,0.5
1783082154606495744,0.001,-0.678348,-0.678348,-0.68327,0.000948177,0,0.5
1783082154607495680,0.001,0,0,-0.683269,0.000964769,0,0.5
1783082154608495616,0.001,0,0,-0.683268,0.000981362,0,0.5
1783082154609495552,0.001,0,0,-0.683267,0.000997955,0,0.5
1783082154610495488,0.001,0,0,-0.683266,0.00101455,0,0.5
1783082154611495424,0.001,0,0,-0.683265,0.00103114,0,0.5
1783082154612495360,0.001,0,0,-0.683264,0.00104773,0,0.5
1783082154613495296,0.001,0,0,-0.683263,0.00106433,0,0.5
1783082154614495232,0.001,0,0,-0.683262,0.00108092,0,0.5
1783082154615495168,0.001,0,0,-0.683261,0.00109751,0,0.5
1783082154616495104,0.001,0,0,-0.68326,0.0011141,0,0.5
1783082154617495040,0.001,0,0,-0.683259,0.0011307,0,0.5
1783082154618494976,0.001,0,0,-0.683257,0.00114729,0,0.5
1783082154619494912,0.001,0,0,-0.683256,0.00116388,0,0.5
1783082154620494848,0.001,0,0,-0.683255,0.00118048,0,0.5
1783082154621494784,0.001,0,0,-0.683254,0.00119707,0,0.5
1783082154622494720,0.001,0,0,-0.683253,0.00121366,0,0.5
1783082154623494656,0.001,0,0,-0.683252,0.00123025,0,0.5
1783082154624494592,0.001,0,0,-0.68325,0.00124685,0,0.5
1783082154625494528,0.001,0,0,-0.683249,0.00126344,0,0.5
1783082154626494464,0.001,0,0,-0.683248,0.00128003,0,0.5
1783082154627494400,0.001,0,0,-0.683246,0.00129663,0,0.5
1783082154628494336,0.001,0,0,-0.683245,0.00131322,0,0.5
1783082154629494272,0.001,0,0,-0.683244,0.00132981,0,0.5
1783082154630494208,0.001,0,0,-0.683242,0.0013464,0,0.5
1783082154631494144,0.001,0,0,-0.683241,0.001363,0,0.5
1783082154632494080,0.001,0,0,-0.68324,0.00137959,0,0.5
1783082154633494016,0.001,0,0,-0.683238,0.00139618,0,0.5
1783082154634493952,0.001,0,0,-0.683237,0.00141277,0,0.5
1783082154635493888,0.001,0,0,-0.683236,0.00142937,0,0.5
1783082154636493824,0.001,0,0,-0.683234,0.00144596,0,0.5
1783082154637493760,0.001,0,0,-0.683233,0.00146255,0,0.5
1783082154638493696,0.001,0,0,-0.683231,0.00147915,0,0.5
1783082154639493632,0.001,0,0,-0.68323,0.00149574,0,0.5
1783082154640493568,0.001,0,0,-0.683228,0.00151233,0,0.5
1783082154641493504,0.001,0,0,-0.683227,0.00152892,0,0.5
1783082154642493440,0.001,0,0,-0.683225,0.00154552,0,0.5
1783082154643493376,0.001,0,0,-0.683224,0.00156211,0,0.5
1783082154644493312,0.001,0,0,-0.683222,0.0015787,0,0.5
1783082154645493248,0.001,0,0,-0.68322,0.0015953,0,0.5
1783082154646493184,0.001,0,0,-0.683219,0.00161189,0,0.5
1783082154647493120,0.001,0,0,-0.683217,0.00162848,0,0.5
1783082154648493056,0.001,0,0,-0.683216,0.00164507,0,0.5
1783082154649492992,0.001,0,0,-0.683214,0.00166167,0,0.5
1783082154650492928,0.001,0,0,-0.683212,0.00167826,0,0.5
1783082154651492864,0.001,0,0,-0.683211,0.00169485,0,0.5
1783082154652492800,0.001,0,0,-0.683209,0.00171144,0,0.5
1783082154653492736,0.001,0,0,-0.683207,0.00172804,0,0.5
1783082154654492672,0.001,0,0,-0.683205,0.00174463,0,0.5
1783082154655492608,0.001,0,0,-0.683204,0.00176122,0,0.5
1783082154656492544,0.001,0,0,-0.683202,0.00177782,0,0.5
1783082154657492480,0.001,0,0,-0.6832,0.00179441,0,0.5
1783082154658492416,0.001,0,0,-0.683198,0.001811,0,0.5
1783082154659492352,0.001,0,0,-0.683196,0.00182759,0,0.5
1783082154660492288,0.001,0,0,-0.683195,0.00184419,0,0.5
1783082154661492224,0.001,0,0,-0.683193,0.00186078,0,0.5
1783082154662492160,0.001,0,0,-0.683191,0.00187737,0,0.5
1783082154663492096,0.001,0,0,-0.683189,0.00189397,0,0.5
1783082154664492032,0.001,0,0,-0.683187,0.00191056,0,0.5
1783082154665491968,0.001,0,0,-0.683185,0.00192715,0,0.5
1783082154666491904,0.001,0,0,-0.683183,0.00194374,0,0.5
1783082154667491840,0.001,0,0,-0.683181,0.00196034,0,0.5
1783082154668491776,0.001,0,0,-0.683179,0.00197693,0,0.5
1783082154669491712,0.001,0,0,-0.683177,0.00199352,0,0.5
1783082154670491648,0.001,0,0,-0.683175,0.00201011,0,0.5
1783082154671491584,0.001,0,0,-0.683173,0.00202671,0,0.5
1783082154672491520,0.001,0,0,-0.683171,0.0020433,0,0.5
1783082154673491456,0.001,0,0,-0.683169,0.00205989,0,0.5
1783082154674491392,0.001,0,0,-0.683167,0.00207649,0,0.5
1783082154675491328,0.001,0,0,-0.683165,0.00209308,0,0.5
1783082154676491264,0.001,0,0,-0.683163,0.00210967,0,0.5
1783082154677491200,0.001,0,0,-0.683161,0.00212626,0,0.5
1783082154678491136,0.001,0,0,-0.683159,0.00214286,0,0.5
1783082154679491072,0.001,0,0,-0.683157,0.00215945,0,0.5
1783082154680491008,0.001,-0.678348,-0.678348,-0.683159,0.00203619,0,0.5
1783082154681490944,0.001,0,0,-0.683157,0.00205278,0,0.5
1783082154682490880,0.001,-0.678348,-0.678348,-0.683159,0.00194303,0,0.5
1783082154683490816,0.001,-0.678348,-0.678348,-0.68316,0.00184646,0,0.5
1783082154684490752,0.001,-0.678348,-0.678348,-0.68316,0.00176094,0,0.5
1783082154685490688,0.001,-0.678348,-0.678348,-0.683159,0.00168475,0,0.5
1783082154686490624,0.001,-0.678348,-0.678348,-0.683158,0.00161651,0,0.5
1783082154687490560,0.001,-0.678348,-0.678348,-0.683157,0.0015551,0,0.5
1783082154688490496,0.001,-0.678348,-0.678348,-0.683155,0.00149962,0,0.5
1783082154689490432,0.001,-0.678348,-0.678348,-0.683153,0.00144928,0,0.5
1783082154690490368,0.001,-0.678348,-0.678348,-0.683151,0.00140347,0,0.5
1783082154691490304,0.001,-0.678348,-0.678348,-0.683148,0.00136163,0,0.5
1783082154692490240,0.001,-0.678348,-0.678348,-0.683145,0.0013233,0,0.5
1783082154693490176,0.001,-0.678348,-0.678348,-0.683142,0.00128811,0,0.5
1783082154694490112,0.001,-0.678348,-0.678348,-0.683139,0.00125572,0,0.5
1783082154695490048,0.001,-0.678348,-0.678348,-0.683135,0.00122583,0,0.5
1783082154696489984,0.001,-0.678348,-0.678348,-0.683132,0.00119819,0,0.5
1783082154697489920,0.001,0,0,-0.683131,0.00121478,0,0.5
1783082154698489856,0.001,-0.678348,-0.678348,-0.683127,0.00118796,0,0.5
1783082154699489792,0.001,0,0,-0.683126,0.00120454,0,0.5
1783082154700489728,0.001,-0.678348,-0.678348,-0.683122,0.00117846,0,0.5
1783082154701489664,0.001,0,0,-0.683121,0.00119505,0,0.5
1783082154702489600,0.001,-0.678348,-0.678348,-0.683117,0.00116965,0,0.5
1783082154703489536,0.001,0,0,-0.683116,0.00118624,0,0.5
1783082154704489472,0.001,-0.678348,-0.678348,-0.683112,0.00116147,0,0.5
1783082154705489408,0.001,-0.678348,-0.678348,-0.683108,0.00113846,0,0.5
1783082154706489344,0.001,0,0,-0.683107,0.00115504,0,0.5
1783082154707489280,0.001,-0.678348,-0.678348,-0.683103,0.00113247,0,0.5
1783082154708489216,0.001,0,0,-0.683102,0.00114906,0,0.5
1783082154709489152,0.001,-0.678348,-0.678348,-0.683098,0.00112689,0,0.5
1783082154710489088,0.001,0,0,-0.683097,0.00114348,0,0.5
1783082154711489024,0.001,-0.678348,-0.678348,-0.683093,0.00112168,0,0.5
1783082154712488960,0.001,0,0,-0.683092,0.00113827,0,0.5
1783082154713488896,0.001,-0.678348,-0.678348,-0.683088,0.00111682,0,0.5
1783082154714488832,0.001,0,0,-0.683087,0.00113341,0,0.5
1783082154715488768,0.001,-0.678348,-0.678348,-0.683083,0.00111228,0,0.5
1783082154716488704,0.001,0,0,-0.683082,0.00112887,0,0.5
1783082154717488640,0.001,-0.678348,-0.678348,-0.683078,0.00110804,0,0.5
1783082154718488576,0.001,-0.678348,-0.678348,-0.683074,0.00108861,0,0.5
1783082154719488512,0.001,-0.678348,-0.678348,-0.683069,0.00107047,0,0.5
1783082154720488448,0.001,0,0,-0.683068,0.00108706,0,0.5
1783082154721488384,0.001,-0.678348,-0.678348,-0.683064,0.00106901,0,0.5
1783082154722488320,0.001,0,0,-0.683063,0.00108559,0,0.5
1783082154723488256,0.001,-0.678348,-0.678348,-0.683059,0.00106761,0,0.5
1783082154724488192,0.001,0,0,-0.683058,0.0010842,0,0.5
1783082154725488128,0.001,-0.678348,-0.678348,-0.683053,0.00106629,0,0.5
1783082154726488064,0.001,0,0,-0.683052,0.00108288,0,0.5
1783082154727488000,0.001,-0.678348,-0.678348,-0.683048,0.00106504,0,0.5
1783082154728487936,0.001,-0.678348,-0.678348,-0.683044,0.00104836,0,0.5
1783082154729487872,0.001,-0.678348,-0.678348,-0.68304,0.00103274,0,0.5
1783082154730487808,0.001,-0.678348,-0.678348,-0.683035,0.00101809,0,0.5
1783082154731487744,0.001,0,0,-0.683034,0.00103468,0,0.5
1783082154732487680,0.001,-0.678348,-0.678348,-0.68303,0.00101989,0,0.5
1783082154733487616,0.001,0,0,-0.683029,0.00103647,0,0.5
1783082154734487552,0.001,-0.678348,-0.678348,-0.683024,0.00102154,0,0.5
1783082154735487488,0.001,0,0,-0.683023,0.00103813,0,0.5
1783082154736487424,0.001,-0.678348,-0.678348,-0.683019,0.00102307,0,0.5
1783082154737487360,0.001,0,0,-0.683018,0.00103966,0,0.5
1783082154738487296,0.001,-0.678348,-0.678348,-0.683013,0.00102448,0,0.5
1783082154739487232,0.001,-0.678348,-0.678348,-0.683009,0.00101025,0,0.5
1783082154740487168,0.001,0,0,-0.683008,0.00102684,0,0.5
1783082154741487104,0.001,-0.678348,-0.678348,-0.683003,0.00101243,0,0.5
1783082154742487040,0.001,0,0,-0.683002,0.00102902,0,0.5
1783082154743486976,0.001,-0.678348,-0.678348,-0.682998,0.00101446,0,0.5
1783082154744486912,0.001,-0.678348,-0.678348,-0.682993,0.00100079,0,0.5
1783082154745486848,0.001,0,0,-0.682993,0.00101737,0,0.5
1783082154746486784,0.001,-0.678348,-0.678348,-0.682988,0.0010035,0,0.5
1783082154747486720,0.001,-0.678348,-0.678348,-0.682983,0.000990476,0,0.5
1783082154748486656,0.001,0,0,-0.682983,0.00100706,0,0.5
1783082154749486592,0.001,-0.678348,-0.678348,-0.682978,0.000993789,0,0.5
1783082154750486528,0.001,0,0,-0.682977,0.00101037,0,0.5
1783082154751486464,0.001,-0.678348,-0.678348,-0.682972,0.000996875,0,0.5
1783082154752486400,0.001,0,0,-0.682971,0.00101346,0,0.5
1783082154753486336,0.001,-0.678348,-0.678348,-0.682967,0.000999749,0,0.5
1783082154754486272,0.001,-0.678348,-0.678348,-0.682962,0.000986869,0,0.5
1783082154755486208,0.001,-0.678348,-0.678348,-0.682958,0.000974757,0,0.5
1783082154756486144,0.001,-0.678348,-0.678348,-0.682953,0.000963357,0,0.5
1783082154757486080,0.001,0,0,-0.682952,0.000979939,0,0.5
1783082154758486016,0.001,-0.678348,-0.678348,-0.682948,0.000968206,0,0.5
1783082154759485952,0.001,-0.678348,-0.678348,-0.682943,0.000957157,0,0.5
1783082154760485888,0.001,0,0,-0.682942,0.000973738,0,0.5
1783082154761485824,0.001,-0.678348,-0.678348,-0.682938,0.000962338,0,0.5
1783082154762485760,0.001,0,0,-0.682937,0.00097892,0,0.5
1783082154763485696,0.001,-0.678348,-0.678348,-0.682932,0.000967188,0,0.5
1783082154764485632,0.001,0,0,-0.682931,0.000983769,0,0.5
1783082154765485568,0.001,-0.678348,-0.678348,-0.682926,0.000971724,0,0.5
1783082154766485504,0.001,-0.678348,-0.678348,-0.682922,0.000960386,0,0.5
1783082154767485440,0.001,0,0,-0.682921,0.000976966,0,0.5
1783082154768485376,0.001,-0.678348,-0.678348,-0.682916,0.000965294,0,0.5
1783082154769485312,0.001,-0.678348,-0.678348,-0.682912,0.000954302,0,0.5
1783082154770485248,0.001,-0.678348,-0.678348,-0.682907,0.000943942,0,0.5
1783082154771485184,0.001,-0.678348,-0.678348,-0.682902,0.000934171,0,0.5
1783082154772485120,0.001,-0.678348,-0.678348,-0.682898,0.000924948,0,0.5
1783082154773485056,0.001,-0.678348,-0.678348,-0.682893,0.000916236,0,0.5
1783082154774484992,0.001,-0.678348,-0.678348,-0.682888,0.000908002,0,0.5
1783082154775484928,0.001,-0.678348,-0.678348,-0.682884,0.000900213,0,0.5
1783082154776484864,0.001,-0.678348,-0.678348,-0.682879,0.000892842,0,0.5
1783082154777484800,0.001,-0.678348,-0.678348,-0.682874,0.000885861,0,0.5
1783082154778484736,0.001,-0.678348,-0.678348,-0.682869,0.000879247,0,0.5
1783082154779484672,0.001,-0.678348,-0.678348,-0.682865,0.000872976,0,0.5
1783082154780484608,0.001,0,0,-0.682864,0.000889555,0,0.5
1783082154781484544,0.001,-0.678348,-0.678348,-0.682859,0.000882701,0,0.5
1783082154782484480,0.001,-0.678348,-0.678348,-0.682854,0.000876206,0,0.5
1783082154783484416,0.001,-0.678348,-0.678348,-0.682849,0.000870047,0,0.5
1783082154784484352,0.001,0,0,-0.682849,0.000886626,0,0.5
1783082154785484288,0.001,-0.678348,-0.678348,-0.682844,0.000879879,0,0.5
1783082154786484224,0.001,-0.678348,-0.678348,-0.682839,0.000873485,0,0.5
1783082154787484160,0.001,-0.678348,-0.678348,-0.682834,0.000867422,0,0.5
1783082154788484096,0.001,-0.678348,-0.678348,-0.682829,0.000861669,0,0.5
1783082154789484032,0.001,-0.678348,-0.678348,-0.682825,0.000856207,0,0.5
1783082154790483968,0.001,-0.678348,-0.678348,-0.68282,0.000851021,0,0.5
1783082154791483904,0.001,-0.678348,-0.678348,-0.682815,0.000846092,0,0.5
1783082154792483840,0.001,-0.678348,-0.678348,-0.68281,0.000841408,0,0.5
1783082154793483776,0.001,-0.678348,-0.678348,-0.682806,0.000836952,0,0.5
1783082154794483712,0.001,-0.678348,-0.678348,-0.682801,0.000832713,0,0.5
1783082154795483648,0.001,-0.678348,-0.678348,-0.682796,0.000828677,0,0.5
1783082154796483584,0.001,-0.678348,-0.678348,-0.682791,0.000824835,0,0.5
1783082154797483520,0.001,-0.678348,-0.678348,-0.682786,0.000821174,0,0.5
1783082154798483456,0.001,-0.678348,-0.678348,-0.682782,0.000817685,0,0.5
1783082154799483392,0.001,-0.678348,-0.678348,-0.682777,0.000814359,0,0.5
1783082154800483328,0.001,-0.678348,-0.678348,-0.682772,0.000811187,0,0.5
1783082154801483264,0.001,-0.678348,-0.678348,-0.682767,0.000808159,0,0.5
1783082154802483200,0.001,-0.678348,-0.678348,-0.682762,0.00080527,0,0.5
1783082154803483136,0.001,-0.678348,-0.678348,-0.682757,0.000802511,0,0.5
1783082154804483072,0.001,-0.678348,-0.678348,-0.682753,0.000799876,0,0.5
1783082154805483008,0.001,0,0,-0.682752,0.000816453,0,0.5
1783082154806482944,0.001,0,0,-0.682751,0.00083303,0,0.5
1783082154807482880,0.001,0,0,-0.68275,0.000849607,0,0.5
1783082154808482816,0.001,0,0,-0.682749,0.000866184,0,0.5
1783082154809482752,0.001,0,0,-0.682748,0.000882761,0,0.5
1783082154810482688,0.001,0,0,-0.682748,0.000899338,0,0.5
1783082154811482624,0.001,0,0,-0.682747,0.000915916,0,0.5
1783082154812482560,0.001,0,0,-0.682746,0.000932493,0,0.5
1783082154813482496,0.001,0,0,-0.682745,0.00094907,0,0.5
1783082154814482432,0.001,0,0,-0.682744,0.000965647,0,0.5
1783082154815482368,0.001,0,0,-0.682743,0.000982224,0,0.5
1783082154816482304,0.001,0,0,-0.682742,0.000998801,0,0.5
1783082154817482240,0.001,0,0,-0.682741,0.00101538,0,0.5
1783082154818482176,0.001,0,0,-0.68274,0.00103196,0,0.5
1783082154819482112,0.001,0,0,-0.682739,0.00104853,0,0.5
1783082154820482048,0.001,0,0,-0.682738,0.00106511,0,0.5
1783082154821481984,0.001,0,0,-0.682737,0.00108169,0,0.5
1783082154822481920,0.001,0,0,-0.682736,0.00109826,0,0.5
1783082154823481856,0.001,0,0,-0.682734,0.00111484,0,0.5
1783082154824481792,0.001,0,0,-0.682733,0.00113142,0,0.5
1783082154825481728,0.001,0,0,-0.682732,0.001148,0,0.5
1783082154826481664,0.001,0,0,-0.682731,0.00116457,0,0.5
1783082154827481600,0.001,0,0,-0.68273,0.00118115,0,0.5
1783082154828481536,0.001,0,0,-0.682729,0.00119773,0,0.5
1783082154829481472,0.001,0,0,-0.682728,0.0012143,0,0.5
1783082154830481408,0.001,0,0,-0.682726,0.00123088,0,0.5
1783082154831481344,0.001,0,0,-0.682725,0.00124746,0,0.5
1783082154832481280,0.001,0,0,-0.682724,0.00126404,0,0.5
1783082154833481216,0.001,0,0,-0.682723,0.00128061,0,0.5
1783082154834481152,0.001,0,0,-0.682721,0.00129719,0,0.5
1783082154835481088,0.001,0,0,-0.68272,0.00131377,0,0.5
1783082154836481024,0.001,0,0,-0.682719,0.00133034,0,0.5
1783082154837480960,0.001,0,0,-0.682717,0.00134692,0,0.5
1783082154838480896,0.001,0,0,-0.682716,0.0013635,0,0.5
1783082154839480832,0.001,0,0,-0.682715,0.00138007,0,0.5
1783082154840480768,0.001,0,0,-0.682713,0.00139665,0,0.5
1783082154841480704,0.001,0,0,-0.682712,0.00141323,0,0.5
1783082154842480640,0.001,0,0,-0.68271,0.00142981,0,0.5
1783082154843480576,0.001,0,0,-0.682709,0.00144638,0,0.5
1783082154844480512,0.001,0,0,-0.682707,0.00146296,0,0.5
1783082154845480448,0.001,0,0,-0.682706,0.00147954,0,0.5
1783082154846480384,0.001,0,0,-0.682704,0.00149611,0,0.5
1783082154847480320,0.001,0,0,-0.682703,0.00151269,0,0.5
1783082154848480256,0.001,0,0,-0.682701,0.00152927,0,0.5
1783082154849480192,0.001,0,0,-0.6827,0.00154585,0,0.5
1783082154850480128,0.001,0,0,-0.682698,0.00156242,0,0.5
1783082154851480064,0.001,0,0,-0.682697,0.001579,0,0.5
1783082154852480000,0.001,0,0,-0.682695,0.00159558,0,0.5
1783082154853479936,0.001,0,0,-0.682694,0.00161215,0,0.5
1783082154854479872,0.001,0,0,-0.682692,0.00162873,0,0.5
1783082154855479808,0.001,0,0,-0.68269,0.00164531,0,0.5
1783082154856479744,0.001,0,0,-0.682689,0.00166189,0,0.5
1783082154857479680,0.001,0,0,-0.682687,0.00167846,0,0.5
1783082154858479616,0.001,0,0,-0.682685,0.00169504,0,0.5
1783082154859479552,0.001,0,0,-0.682684,0.00171162,0,0.5
1783082154860479488,0.001,0,0,-0.682682,0.00172819,0,0.5
1783082154861479424,0.001,0,0,-0.68268,0.00174477,0,0.5
1783082154862479360,0.001,0,0,-0.682678,0.00176135,0,0.5
1783082154863479296,0.001,0,0,-0.682677,0.00177793,0,0.5
1783082154864479232,0.001,0,0,-0.682675,0.0017945,0,0.5
1783082154865479168,0.001,0,0,-0.682673,0.00181108,0,0.5
1783082154866479104,0.001,0,0,-0.682671,0.00182766,0,0.5
1783082154867479040,0.001,0,0,-0.682669,0.00184423,0,0.5
1783082154868478976,0.001,0,0,-0.682668,0.00186081,0,0.5
1783082154869478912,0.001,0,0,-0.682666,0.00187739,0,0.5
1783082154870478848,0.001,0,0,-0.682664,0.00189397,0,0.5
1783082154871478784,0.001,0,0,-0.682662,0.00191054,0,0.5
1783082154872478720,0.001,0,0,-0.68266,0.00192712,0,0.5
1783082154873478656,0.001,0,0,-0.682658,0.0019437,0,0.5
1783082154874478592,0.001,0,0,-0.682656,0.00196027,0,0.5
1783082154875478528,0.001,0,0,-0.682654,0.00197685,0,0.5
1783082154876478464,0.001,0,0,-0.682652,0.00199343,0,0.5
1783082154877478400,0.001,0,0,-0.68265,0.00201001,0,0.5
1783082154878478336,0.001,0,0,-0.682648,0.00202658,0,0.5
1783082154879478272,0.001,-0.678348,-0.678348,-0.68265,0.00191869,0,0.5
1783082154880478208,0.001,0,0,-0.682648,0.00193526,0,0.5
1783082154881478144,0.001,-0.678348,-0.678348,-0.682649,0.00183833,0,0.5
1783082154882478080,0.001,0,0,-0.682647,0.0018549,0,0.5
1783082154883478016,0.001,-0.678348,-0.678348,-0.682648,0.00176722,0,0.5
1783082154884477952,0.001,-0.678348,-0.678348,-0.682648,0.00168918,0,0.5
1783082154885477888,0.001,0,0,-0.682646,0.00170576,0,0.5
1783082154886477824,0.001,-0.678348,-0.678348,-0.682646,0.00163424,0,0.5
1783082154887477760,0.001,0,0,-0.682644,0.00165081,0,0.5
1783082154888477696,0.001,-0.678348,-0.678348,-0.682644,0.00158493,0,0.5
1783082154889477632,0.001,0,0,-0.682642,0.00160151,0,0.5
1783082154890477568,0.001,-0.678348,-0.678348,-0.682641,0.00154053,0,0.5
1783082154891477504,0.001,0,0,-0.682639,0.00155711,0,0.5
1783082154892477440,0.001,-0.678348,-0.678348,-0.682638,0.00150044,0,0.5
1783082154893477376,0.001,-0.678348,-0.678348,-0.682637,0.00144906,0,0.5
1783082154894477312,0.001,0,0,-0.682635,0.00146564,0,0.5
1783082154895477248,0.001,-0.678348,-0.678348,-0.682634,0.00141743,0,0.5
1783082154896477184,0.001,0,0,-0.682632,0.001434,0,0.5
1783082154897477120,0.001,-0.678348,-0.678348,-0.68263,0.00138862,0,0.5
1783082154898477056,0.001,0,0,-0.682629,0.00140519,0,0.5
1783082154899476992,0.001,-0.678348,-0.678348,-0.682627,0.00136231,0,0.5
1783082154900476928,0.001,-0.678348,-0.678348,-0.682625,0.00132307,0,0.5
1783082154901476864,0.001,0,0,-0.682623,0.00133964,0,0.5
1783082154902476800,0.001,-0.678348,-0.678348,-0.682621,0.00130228,0,0.5
1783082154903476736,0.001,-0.678348,-0.678348,-0.682618,0.00126795,0,0.5
1783082154904476672,0.001,-0.678348,-0.678348,-0.682616,0.00123631,0,0.5
1783082154905476608,0.001,-0.678348,-0.678348,-0.682613,0.00120711,0,0.5
1783082154906476544,0.001,0,0,-0.682612,0.00122368,0,0.5
1783082154907476480,0.001,-0.678348,-0.678348,-0.682609,0.00119543,0,0.5
1783082154908476416,0.001,0,0,-0.682608,0.001212,0,0.5
1783082154909476352,0.001,-0.678348,-0.678348,-0.682605,0.00118461,0,0.5
1783082154910476288,0.001,-0.678348,-0.678348,-0.682602,0.00115923,0,0.5
1783082154911476224,0.001,0,0,-0.6826,0.0011758,0,0.5
1783082154912476160,0.001,-0.678348,-0.678348,-0.682597,0.00115105,0,0.5
1783082154913476096,0.001,0,0,-0.682596,0.00116762,0,0.5
1783082154914476032,0.001,-0.678348,-0.678348,-0.682593,0.00114345,0,0.5
1783082154915475968,0.001,-0.678348,-0.678348,-0.68259,0.00112098,0,0.5
1783082154916475904,0.001,0,0,-0.682589,0.00113755,0,0.5
1783082154917475840,0.001,-0.678348,-0.678348,-0.682585,0.00111549,0,0.5
1783082154918475776,0.001,0,0,-0.682584,0.00113206,0,0.5
1783082154919475712,0.001,-0.678348,-0.678348,-0.682581,0.00111036,0,0.5
1783082154920475648,0.001,0,0,-0.68258,0.00112693,0,0.5
1783082154921475584,0.001,-0.678348,-0.678348,-0.682576,0.00110558,0,0.5
1783082154922475520,0.001,0,0,-0.682575,0.00112215,0,0.5
1783082154923475456,0.001,-0.678348,-0.678348,-0.682572,0.00110112,0,0.5
1783082154924475392,0.001,0,0,-0.682571,0.00111768,0,0.5
1783082154925475328,0.001,-0.678348,-0.678348,-0.682567,0.00109694,0,0.5
1783082154926475264,0.001,0,0,-0.682566,0.00111351,0,0.5
1783082154927475200,0.001,-0.678348,-0.678348,-0.682563,0.00109304,0,0.5
1783082154928475136,0.001,0,0,-0.682562,0.00110961,0,0.5
1783082154929475072,0.001,-0.678348,-0.678348,-0.682558,0.00108939,0,0.5
1783082154930475008,0.001,-0.678348,-0.678348,-0.682555,0.00107053,0,0.5
1783082154931474944,0.001,-0.678348,-0.678348,-0.682551,0.00105291,0,0.5
1783082154932474880,0.001,0,0,-0.68255,0.00106948,0,0.5
1783082154933474816,0.001,-0.678348,-0.678348,-0.682547,0.00105191,0,0.5
1783082154934474752,0.001,0,0,-0.682546,0.00106848,0,0.5
1783082154935474688,0.001,-0.678348,-0.678348,-0.682542,0.00105096,0,0.5
1783082154936474624,0.001,0,0,-0.682541,0.00106753,0,0.5
1783082154937474560,0.001,-0.678348,-0.678348,-0.682537,0.00105006,0,0.5
1783082154938474496,0.001,0,0,-0.682536,0.00106662,0,0.5
1783082154939474432,0.001,-0.678348,-0.678348,-0.682533,0.00104919,0,0.5
1783082154940474368,0.001,-0.678348,-0.678348,-0.682529,0.00103288,0,0.5
1783082154941474304,0.001,0,0,-0.682528,0.00104945,0,0.5
1783082154942474240,0.001,-0.678348,-0.678348,-0.682524,0.00103311,0,0.5
1783082154943474176,0.001,0,0,-0.682523,0.00104968,0,0.5
1783082154944474112,0.001,-0.678348,-0.678348,-0.68252,0.0010333,0,0.5
1783082154945474048,0.001,0,0,-0.682519,0.00104987,0,0.5
1783082154946473984,0.001,-0.678348,-0.678348,-0.682515,0.00103347,0,0.5
1783082154947473920,0.001,0,0,-0.682514,0.00105003,0,0.5
1783082154948473856,0.001,-0.678348,-0.678348,-0.68251,0.0010336,0,0.5
1783082154949473792,0.001,0,0,-0.682509,0.00105017,0,0.5
1783082154950473728,0.001,-0.678348,-0.678348,-0.682505,0.00103371,0,0.5
1783082154951473664,0.001,0,0,-0.682504,0.00105028,0,0.5
1783082154952473600,0.001,-0.678348,-0.678348,-0.682501,0.00103379,0,0.5
1783082154953473536,0.001,-0.678348,-0.678348,-0.682497,0.00101836,0,0.5
1783082154954473472,0.001,0,0,-0.682496,0.00103492,0,0.5
1783082154955473408,0.001,-0.678348,-0.678348,-0.682492,0.0010194,0,0.5
1783082154956473344,0.001,-0.678348,-0.678348,-0.682488,0.00100484,0,0.5
1783082154957473280,0.001,-0.678348,-0.678348,-0.682485,0.000991183,0,0.5
1783082154958473216,0.001,-0.678348,-0.678348,-0.682481,0.000978353,0,0.5
1783082154959473152,0.001,-0.678348,-0.678348,-0.682477,0.000966288,0,0.5
1783082154960473088,0.001,0,0,-0.682476,0.000982855,0,0.5
1783082154961473024,0.001,-0.678348,-0.678348,-0.682472,0.000970498,0,0.5
1783082154962472960,0.001,0,0,-0.682471,0.000987065,0,0.5
1783082154963472896,0.001,-0.678348,-0.678348,-0.682467,0.000974433,0,0.5
1783082154964472832,0.001,0,0,-0.682466,0.000990999,0,0.5
1783082154965472768,0.001,-0.678348,-0.678348,-0.682462,0.000978109,0,0.5
1783082154966472704,0.001,0,0,-0.682461,0.000994674,0,0.5
1783082154967472640,0.001,-0.678348,-0.678348,-0.682457,0.00098154,0,0.5
1783082154968472576,0.001,-0.678348,-0.678348,-0.682453,0.000969195,0,0.5
1783082154969472512,0.001,0,0,-0.682452,0.00098576,0,0.5
1783082154970472448,0.001,-0.678348,-0.678348,-0.682449,0.00097314,0,0.5
1783082154971472384,0.001,0,0,-0.682448,0.000989706,0,0.5
1783082154972472320,0.001,-0.678348,-0.678348,-0.682444,0.000976826,0,0.5
1783082154973472256,0.001,-0.678348,-0.678348,-0.68244,0.000964718,0,0.5
1783082154974472192,0.001,0,0,-0.682439,0.000981283,0,0.5
1783082154975472128,0.001,-0.678348,-0.678348,-0.682435,0.000968886,0,0.5
1783082154976472064,0.001,-0.678348,-0.678348,-0.682431,0.000957225,0,0.5
1783082154977472000,0.001,0,0,-0.68243,0.000973789,0,0.5
1783082154978471936,0.001,-0.678348,-0.678348,-0.682426,0.000961815,0,0.5
1783082154979471872,0.001,0,0,-0.682425,0.00097838,0,0.5
1783082154980471808,0.001,-0.678348,-0.678348,-0.682421,0.000966111,0,0.5
1783082154981471744,0.001,-0.678348,-0.678348,-0.682417,0.000954568,0,0.5
1783082154982471680,0.001,-0.678348,-0.678348,-0.682413,0.000943699,0,0.5
1783082154983471616,0.001,-0.678348,-0.678348,-0.682409,0.000933456,0,0.5
1783082154984471552,0.001,-0.678348,-0.678348,-0.682405,0.000923797,0,0.5
1783082154985471488,0.001,-0.678348,-0.678348,-0.682401,0.00091468,0,0.5
1783082154986471424,0.001,-0.678348,-0.678348,-0.682397,0.000906071,0,0.5
1783082154987471360,0.001,-0.678348,-0.678348,-0.682393,0.000897934,0,0.5
1783082154988471296,0.001,-0.678348,-0.678348,-0.682389,0.00089024,0,0.5
1783082154989471232,0.001,-0.678348,-0.678348,-0.682385,0.000882959,0,0.5
1783082154990471168,0.001,0,0,-0.682384,0.000899522,0,0.5
1783082154991471104,0.001,-0.678348,-0.678348,-0.68238,0.000891707,0,0.5
1783082154992471040,0.001,0,0,-0.682379,0.00090827,0,0.5
1783082154993470976,0.001,-0.678348,-0.678348,-0.682375,0.000899946,0,0.5
1783082154994470912,0.001,-0.678348,-0.678348,-0.682371,0.000892076,0,0.5
1783082154995470848,0.001,0,0,-0.68237,0.000908639,0,0.5
1783082154996470784,0.001,-0.678348,-0.678348,-0.682366,0.000900263,0,0.5
1783082154997470720,0.001,-0.678348,-0.678348,-0.682362,0.000892345,0,0.5
1783082154998470656,0.001,0,0,-0.682361,0.000908908,0,0.5
1783082154999470592,0.001,-0.678348,-0.678348,-0.682357,0.000900487,0,0.5
1783082155000470528,0.001,0,0,-0.682356,0.00091705,0,0.5
1783082155001470464,0.001,-0.678348,-0.678348,-0.682352,0.00090815,0,0.5
1783082155002470400,0.001,-0.678348,-0.678348,-0.682348,0.000899743,0,0.5
1783082155003470336,0.001,-0.678348,-0.678348,-0.682344,0.000891796,0,0.5
1783082155004470272,0.001,-0.678348,-0.678348,-0.68234,0.000884281,0,0.5
1783082155005470208,0.001,-0.678348,-0.678348,-0.682336,0.000877169,0,0.5
1783082155006470144,0.001,-0.678348,-0.678348,-0.682332,0.000870435,0,0.5
1783082155007470080,0.001,-0.678348,-0.678348,-0.682328,0.000864056,0,0.5
1783082155008470016,0.001,-0.678348,-0.678348,-0.682323,0.000858009,0,0.5
1783082155009469952,0.001,-0.678348,-0.678348,-0.682319,0.000852274,0,0.5
1783082155010469888,0.001,0,0,-0.682318,0.000868836,0,0.5
1783082155011469824,0.001,-0.678348,-0.678348,-0.682314,0.000862502,0,0.5
1783082155012469760,0.001,-0.678348,-0.678348,-0.68231,0.000856498,0,0.5
1783082155013469696,0.001,-0.678348,-0.678348,-0.682306,0.000850805,0,0.5
1783082155014469632,0.001,-0.678348,-0.678348,-0.682302,0.000845402,0,0.5
1783082155015469568,0.001,-0.678348,-0.678348,-0.682298,0.000840274,0,0.5
1783082155016469504,0.001,-0.678348,-0.678348,-0.682294,0.000835404,0,0.5
1783082155017469440,0.001,-0.678348,-0.678348,-0.68229,0.000830778,0,0.5
1783082155018469376,0.001,-0.678348,-0.678348,-0.682285,0.00082638,0,0.5
1783082155019469312,0.001,-0.678348,-0.678348,-0.682281,0.000822199,0,0.5
1783082155020469248,0.001,-0.678348,-0.678348,-0.682277,0.000818221,0,0.5
1783082155021469184,0.001,-0.678348,-0.678348,-0.682273,0.000814436,0,0.5
1783082155022469120,0.001,-0.678348,-0.678348,-0.682269,0.000810832,0,0.5
1783082155023469056,0.001,-0.678348,-0.678348,-0.682265,0.000807401,0,0.5
1783082155024468992,0.001,0,0,-0.682264,0.000823961,0,0.5
1783082155025468928,0.001,0,0,-0.682263,0.000840522,0,0.5
1783082155026468864,0.001,0,0,-0.682262,0.000857082,0,0.5
1783082155027468800,0.001,0,0,-0.682261,0.000873643,0,0.5
1783082155028468736,0.001,0,0,-0.682261,0.000890203,0,0.5
1783082155029468672,0.001,0,0,-0.68226,0.000906764,0,0.5
1783082155030468608,0.001,0,0,-0.682259,0.000923325,0,0.5
1783082155031468544,0.001,0,0,-0.682258,0.000939885,0,0.5
1783082155032468480,0.001,0,0,-0.682257,0.000956446,0,0.5
1783082155033468416,0.001,0,0,-0.682256,0.000973006,0,0.5
1783082155034468352,0.001,0,0,-0.682255,0.000989567,0,0.5
1783082155035468288,0.001,0,0,-0.682254,0.00100613,0,0.5
1783082155036468224,0.001,0,0,-0.682253,0.00102269,0,0.5
1783082155037468160,0.001,0,0,-0.682252,0.00103925,0,0.5
1783082155038468096,0.001,0,0,-0.682251,0.00105581,0,0.5
1783082155039468032,0.001,0,0,-0.68225,0.00107237,0,0.5
1783082155040467968,0.001,0,0,-0.682249,0.00108893,0,0.5
1783082155041467904,0.001,0,0,-0.682248,0.00110549,0,0.5
1783082155042467840,0.001,0,0,-0.682246,0.00112205,0,0.5
1783082155043467776,0.001,0,0,-0.682245,0.00113861,0,0.5
1783082155044467712,0.001,0,0,-0.682244,0.00115517,0,0.5
1783082155045467648,0.001,0,0,-0.682243,0.00117173,0,0.5
1783082155046467584,0.001,0,0,-0.682242,0.00118829,0,0.5
1783082155047467520,0.001,0,0,-0.682241,0.00120485,0,0.5
1783082155048467456,0.001,0,0,-0.682239,0.00122142,0,0.5
1783082155049467392,0.001,0,0,-0.682238,0.00123798,0,0.5
1783082155050467328,0.001,0,0,-0.682237,0.00125454,0,0.5
1783082155051467264,0.001,0,0,-0.682236,0.0012711,0,0.5
1783082155052467200,0.001,0,0,-0.682234,0.00128766,0,0.5
1783082155053467136,0.001,0,0,-0.682233,0.00130422,0,0.5
1783082155054467072,0.001,0,0,-0.682232,0.00132078,0,0.5
1783082155055467008,0.001,0,0,-0.68223,0.00133734,0,0.5
1783082155056466944,0.001,0,0,-0.682229,0.0013539,0,0.5
1783082155057466880,0.001,0,0,-0.682228,0.00137046,0,0.5
1783082155058466816,0.001,0,0,-0.682226,0.00138702,0,0.5
1783082155059466752,0.001,0,0,-0.682225,0.00140358,0,0.5
1783082155060466688,0.001,0,0,-0.682224,0.00142014,0,0.5
1783082155061466624,0.001,0,0,-0.682222,0.0014367,0,0.5
1783082155062466560,0.001,0,0,-0.682221,0.00145326,0,0.5
1783082155063466496,0.001,0,0,-0.682219,0.00146982,0,0.5
1783082155064466432,0.001,0,0,-0.682218,0.00148638,0,0.5
1783082155065466368,0.001,0,0,-0.682216,0.00150294,0,0.5
1783082155066466304,0.001,0,0,-0.682215,0.00151951,0,0.5
1783082155067466240,0.001,0,0,-0.682213,0.00153607,0,0.5
1783082155068466176,0.001,0,0,-0.682212,0.00155263,0,0.5
1783082155069466112,0.001,0,0,-0.68221,0.00156919,0,0.5
1783082155070466048,0.001,0,0,-0.682209,0.00158575,0,0.5
1783082155071465984,0.001,0,0,-0.682207,0.00160231,0,0.5
1783082155072465920,0.001,0,0,-0.682205,0.00161887,0,0.5
1783082155073465856,0.001,0,0,-0.682204,0.00163543,0,0.5
1783082155074465792,0.001,0,0,-0.682202,0.00165199,0,0.5
1783082155075465728,0.001,0,0,-0.6822,0.00166855,0,0.5
1783082155076465664,0.001,0,0,-0.682199,0.00168511,0,0.5
1783082155077465600,0.001,0,0,-0.682197,0.00170167,0,0.5
1783082155078465536,0.001,0,0,-0.682195,0.00171823,0,0.5
1783082155079465472,0.001,0,0,-0.682194,0.00173479,0,0.5
1783082155080465408,0.001,0,0,-0.682192,0.00175135,0,0.5
1783082155081465344,0.001,0,0,-0.68219,0.00176791,0,0.5
1783082155082465280,0.001,0,0,-0.682188,0.00178447,0,0.5
1783082155083465216,0.001,0,0,-0.682186,0.00180104,0,0.5
1783082155084465152,0.001,0,0,-0.682185,0.0018176,0,0.5
1783082155085465088,0.001,0,0,-0.682183,0.00183416,0,0.5
1783082155086465024,0.001,0,0,-0.682181,0.00185072,0,0.5
1783082155087464960,0.001,0,0,-0.682179,0.00186728,0,0.5
1783082155088464896,0.001,0,0,-0.682177,0.00188384,0,0.5
1783082155089464832,0.001,0,0,-0.682175,0.0019004,0,0.5
1783082155090464768,0.001,0,0,-0.682173,0.00191696,0,0.5
1783082155091464704,0.001,-0.678348,-0.678348,-0.682175,0.00182096,0,0.5
1783082155092464640,0.001,-0.678348,-0.678348,-0.682176,0.0017359,0,0.5
1783082155093464576,0.001,-0.678348,-0.678348,-0.682176,0.0016601,0,0.5
1783082155094464512,0.001,0,0,-0.682174,0.00167666,0,0.5
1783082155095464448,0.001,-0.678348,-0.678348,-0.682174,0.00160706,0,0.5
1783082155096464384,0.001,-0.678348,-0.678348,-0.682174,0.00154448,0,0.5
1783082155097464320,0.001,0,0,-0.682172,0.00156104,0,0.5
1783082155098464256,0.001,-0.678348,-0.678348,-0.682171,0.00150295,0,0.5
1783082155099464192,0.001,0,0,-0.68217,0.00151951,0,0.5
1783082155100464128,0.001,-0.678348,-0.678348,-0.682169,0.00146538,0,0.5
1783082155101464064,0.001,0,0,-0.682167,0.00148194,0,0.5
1783082155102464000,0.001,-0.678348,-0.678348,-0.682166,0.00143129,0,0.5
1783082155103463936,0.001,0,0,-0.682165,0.00144785,0,0.5
1783082155104463872,0.001,-0.678348,-0.678348,-0.682164,0.00140029,0,0.5
1783082155105463808,0.001,-0.678348,-0.678348,-0.682162,0.00135691,0,0.5
1783082155106463744,0.001,0,0,-0.682161,0.00137347,0,0.5
1783082155107463680,0.001,0,0,-0.682159,0.00139002,0,0.5
1783082155108463616,0.001,-0.678348,-0.678348,-0.682158,0.00134754,0,0.5
1783082155109463552,0.001,-0.678348,-0.678348,-0.682156,0.00130865,0,0.5
1783082155110463488,0.001,0,0,-0.682155,0.00132521,0,0.5
1783082155111463424,0.001,0,0,-0.682153,0.00134177,0,0.5
1783082155112463360,0.001,-0.678348,-0.678348,-0.682152,0.00130336,0,0.5
1783082155113463296,0.001,0,0,-0.68215,0.00131992,0,0.5
1783082155114463232,0.001,-0.678348,-0.678348,-0.682148,0.00128332,0,0.5
1783082155115463168,0.001,0,0,-0.682147,0.00129988,0,0.5
1783082155116463104,0.001,-0.678348,-0.678348,-0.682145,0.0012649,0,0.5
1783082155117463040,0.001,-0.678348,-0.678348,-0.682143,0.0012327,0,0.5
1783082155118462976,0.001,0,0,-0.682142,0.00124925,0,0.5
1783082155119462912,0.001,-0.678348,-0.678348,-0.68214,0.00121827,0,0.5
1783082155120462848,0.001,0,0,-0.682138,0.00123482,0,0.5
1783082155121462784,0.001,-0.678348,-0.678348,-0.682136,0.00120494,0,0.5
1783082155122462720,0.001,0,0,-0.682135,0.0012215,0,0.5
1783082155123462656,0.001,-0.678348,-0.678348,-0.682132,0.00119263,0,0.5
1783082155124462592,0.001,0,0,-0.682131,0.00120918,0,0.5
1783082155125462528,0.001,-0.678348,-0.678348,-0.682129,0.00118123,0,0.5
1783082155126462464,0.001,0,0,-0.682128,0.00119779,0,0.5
1783082155127462400,0.001,-0.678348,-0.678348,-0.682125,0.00117069,0,0.5
1783082155128462336,0.001,0,0,-0.682124,0.00118724,0,0.5
1783082155129462272,0.001,-0.678348,-0.678348,-0.682122,0.00116091,0,0.5
1783082155130462208,0.001,0,0,-0.68212,0.00117747,0,0.5
1783082155131462144,0.001,-0.678348,-0.678348,-0.682118,0.00115185,0,0.5
1783082155132462080,0.001,0,0,-0.682117,0.0011684,0,0.5
1783082155133462016,0.001,-0.678348,-0.678348,-0.682114,0.00114343,0,0.5
1783082155134461952,0.001,0,0,-0.682113,0.00115999,0,0.5
1783082155135461888,0.001,-0.678348,-0.678348,-0.68211,0.00113562,0,0.5
1783082155136461824,0.001,-0.678348,-0.678348,-0.682108,0.00111298,0,0.5
1783082155137461760,0.001,0,0,-0.682107,0.00112953,0,0.5
1783082155138461696,0.001,-0.678348,-0.678348,-0.682104,0.00110731,0,0.5
1783082155139461632,0.001,0,0,-0.682103,0.00112387,0,0.5
1783082155140461568,0.001,-0.678348,-0.678348,-0.6821,0.00110203,0,0.5
1783082155141461504,0.001,0,0,-0.682099,0.00111858,0,0.5
1783082155142461440,0.001,-0.678348,-0.678348,-0.682096,0.00109711,0,0.5
1783082155143461376,0.001,0,0,-0.682095,0.00111366,0,0.5
1783082155144461312,0.001,-0.678348,-0.678348,-0.682092,0.00109251,0,0.5
1783082155145461248,0.001,0,0,-0.682091,0.00110906,0,0.5
1783082155146461184,0.001,-0.678348,-0.678348,-0.682088,0.00108822,0,0.5
1783082155147461120,0.001,0,0,-0.682087,0.00110478,0,0.5
1783082155148461056,0.001,-0.678348,-0.678348,-0.682084,0.00108422,0,0.5
1783082155149460992,0.001,0,0,-0.682083,0.00110077,0,0.5
1783082155150460928,0.001,-0.678348,-0.678348,-0.68208,0.00108048,0,0.5
1783082155151460864,0.001,0,0,-0.682079,0.00109703,0,0.5
1783082155152460800,0.001,-0.678348,-0.678348,-0.682076,0.00107698,0,0.5
1783082155153460736,0.001,0,0,-0.682075,0.00109353,0,0.5
1783082155154460672,0.001,-0.678348,-0.678348,-0.682072,0.00107371,0,0.5
1783082155155460608,0.001,-0.678348,-0.678348,-0.682069,0.00105521,0,0.5
1783082155156460544,0.001,0,0,-0.682068,0.00107176,0,0.5
1783082155157460480,0.001,-0.678348,-0.678348,-0.682065,0.00105338,0,0.5
1783082155158460416,0.001,-0.678348,-0.678348,-0.682062,0.0010362,0,0.5
1783082155159460352,0.001,0,0,-0.682061,0.00105275,0,0.5
1783082155160460288,0.001,-0.678348,-0.678348,-0.682058,0.0010356,0,0.5
1783082155161460224,0.001,-0.678348,-0.678348,-0.682055,0.00101956,0,0.5
1783082155162460160,0.001,0,0,-0.682054,0.00103611,0,0.5
1783082155163460096,0.001,-0.678348,-0.678348,-0.682051,0.00102001,0,0.5
1783082155164460032,0.001,-0.678348,-0.678348,-0.682048,0.00100494,0,0.5
1783082155165459968,0.001,-0.678348,-0.678348,-0.682045,0.000990807,0,0.5
1783082155166459904,0.001,-0.678348,-0.678348,-0.682041,0.00097754,0,0.5
1783082155167459840,0.001,-0.678348,-0.678348,-0.682038,0.000965074,0,0.5
1783082155168459776,0.001,-0.678348,-0.678348,-0.682035,0.000953352,0,0.5
1783082155169459712,0.001,-0.678348,-0.678348,-0.682032,0.000942318,0,0.5
1783082155170459648,0.001,-0.678348,-0.678348,-0.682028,0.000931925,0,0.5
1783082155171459584,0.001,-0.678348,-0.678348,-0.682025,0.000922126,0,0.5
1783082155172459520,0.001,-0.678348,-0.678348,-0.682021,0.000912882,0,0.5
1783082155173459456,0.001,0,0,-0.68202,0.000929431,0,0.5
1783082155174459392,0.001,-0.678348,-0.678348,-0.682017,0.000919748,0,0.5
1783082155175459328,0.001,0,0,-0.682016,0.000936297,0,0.5
1783082155176459264,0.001,-0.678348,-0.678348,-0.682013,0.000926197,0,0.5
1783082155177459200,0.001,0,0,-0.682012,0.000942746,0,0.5
1783082155178459136,0.001,-0.678348,-0.678348,-0.682008,0.000932251,0,0.5
1783082155179459072,0.001,0,0,-0.682007,0.0009488,0,0.5
1783082155180459008,0.001,-0.678348,-0.678348,-0.682004,0.000937931,0,0.5
1783082155181458944,0.001,-0.678348,-0.678348,-0.682,0.00092769,0,0.5
1783082155182458880,0.001,0,0,-0.682,0.000944239,0,0.5
1783082155183458816,0.001,-0.678348,-0.678348,-0.681996,0.000933612,0,0.5
1783082155184458752,0.001,0,0,-0.681995,0.000950161,0,0.5
1783082155185458688,0.001,-0.678348,-0.678348,-0.681992,0.000939167,0,0.5
1783082155186458624,0.001,-0.678348,-0.678348,-0.681988,0.00092881,0,0.5
1783082155187458560,0.001,-0.678348,-0.678348,-0.681985,0.000919046,0,0.5
1783082155188458496,0.001,-0.678348,-0.678348,-0.681982,0.000909834,0,0.5
1783082155189458432,0.001,0,0,-0.681981,0.000926382,0,0.5
1783082155190458368,0.001,-0.678348,-0.678348,-0.681977,0.000916731,0,0.5
1783082155191458304,0.001,0,0,-0.681976,0.00093328,0,0.5
1783082155192458240,0.001,-0.678348,-0.678348,-0.681973,0.000923212,0,0.5
1783082155193458176,0.001,-0.678348,-0.678348,-0.681969,0.000913717,0,0.5
1783082155194458112,0.001,0,0,-0.681968,0.000930265,0,0.5
1783082155195458048,0.001,-0.678348,-0.678348,-0.681965,0.000920346,0,0.5
1783082155196457984,0.001,-0.678348,-0.678348,-0.681961,0.00091099,0,0.5
1783082155197457920,0.001,-0.678348,-0.678348,-0.681958,0.000902158,0,0.5
1783082155198457856,0.001,-0.678348,-0.678348,-0.681955,0.000893817,0,0.5
1783082155199457792,0.001,-0.678348,-0.678348,-0.681951,0.000885933,0,0.5
1783082155200457728,0.001,-0.678348,-0.678348,-0.681947,0.000878477,0,0.5
1783082155201457664,0.001,-0.678348,-0.678348,-0.681944,0.000871421,0,0.5
1783082155202457600,0.001,-0.678348,-0.678348,-0.68194,0.000864741,0,0.5
1783082155203457536,0.001,-0.678348,-0.678348,-0.681937,0.000858414,0,0.5
1783082155204457472,0.001,-0.678348,-0.678348,-0.681933,0.000852416,0,0.5
1783082155205457408,0.001,-0.678348,-0.678348,-0.68193,0.000846729,0,0.5
1783082155206457344,0.001,-0.678348,-0.678348,-0.681926,0.000841333,0,0.5
1783082155207457280,0.001,-0.678348,-0.678348,-0.681922,0.000836212,0,0.5
1783082155208457216,0.001,-0.678348,-0.678348,-0.681919,0.000831349,0,0.5
1783082155209457152,0.001,-0.678348,-0.678348,-0.681915,0.000826729,0,0.5
1783082155210457088,0.001,-0.678348,-0.678348,-0.681912,0.000822338,0,0.5
1783082155211457024,0.001,-0.678348,-0.678348,-0.681908,0.000818164,0,0.5
1783082155212456960,0.001,-0.678348,-0.678348,-0.681904,0.000814193,0,0.5
1783082155213456896,0.001,-0.678348,-0.678348,-0.681901,0.000810415,0,0.5
1783082155214456832,0.001,-0.678348,-0.678348,-0.681897,0.000806818,0,0.5
1783082155215456768,0.001,-0.678348,-0.678348,-0.681893,0.000803393,0,0.5
1783082155216456704,0.001,-0.678348,-0.678348,-0.68189,0.000800131,0,0.5
1783082155217456640,0.001,-0.678348,-0.678348,-0.681886,0.000797022,0,0.5
1783082155218456576,0.001,-0.678348,-0.678348,-0.681882,0.000794058,0,0.5
1783082155219456512,0.001,-0.678348,-0.678348,-0.681879,0.000791232,0,0.5
1783082155220456448,0.001,-0.678348,-0.678348,-0.681875,0.000788536,0,0.5
1783082155221456384,0.001,-0.678348,-0.678348,-0.681871,0.000785963,0,0.5
1783082155222456320,0.001,-0.678348,-0.678348,-0.681868,0.000783507,0,0.5
1783082155223456256,0.001,-0.678348,-0.678348,-0.681864,0.000781162,0,0.5
1783082155224456192,0.001,-0.678348,-0.678348,-0.68186,0.000778922,0,0.5
1783082155225456128,0.001,-0.678348,-0.678348,-0.681857,0.000776782,0,0.5
1783082155226456064,0.001,-0.678348,-0.678348,-0.681853,0.000774736,0,0.5
1783082155227456000,0.001,-0.678348,-0.678348,-0.681849,0.00077278,0,0.5
1783082155228455936,0.001,0,0,-0.681849,0.000789324,0,0.5
1783082155229455872,0.001,0,0,-0.681848,0.000805869,0,0.5
1783082155230455808,0.001,0,0,-0.681847,0.000822414,0,0.5
1783082155231455744,0.001,0,0,-0.681846,0.000838959,0,0.5
1783082155232455680,0.001,0,0,-0.681845,0.000855504,0,0.5
1783082155233455616,0.001,0,0,-0.681844,0.000872049,0,0.5
1783082155234455552,0.001,0,0,-0.681843,0.000888594,0,0.5
1783082155235455488,0.001,0,0,-0.681843,0.000905139,0,0.5
1783082155236455424,0.001,0,0,-0.681842,0.000921684,0,0.5
1783082155237455360,0.001,0,0,-0.681841,0.000938229,0,0.5
1783082155238455296,0.001,0,0,-0.68184,0.000954774,0,0.5
1783082155239455232,0.001,0,0,-0.681839,0.000971319,0,0.5
1783082155240455168,0.001,0,0,-0.681838,0.000987864,0,0.5
1783082155241455104,0.001,0,0,-0.681837,0.00100441,0,0.5
1783082155242455040,0.001,0,0,-0.681836,0.00102095,0,0.5
1783082155243454976,0.001,0,0,-0.681835,0.0010375,0,0.5
1783082155244454912,0.001,0,0,-0.681834,0.00105404,0,0.5
1783082155245454848,0.001,0,0,-0.681833,0.00107059,0,0.5
1783082155246454784,0.001,0,0,-0.681832,0.00108713,0,0.5
1783082155247454720,0.001,0,0,-0.681831,0.00110368,0,0.5
1783082155248454656,0.001,0,0,-0.681829,0.00112022,0,0.5
1783082155249454592,0.001,0,0,-0.681828,0.00113677,0,0.5
1783082155250454528,0.001,0,0,-0.681827,0.00115331,0,0.5
1783082155251454464,0.001,0,0,-0.681826,0.00116986,0,0.5
1783082155252454400,0.001,0,0,-0.681825,0.0011864,0,0.5
1783082155253454336,0.001,0,0,-0.681824,0.00120295,0,0.5
1783082155254454272,0.001,0,0,-0.681822,0.00121949,0,0.5
1783082155255454208,0.001,0,0,-0.681821,0.00123604,0,0.5
1783082155256454144,0.001,0,0,-0.68182,0.00125258,0,0.5
1783082155257454080,0.001,0,0,-0.681819,0.00126913,0,0.5
1783082155258454016,0.001,0,0,-0.681817,0.00128567,0,0.5
1783082155259453952,0.001,0,0,-0.681816,0.00130222,0,0.5
1783082155260453888,0.001,0,0,-0.681815,0.00131876,0,0.5
1783082155261453824,0.001,0,0,-0.681813,0.00133531,0,0.5
1783082155262453760,0.001,0,0,-0.681812,0.00135185,0,0.5
1783082155263453696,0.001,0,0,-0.681811,0.0013684,0,0.5
1783082155264453632,0.001,0,0,-0.681809,0.00138494,0,0.5
1783082155265453568,0.001,0,0,-0.681808,0.00140149,0,0.5
1783082155266453504,0.001,0,0,-0.681807,0.00141803,0,0.5
1783082155267453440,0.001,0,0,-0.681805,0.00143458,0,0.5
1783082155268453376,0.001,0,0,-0.681804,0.00145112,0,0.5
1783082155269453312,0.001,0,0,-0.681802,0.00146767,0,0.5
1783082155270453248,0.001,0,0,-0.681801,0.00148421,0,0.5
1783082155271453184,0.001,0,0,-0.681799,0.00150076,0,0.5
1783082155272453120,0.001,0,0,-0.681798,0.0015173,0,0.5
1783082155273453056,0.001,0,0,-0.681796,0.00153385,0,0.5
1783082155274452992,0.001,0,0,-0.681795,0.00155039,0,0.5
1783082155275452928,0.001,0,0,-0.681793,0.00156694,0,0.5
1783082155276452864,0.001,0,0,-0.681792,0.00158348,0,0.5
1783082155277452800,0.001,0,0,-0.68179,0.00160003,0,0.5
1783082155278452736,0.001,0,0,-0.681788,0.00161657,0,0.5
1783082155279452672,0.001,0,0,-0.681787,0.00163312,0,0.5
1783082155280452608,0.001,0,0,-0.681785,0.00164966,0,0.5
1783082155281452544,0.001,0,0,-0.681783,0.00166621,0,0.5
1783082155282452480,0.001,0,0,-0.681782,0.00168275,0,0.5
1783082155283452416,0.001,0,0,-0.68178,0.0016993,0,0.5
1783082155284452352,0.001,0,0,-0.681778,0.00171584,0,0.5
1783082155285452288,0.001,0,0,-0.681777,0.00173239,0,0.5
1783082155286452224,0.001,0,0,-0.681775,0.00174893,0,0.5
1783082155287452160,0.001,0,0,-0.681773,0.00176548,0,0.5
1783082155288452096,0.001,0,0,-0.681771,0.00178202,0,0.5
1783082155289452032,0.001,0,0,-0.68177,0.00179857,0,0.5
1783082155290451968,0.001,0,0,-0.681768,0.00181511,0,0.5
1783082155291451904,0.001,0,0,-0.681766,0.00183166,0,0.5
1783082155292451840,0.001,0,0,-0.681764,0.0018482,0,0.5
1783082155293451776,0.001,0,0,-0.681762,0.00186475,0,0.5
1783082155294451712,0.001,0,0,-0.68176,0.00188129,0,0.5
1783082155295451648,0.001,0,0,-0.681759,0.00189784,0,0.5
1783082155296451584,0.001,0,0,-0.681757,0.00191438,0,0.5
1783082155297451520,0.001,0,0,-0.681755,0.00193093,0,0.5
1783082155298451456,0.001,0,0,-0.681753,0.00194747,0,0.5
1783082155299451392,0.001,0,0,-0.681751,0.00196402,0,0.5
1783082155300451328,0.001,0,0,-0.681749,0.00198056,0,0.5
1783082155301451264,0.001,0,0,-0.681747,0.00199711,0,0.5
1783082155302451200,0.001,0,0,-0.681745,0.00201365,0,0.5
1783082155303451136,0.001,0,0,-0.681743,0.0020302,0,0.5
1783082155304451072,0.001,0,0,-0.681741,0.00204674,0,0.5
1783082155305451008,0.001,0,0,-0.681739,0.00206329,0,0.5
1783082155306450944,0.001,0,0,-0.681737,0.00207983,0,0.5
1783082155307450880,0.001,0,0,-0.681735,0.00209638,0,0.5
1783082155308450816,0.001,0,0,-0.681732,0.00211292,0,0.5
1783082155309450752,0.001,0,0,-0.68173,0.00212947,0,0.5
1783082155310450688,0.001,-0.678348,-0.678348,-0.681735,0.00200677,0,0.5
1783082155311450624,0.001,0,0,-0.681733,0.00202331,0,0.5
1783082155312450560,0.001,-0.678348,-0.678348,-0.681736,0.00191402,0,0.5
1783082155313450496,0.001,-0.678348,-0.678348,-0.681739,0.00181783,0,0.5
1783082155314450432,0.001,0,0,-0.681737,0.00183437,0,0.5
1783082155315450368,0.001,-0.678348,-0.678348,-0.681739,0.00174733,0,0.5
1783082155316450304,0.001,-0.678348,-0.678348,-0.68174,0.00166985,0,0.5
1783082155317450240,0.001,-0.678348,-0.678348,-0.681741,0.00160051,0,0.5
1783082155318450176,0.001,-0.678348,-0.678348,-0.681742,0.00153816,0,0.5
1783082155319450112,0.001,-0.678348,-0.678348,-0.681742,0.00148185,0,0.5
1783082155320450048,0.001,0,0,-0.68174,0.00149839,0,0.5
1783082155321449984,0.001,-0.678348,-0.678348,-0.68174,0.00144582,0,0.5
1783082155322449920,0.001,0,0,-0.681739,0.00146236,0,0.5
1783082155323449856,0.001,-0.678348,-0.678348,-0.681738,0.0014131,0,0.5
1783082155324449792,0.001,0,0,-0.681737,0.00142964,0,0.5
1783082155325449728,0.001,-0.678348,-0.678348,-0.681736,0.00138331,0,0.5
1783082155326449664,0.001,0,0,-0.681735,0.00139985,0,0.5
1783082155327449600,0.001,-0.678348,-0.678348,-0.681734,0.00135614,0,0.5
1783082155328449536,0.001,0,0,-0.681733,0.00137268,0,0.5
1783082155329449472,0.001,-0.678348,-0.678348,-0.681732,0.0013313,0,0.5
1783082155330449408,0.001,0,0,-0.681731,0.00134784,0,0.5
1783082155331449344,0.001,-0.678348,-0.678348,-0.68173,0.00130857,0,0.5
1783082155332449280,0.001,0,0,-0.681729,0.00132511,0,0.5
1783082155333449216,0.001,-0.678348,-0.678348,-0.681727,0.00128772,0,0.5
1783082155334449152,0.001,0,0,-0.681726,0.00130425,0,0.5
1783082155335449088,0.001,-0.678348,-0.678348,-0.681725,0.00126856,0,0.5
1783082155336449024,0.001,0,0,-0.681724,0.0012851,0,0.5
1783082155337448960,0.001,-0.678348,-0.678348,-0.681722,0.00125095,0,0.5
1783082155338448896,0.001,0,0,-0.681721,0.00126749,0,0.5
1783082155339448832,0.001,-0.678348,-0.678348,-0.68172,0.00123473,0,0.5
1783082155340448768,0.001,0,0,-0.681719,0.00125127,0,0.5
1783082155341448704,0.001,-0.678348,-0.678348,-0.681717,0.00121978,0,0.5
1783082155342448640,0.001,-0.678348,-0.678348,-0.681715,0.0011907,0,0.5
1783082155343448576,0.001,-0.678348,-0.678348,-0.681714,0.0011638,0,0.5
1783082155344448512,0.001,-0.678348,-0.678348,-0.681712,0.00113886,0,0.5
1783082155345448448,0.001,-0.678348,-0.678348,-0.68171,0.00111571,0,0.5
1783082155346448384,0.001,-0.678348,-0.678348,-0.681708,0.00109417,0,0.5
1783082155347448320,0.001,-0.678348,-0.678348,-0.681705,0.00107411,0,0.5
1783082155348448256,0.001,0,0,-0.681704,0.00109065,0,0.5
1783082155349448192,0.001,-0.678348,-0.678348,-0.681702,0.00107081,0,0.5
1783082155350448128,0.001,-0.678348,-0.678348,-0.6817,0.00105231,0,0.5
1783082155351448064,0.001,-0.678348,-0.678348,-0.681698,0.00103502,0,0.5
1783082155352448000,0.001,0,0,-0.681696,0.00105155,0,0.5
1783082155353447936,0.001,-0.678348,-0.678348,-0.681694,0.0010343,0,0.5
1783082155354447872,0.001,0,0,-0.681693,0.00105083,0,0.5
1783082155355447808,0.001,-0.678348,-0.678348,-0.681691,0.00103361,0,0.5
1783082155356447744,0.001,-0.678348,-0.678348,-0.681688,0.0010175,0,0.5
1783082155357447680,0.001,0,0,-0.681687,0.00103404,0,0.5
1783082155358447616,0.001,-0.678348,-0.678348,-0.681685,0.00101788,0,0.5
1783082155359447552,0.001,-0.678348,-0.678348,-0.681682,0.00100275,0,0.5
1783082155360447488,0.001,0,0,-0.681681,0.00101929,0,0.5
1783082155361447424,0.001,-0.678348,-0.678348,-0.681679,0.00100405,0,0.5
1783082155362447360,0.001,-0.678348,-0.678348,-0.681676,0.000989767,0,0.5
1783082155363447296,0.001,0,0,-0.681675,0.0010063,0,0.5
1783082155364447232,0.001,-0.678348,-0.678348,-0.681672,0.000991862,0,0.5
1783082155365447168,0.001,-0.678348,-0.678348,-0.68167,0.000978311,0,0.5
1783082155366447104,0.001,-0.678348,-0.678348,-0.681667,0.000965583,0,0.5
1783082155367447040,0.001,-0.678348,-0.678348,-0.681664,0.000953617,0,0.5
1783082155368446976,0.001,-0.678348,-0.678348,-0.681661,0.000942357,0,0.5
1783082155369446912,0.001,-0.678348,-0.678348,-0.681659,0.000931754,0,0.5
1783082155370446848,0.001,-0.678348,-0.678348,-0.681656,0.00092176,0,0.5
1783082155371446784,0.001,-0.678348,-0.678348,-0.681653,0.000912333,0,0.5
1783082155372446720,0.001,0,0,-0.681652,0.000928868,0,0.5
1783082155373446656,0.001,-0.678348,-0.678348,-0.681649,0.000919011,0,0.5
1783082155374446592,0.001,-0.678348,-0.678348,-0.681646,0.000909712,0,0.5
1783082155375446528,0.001,0,0,-0.681645,0.000926246,0,0.5
1783082155376446464,0.001,-0.678348,-0.678348,-0.681642,0.000916511,0,0.5
1783082155377446400,0.001,-0.678348,-0.678348,-0.681639,0.000907325,0,0.5
1783082155378446336,0.001,0,0,-0.681638,0.000923859,0,0.5
1783082155379446272,0.001,-0.678348,-0.678348,-0.681636,0.000914231,0,0.5
1783082155380446208,0.001,0,0,-0.681635,0.000930765,0,0.5
1783082155381446144,0.001,-0.678348,-0.678348,-0.681632,0.000920718,0,0.5
1783082155382446080,0.001,0,0,-0.681631,0.000937252,0,0.5
1783082155383446016,0.001,-0.678348,-0.678348,-0.681628,0.000926807,0,0.5
1783082155384445952,0.001,0,0,-0.681627,0.000943341,0,0.5
1783082155385445888,0.001,-0.678348,-0.678348,-0.681624,0.000932521,0,0.5
1783082155386445824,0.001,-0.678348,-0.678348,-0.681621,0.000922325,0,0.5
1783082155387445760,0.001,0,0,-0.68162,0.000938859,0,0.5
1783082155388445696,0.001,-0.678348,-0.678348,-0.681617,0.000928274,0,0.5
1783082155389445632,0.001,-0.678348,-0.678348,-0.681614,0.000918298,0,0.5
1783082155390445568,0.001,-0.678348,-0.678348,-0.681611,0.000908888,0,0.5
1783082155391445504,0.001,0,0,-0.681611,0.000925421,0,0.5
1783082155392445440,0.001,-0.678348,-0.678348,-0.681608,0.000915582,0,0.5
1783082155393445376,0.001,-0.678348,-0.678348,-0.681605,0.0009063,0,0.5
1783082155394445312,0.001,0,0,-0.681604,0.000922833,0,0.5
1783082155395445248,0.001,-0.678348,-0.678348,-0.681601,0.000913116,0,0.5
1783082155396445184,0.001,0,0,-0.6816,0.000929649,0,0.5
1783082155397445120,0.001,-0.678348,-0.678348,-0.681597,0.000919519,0,0.5
1783082155398445056,0.001,-0.678348,-0.678348,-0.681594,0.000909967,0,0.5
1783082155399444992,0.001,0,0,-0.681593,0.000926499,0,0.5
1783082155400444928,0.001,-0.678348,-0.678348,-0.68159,0.000916526,0,0.5
1783082155401444864,0.001,0,0,-0.681589,0.000933059,0,0.5
1783082155402444800,0.001,-0.678348,-0.678348,-0.681586,0.000922687,0,0.5
1783082155403444736,0.001,-0.678348,-0.678348,-0.681583,0.000912909,0,0.5
1783082155404444672,0.001,0,0,-0.681582,0.000929442,0,0.5
1783082155405444608,0.001,-0.678348,-0.678348,-0.681579,0.000919256,0,0.5
1783082155406444544,0.001,-0.678348,-0.678348,-0.681576,0.000909651,0,0.5
1783082155407444480,0.001,-0.678348,-0.678348,-0.681573,0.000900588,0,0.5
1783082155408444416,0.001,-0.678348,-0.678348,-0.68157,0.000892031,0,0.5
1783082155409444352,0.001,-0.678348,-0.678348,-0.681567,0.000883946,0,0.5
1783082155410444288,0.001,0,0,-0.681566,0.000900478,0,0.5
1783082155411444224,0.001,-0.678348,-0.678348,-0.681563,0.000891901,0,0.5
1783082155412444160,0.001,-0.678348,-0.678348,-0.68156,0.000883797,0,0.5
1783082155413444096,0.001,-0.678348,-0.678348,-0.681557,0.000876137,0,0.5
1783082155414444032,0.001,-0.678348,-0.678348,-0.681554,0.000868891,0,0.5
1783082155415443968,0.001,-0.678348,-0.678348,-0.681551,0.000862033,0,0.5
1783082155416443904,0.001,-0.678348,-0.678348,-0.681548,0.000855538,0,0.5
1783082155417443840,0.001,0,0,-0.681547,0.00087207,0,0.5
1783082155418443776,0.001,-0.678348,-0.678348,-0.681544,0.000865011,0,0.5
1783082155419443712,0.001,-0.678348,-0.678348,-0.681541,0.00085833,0,0.5
1783082155420443648,0.001,0,0,-0.68154,0.000874861,0,0.5
1783082155421443584,0.001,-0.678348,-0.678348,-0.681537,0.000867624,0,0.5
1783082155422443520,0.001,-0.678348,-0.678348,-0.681534,0.000860775,0,0.5
1783082155423443456,0.001,0,0,-0.681533,0.000877305,0,0.5
1783082155424443392,0.001,-0.678348,-0.678348,-0.68153,0.000869909,0,0.5
1783082155425443328,0.001,-0.678348,-0.678348,-0.681527,0.000862911,0,0.5
1783082155426443264,0.001,0,0,-0.681526,0.000879442,0,0.5
1783082155427443200,0.001,-0.678348,-0.678348,-0.681523,0.000871904,0,0.5
1783082155428443136,0.001,-0.678348,-0.678348,-0.68152,0.000864773,0,0.5
1783082155429443072,0.001,-0.678348,-0.678348,-0.681517,0.000858024,0,0.5
1783082155430443008,0.001,-0.678348,-0.678348,-0.681514,0.000851633,0,0.5
1783082155431442944,0.001,-0.678348,-0.678348,-0.681511,0.000845578,0,0.5
1783082155432442880,0.001,0,0,-0.68151,0.000862108,0,0.5
1783082155433442816,0.001,-0.678348,-0.678348,-0.681507,0.000855472,0,0.5
1783082155434442752,0.001,-0.678348,-0.678348,-0.681504,0.000849188,0,0.5
1783082155435442688,0.001,-0.678348,-0.678348,-0.681501,0.000843233,0,0.5
1783082155436442624,0.001,-0.678348,-0.678348,-0.681498,0.000837588,0,0.5
1783082155437442560,0.001,-0.678348,-0.678348,-0.681494,0.000832234,0,0.5
1783082155438442496,0.001,0,0,-0.681494,0.000848764,0,0.5
1783082155439442432,0.001,-0.678348,-0.678348,-0.681491,0.000842801,0,0.5
1783082155440442368,0.001,-0.678348,-0.678348,-0.681487,0.000837148,0,0.5
1783082155441442304,0.001,-0.678348,-0.678348,-0.681484,0.000831787,0,0.5
1783082155442442240,0.001,0,0,-0.681484,0.000848316,0,0.5
1783082155443442176,0.001,-0.678348,-0.678348,-0.68148,0.000842347,0,0.5
1783082155444442112,0.001,-0.678348,-0.678348,-0.681477,0.000836689,0,0.5
1783082155445442048,0.001,0,0,-0.681476,0.000853218,0,0.5
1783082155446441984,0.001,-0.678348,-0.678348,-0.681473,0.000846964,0,0.5
1783082155447441920,0.001,-0.678348,-0.678348,-0.68147,0.000841038,0,0.5
1783082155448441856,0.001,0,0,-0.681469,0.000857567,0,0.5
1783082155449441792,0.001,-0.678348,-0.678348,-0.681466,0.000851057,0,0.5
1783082155450441728,0.001,0,0,-0.681466,0.000867586,0,0.5
1783082155451441664,0.001,-0.678348,-0.678348,-0.681462,0.000860518,0,0.5
1783082155452441600,0.001,0,0,-0.681462,0.000877046,0,0.5
1783082155453441536,0.001,0,0,-0.681461,0.000893575,0,0.5
1783082155454441472,0.001,0,0,-0.68146,0.000910103,0,0.5
1783082155455441408,0.001,0,0,-0.681459,0.000926631,0,0.5
1783082155456441344,0.001,0,0,-0.681458,0.00094316,0,0.5
1783082155457441280,0.001,0,0,-0.681457,0.000959688,0,0.5
1783082155458441216,0.001,0,0,-0.681456,0.000976217,0,0.5
1783082155459441152,0.001,0,0,-0.681455,0.000992745,0,0.5
1783082155460441088,0.001,0,0,-0.681454,0.00100927,0,0.5
1783082155461441024,0.001,0,0,-0.681453,0.0010258,0,0.5
1783082155462440960,0.001,0,0,-0.681452,0.00104233,0,0.5
1783082155463440896,0.001,0,0,-0.681451,0.00105886,0,0.5
1783082155464440832,0.001,0,0,-0.68145,0.00107539,0,0.5
1783082155465440768,0.001,0,0,-0.681449,0.00109192,0,0.5
1783082155466440704,0.001,0,0,-0.681448,0.00110844,0,0.5
1783082155467440640,0.001,0,0,-0.681447,0.00112497,0,0.5
1783082155468440576,0.001,0,0,-0.681445,0.0011415,0,0.5
1783082155469440512,0.001,0,0,-0.681444,0.00115803,0,0.5
1783082155470440448,0.001,0,0,-0.681443,0.00117456,0,0.5
1783082155471440384,0.001,0,0,-0.681442,0.00119109,0,0.5
1783082155472440320,0.001,0,0,-0.681441,0.00120761,0,0.5
1783082155473440256,0.001,0,0,-0.68144,0.00122414,0,0.5
1783082155474440192,0.001,0,0,-0.681438,0.00124067,0,0.5
1783082155475440128,0.001,0,0,-0.681437,0.0012572,0,0.5
1783082155476440064,0.001,0,0,-0.681436,0.00127373,0,0.5
1783082155477440000,0.001,0,0,-0.681435,0.00129026,0,0.5
1783082155478439936,0.001,0,0,-0.681433,0.00130679,0,0.5
1783082155479439872,0.001,0,0,-0.681432,0.00132331,0,0.5
1783082155480439808,0.001,0,0,-0.681431,0.00133984,0,0.5
1783082155481439744,0.001,0,0,-0.681429,0.00135637,0,0.5
1783082155482439680,0.001,0,0,-0.681428,0.0013729,0,0.5
1783082155483439616,0.001,0,0,-0.681426,0.00138943,0,0.5
1783082155484439552,0.001,0,0,-0.681425,0.00140596,0,0.5
1783082155485439488,0.001,0,0,-0.681424,0.00142248,0,0.5
1783082155486439424,0.001,0,0,-0.681422,0.00143901,0,0.5
1783082155487439360,0.001,0,0,-0.681421,0.00145554,0,0.5
1783082155488439296,0.001,0,0,-0.681419,0.00147207,0,0.5
1783082155489439232,0.001,0,0,-0.681418,0.0014886,0,0.5
1783082155490439168,0.001,0,0,-0.681416,0.00150513,0,0.5
1783082155491439104,0.001,0,0,-0.681415,0.00152165,0,0.5
1783082155492439040,0.001,0,0,-0.681413,0.00153818,0,0.5
1783082155493438976,0.001,0,0,-0.681412,0.00155471,0,0.5
1783082155494438912,0.001,0,0,-0.68141,0.00157124,0,0.5
1783082155495438848,0.001,0,0,-0.681409,0.00158777,0,0.5
1783082155496438784,0.001,0,0,-0.681407,0.0016043,0,0.5
1783082155497438720,0.001,0,0,-0.681405,0.00162083,0,0.5
1783082155498438656,0.001,0,0,-0.681404,0.00163735,0,0.5
1783082155499438592,0.001,0,0,-0.681402,0.00165388,0,0.5
1783082155500438528,0.001,0,0,-0.6814,0.00167041,0,0.5
1783082155501438464,0.001,0,0,-0.681399,0.00168694,0,0.5
1783082155502438400,0.001,0,0,-0.681397,0.00170347,0,0.5
1783082155503438336,0.001,0,0,-0.681395,0.00172,0,0.5
1783082155504438272,0.001,0,0,-0.681394,0.00173652,0,0.5
1783082155505438208,0.001,0,0,-0.681392,0.00175305,0,0.5
1783082155506438144,0.001,0,0,-0.68139,0.00176958,0,0.5
1783082155507438080,0.001,0,0,-0.681388,0.00178611,0,0.5
1783082155508438016,0.001,0,0,-0.681387,0.00180264,0,0.5
1783082155509437952,0.001,0,0,-0.681385,0.00181917,0,0.5
1783082155510437888,0.001,0,0,-0.681383,0.0018357,0,0.5
1783082155511437824,0.001,0,0,-0.681381,0.00185222,0,0.5
1783082155512437760,0.001,0,0,-0.681379,0.00186875,0,0.5
1783082155513437696,0.001,0,0,-0.681377,0.00188528,0,0.5
1783082155514437632,0.001,0,0,-0.681376,0.00190181,0,0.5
1783082155515437568,0.001,0,0,-0.681374,0.00191834,0,0.5
1783082155516437504,0.001,0,0,-0.681372,0.00193487,0,0.5
1783082155517437440,0.001,0,0,-0.68137,0.00195139,0,0.5
1783082155518437376,0.001,0,0,-0.681368,0.00196792,0,0.5
1783082155519437312,0.001,0,0,-0.681366,0.00198445,0,0.5
1783082155520437248,0.001,0,0,-0.681364,0.00200098,0,0.5
1783082155521437184,0.001,0,0,-0.681362,0.00201751,0,0.5
1783082155522437120,0.001,0,0,-0.68136,0.00203404,0,0.5
1783082155523437056,0.001,0,0,-0.681358,0.00205056,0,0.5
1783082155524436992,0.001,0,0,-0.681356,0.00206709,0,0.5
1783082155525436928,0.001,0,0,-0.681354,0.00208362,0,0.5
1783082155526436864,0.001,0,0,-0.681351,0.00210015,0,0.5
1783082155527436800,0.001,0,0,-0.681349,0.00211668,0,0.5
1783082155528436736,0.001,0,0,-0.681347,0.00213321,0,0.5
1783082155529436672,0.001,0,0,-0.681345,0.00214974,0,0.5
1783082155530436608,0.001,0,0,-0.681343,0.00216626,0,0.5
1783082155531436544,0.001,0,0,-0.681341,0.00218279,0,0.5
1783082155532436480,0.001,-0.678348,-0.678348,-0.681346,0.00205233,0,0.5
1783082155533436416,0.001,0,0,-0.681344,0.00206885,0,0.5
1783082155534436352,0.001,-0.678348,-0.678348,-0.681349,0.00195313,0,0.5
1783082155535436288,0.001,0,0,-0.681347,0.00196966,0,0.5
1783082155536436224,0.001,-0.678348,-0.678348,-0.681351,0.00186617,0,0.5
1783082155537436160,0.001,-0.678348,-0.678348,-0.681354,0.00177485,0,0.5
1783082155538436096,0.001,-0.678348,-0.678348,-0.681356,0.00169374,0,0.5
1783082155539436032,0.001,-0.678348,-0.678348,-0.681358,0.0016213,0,0.5
1783082155540435968,0.001,-0.678348,-0.678348,-0.681359,0.00155629,0,0.5
1783082155541435904,0.001,0,0,-0.681357,0.00157281,0,0.5
1783082155542435840,0.001,-0.678348,-0.678348,-0.681358,0.0015126,0,0.5
1783082155543435776,0.001,-0.678348,-0.678348,-0.681359,0.00145816,0,0.5
1783082155544435712,0.001,-0.678348,-0.678348,-0.681359,0.00140873,0,0.5
1783082155545435648,0.001,-0.678348,-0.678348,-0.681359,0.00136372,0,0.5
1783082155546435584,0.001,-0.678348,-0.678348,-0.681359,0.00132259,0,0.5
1783082155547435520,0.001,0,0,-0.681358,0.00133911,0,0.5
1783082155548435456,0.001,-0.678348,-0.678348,-0.681357,0.00130005,0,0.5
1783082155549435392,0.001,0,0,-0.681356,0.00131658,0,0.5
1783082155550435328,0.001,0,0,-0.681355,0.0013331,0,0.5
1783082155551435264,0.001,-0.678348,-0.678348,-0.681354,0.00129455,0,0.5
1783082155552435200,0.001,-0.678348,-0.678348,-0.681353,0.00125915,0,0.5
1783082155553435136,0.001,0,0,-0.681352,0.00127567,0,0.5
1783082155554435072,0.001,-0.678348,-0.678348,-0.681351,0.00124179,0,0.5
1783082155555435008,0.001,0,0,-0.68135,0.00125831,0,0.5
1783082155556434944,0.001,-0.678348,-0.678348,-0.681349,0.0012258,0,0.5
1783082155557434880,0.001,0,0,-0.681348,0.00124232,0,0.5
1783082155558434816,0.001,-0.678348,-0.678348,-0.681347,0.00121105,0,0.5
1783082155559434752,0.001,0,0,-0.681346,0.00122758,0,0.5
1783082155560434688,0.001,-0.678348,-0.678348,-0.681345,0.00119744,0,0.5
1783082155561434624,0.001,0,0,-0.681344,0.00121396,0,0.5
1783082155562434560,0.001,-0.678348,-0.678348,-0.681342,0.00118486,0,0.5
1783082155563434496,0.001,-0.678348,-0.678348,-0.681341,0.00115794,0,0.5
1783082155564434432,0.001,-0.678348,-0.678348,-0.68134,0.00113298,0,0.5
1783082155565434368,0.001,-0.678348,-0.678348,-0.681338,0.00110981,0,0.5
1783082155566434304,0.001,-0.678348,-0.678348,-0.681337,0.00108826,0,0.5
1783082155567434240,0.001,0,0,-0.681336,0.00110478,0,0.5
1783082155568434176,0.001,-0.678348,-0.678348,-0.681334,0.00108357,0,0.5
1783082155569434112,0.001,-0.678348,-0.678348,-0.681332,0.0010638,0,0.5
1783082155570434048,0.001,-0.678348,-0.678348,-0.68133,0.00104536,0,0.5
1783082155571433984,0.001,0,0,-0.681329,0.00106188,0,0.5
1783082155572433920,0.001,-0.678348,-0.678348,-0.681327,0.00104355,0,0.5
1783082155573433856,0.001,0,0,-0.681326,0.00106007,0,0.5
1783082155574433792,0.001,-0.678348,-0.678348,-0.681325,0.00104185,0,0.5
1783082155575433728,0.001,0,0,-0.681323,0.00105837,0,0.5
1783082155576433664,0.001,-0.678348,-0.678348,-0.681322,0.00104025,0,0.5
1783082155577433600,0.001,0,0,-0.681321,0.00105677,0,0.5
1783082155578433536,0.001,-0.678348,-0.678348,-0.681319,0.00103874,0,0.5
1783082155579433472,0.001,0,0,-0.681318,0.00105526,0,0.5
1783082155580433408,0.001,-0.678348,-0.678348,-0.681316,0.00103732,0,0.5
1783082155581433344,0.001,-0.678348,-0.678348,-0.681314,0.00102055,0,0.5
1783082155582433280,0.001,0,0,-0.681313,0.00103707,0,0.5
1783082155583433216,0.001,-0.678348,-0.678348,-0.681311,0.0010203,0,0.5
1783082155584433152,0.001,0,0,-0.68131,0.00103682,0,0.5
1783082155585433088,0.001,-0.678348,-0.678348,-0.681308,0.00102005,0,0.5
1783082155586433024,0.001,0,0,-0.681307,0.00103657,0,0.5
1783082155587432960,0.001,-0.678348,-0.678348,-0.681305,0.00101981,0,0.5
1783082155588432896,0.001,0,0,-0.681304,0.00103633,0,0.5
1783082155589432832,0.001,-0.678348,-0.678348,-0.681301,0.00101957,0,0.5
1783082155590432768,0.001,-0.678348,-0.678348,-0.681299,0.00100388,0,0.5
1783082155591432704,0.001,-0.678348,-0.678348,-0.681297,0.000989175,0,0.5
1783082155592432640,0.001,-0.678348,-0.678348,-0.681295,0.000975385,0,0.5
1783082155593432576,0.001,-0.678348,-0.678348,-0.681293,0.000962437,0,0.5
1783082155594432512,0.001,-0.678348,-0.678348,-0.68129,0.000950268,0,0.5
1783082155595432448,0.001,-0.678348,-0.678348,-0.681288,0.000938822,0,0.5
1783082155596432384,0.001,-0.678348,-0.678348,-0.681286,0.000928045,0,0.5
1783082155597432320,0.001,0,0,-0.681285,0.000944563,0,0.5
1783082155598432256,0.001,-0.678348,-0.678348,-0.681282,0.000933429,0,0.5
1783082155599432192,0.001,0,0,-0.681281,0.000949947,0,0.5
1783082155600432128,0.001,-0.678348,-0.678348,-0.681279,0.000938476,0,0.5
1783082155601432064,0.001,0,0,-0.681278,0.000954993,0,0.5
1783082155602432000,0.001,-0.678348,-0.678348,-0.681276,0.000943203,0,0.5
1783082155603431936,0.001,0,0,-0.681275,0.000959721,0,0.5
1783082155604431872,0.001,-0.678348,-0.678348,-0.681272,0.00094763,0,0.5
1783082155605431808,0.001,0,0,-0.681271,0.000964148,0,0.5
1783082155606431744,0.001,-0.678348,-0.678348,-0.681269,0.000951773,0,0.5
1783082155607431680,0.001,-0.678348,-0.678348,-0.681267,0.000940136,0,0.5
1783082155608431616,0.001,0,0,-0.681266,0.000956653,0,0.5
1783082155609431552,0.001,-0.678348,-0.678348,-0.681263,0.000944706,0,0.5
1783082155610431488,0.001,0,0,-0.681262,0.000961223,0,0.5
1783082155611431424,0.001,-0.678348,-0.678348,-0.68126,0.000948986,0,0.5
1783082155612431360,0.001,-0.678348,-0.678348,-0.681258,0.000937475,0,0.5
1783082155613431296,0.001,-0.678348,-0.678348,-0.681255,0.000926639,0,0.5
1783082155614431232,0.001,-0.678348,-0.678348,-0.681253,0.00091643,0,0.5
1783082155615431168,0.001,-0.678348,-0.678348,-0.68125,0.000906805,0,0.5
1783082155616431104,0.001,-0.678348,-0.678348,-0.681248,0.000897724,0,0.5
1783082155617431040,0.001,0,0,-0.681247,0.00091424,0,0.5
1783082155618430976,0.001,-0.678348,-0.678348,-0.681244,0.000904715,0,0.5
1783082155619430912,0.001,0,0,-0.681243,0.000921231,0,0.5
1783082155620430848,0.001,-0.678348,-0.678348,-0.681241,0.000911286,0,0.5
1783082155621430784,0.001,-0.678348,-0.678348,-0.681238,0.000901907,0,0.5
1783082155622430720,0.001,-0.678348,-0.678348,-0.681236,0.000893055,0,0.5
1783082155623430656,0.001,0,0,-0.681235,0.00090957,0,0.5
1783082155624430592,0.001,-0.678348,-0.678348,-0.681232,0.000900264,0,0.5
1783082155625430528,0.001,-0.678348,-0.678348,-0.68123,0.000891481,0,0.5
1783082155626430464,0.001,0,0,-0.681229,0.000907996,0,0.5
1783082155627430400,0.001,-0.678348,-0.678348,-0.681226,0.000898755,0,0.5
1783082155628430336,0.001,0,0,-0.681225,0.000915271,0,0.5
1783082155629430272,0.001,-0.678348,-0.678348,-0.681223,0.000905596,0,0.5
1783082155630430208,0.001,0,0,-0.681222,0.000922111,0,0.5
1783082155631430144,0.001,-0.678348,-0.678348,-0.681219,0.000912025,0,0.5
1783082155632430080,0.001,0,0,-0.681219,0.00092854,0,0.5
1783082155633430016,0.001,-0.678348,-0.678348,-0.681216,0.000918064,0,0.5
1783082155634429952,0.001,0,0,-0.681215,0.000934579,0,0.5
1783082155635429888,0.001,-0.678348,-0.678348,-0.681213,0.000923734,0,0.5
1783082155636429824,0.001,-0.678348,-0.678348,-0.68121,0.000913518,0,0.5
1783082155637429760,0.001,0,0,-0.681209,0.000930032,0,0.5
1783082155638429696,0.001,-0.678348,-0.678348,-0.681207,0.000919433,0,0.5
1783082155639429632,0.001,-0.678348,-0.678348,-0.681204,0.000909446,0,0.5
1783082155640429568,0.001,-0.678348,-0.678348,-0.681202,0.000900028,0,0.5
1783082155641429504,0.001,-0.678348,-0.678348,-0.681199,0.000891141,0,0.5
1783082155642429440,0.001,-0.678348,-0.678348,-0.681196,0.00088275,0,0.5
1783082155643429376,0.001,0,0,-0.681195,0.000899264,0,0.5
1783082155644429312,0.001,-0.678348,-0.678348,-0.681193,0.000890398,0,0.5
1783082155645429248,0.001,-0.678348,-0.678348,-0.68119,0.000882027,0,0.5
1783082155646429184,0.001,0,0,-0.681189,0.00089854,0,0.5
1783082155647429120,0.001,-0.678348,-0.678348,-0.681187,0.000889694,0,0.5
1783082155648429056,0.001,-0.678348,-0.678348,-0.681184,0.000881341,0,0.5
1783082155649428992,0.001,-0.678348,-0.678348,-0.681182,0.000873449,0,0.5
1783082155650428928,0.001,0,0,-0.681181,0.000889963,0,0.5
1783082155651428864,0.001,-0.678348,-0.678348,-0.681178,0.000881573,0,0.5
1783082155652428800,0.001,-0.678348,-0.678348,-0.681176,0.000873647,0,0.5
1783082155653428736,0.001,0,0,-0.681175,0.00089016,0,0.5
1783082155654428672,0.001,-0.678348,-0.678348,-0.681172,0.000881739,0,0.5
1783082155655428608,0.001,0,0,-0.681171,0.000898252,0,0.5
1783082155656428544,0.001,-0.678348,-0.678348,-0.681169,0.000889359,0,0.5
1783082155657428480,0.001,-0.678348,-0.678348,-0.681166,0.000880963,0,0.5
1783082155658428416,0.001,0,0,-0.681165,0.000897476,0,0.5
1783082155659428352,0.001,-0.678348,-0.678348,-0.681162,0.000888608,0,0.5
1783082155660428288,0.001,-0.678348,-0.678348,-0.68116,0.000880235,0,0.5
1783082155661428224,0.001,-0.678348,-0.678348,-0.681157,0.000872325,0,0.5
1783082155662428160,0.001,-0.678348,-0.678348,-0.681155,0.000864848,0,0.5
1783082155663428096,0.001,-0.678348,-0.678348,-0.681152,0.000857776,0,0.5
1783082155664428032,0.001,-0.678348,-0.678348,-0.681149,0.000851084,0,0.5
1783082155665427968,0.001,-0.678348,-0.678348,-0.681147,0.000844747,0,0.5
1783082155666427904,0.001,-0.678348,-0.678348,-0.681144,0.000838745,0,0.5
1783082155667427840,0.001,-0.678348,-0.678348,-0.681141,0.000833057,0,0.5
1783082155668427776,0.001,-0.678348,-0.678348,-0.681139,0.000827664,0,0.5
1783082155669427712,0.001,-0.678348,-0.678348,-0.681136,0.000822548,0,0.5
1783082155670427648,0.001,-0.678348,-0.678348,-0.681133,0.000817693,0,0.5
1783082155671427584,0.001,-0.678348,-0.678348,-0.68113,0.000813084,0,0.5
1783082155672427520,0.001,-0.678348,-0.678348,-0.681128,0.000808707,0,0.5
1783082155673427456,0.001,-0.678348,-0.678348,-0.681125,0.000804549,0,0.5
1783082155674427392,0.001,0,0,-0.681124,0.000821061,0,0.5
1783082155675427328,0.001,0,0,-0.681123,0.000837572,0,0.5
1783082155676427264,0.001,0,0,-0.681123,0.000854083,0,0.5
1783082155677427200,0.001,0,0,-0.681122,0.000870595,0,0.5
1783082155678427136,0.001,0,0,-0.681121,0.000887106,0,0.5
1783082155679427072,0.001,0,0,-0.68112,0.000903617,0,0.5
1783082155680427008,0.001,0,0,-0.681119,0.000920129,0,0.5
1783082155681426944,0.001,0,0,-0.681118,0.00093664,0,0.5
1783082155682426880,0.001,0,0,-0.681117,0.000953152,0,0.5
1783082155683426816,0.001,0,0,-0.681116,0.000969663,0,0.5
1783082155684426752,0.001,0,0,-0.681115,0.000986174,0,0.5
1783082155685426688,0.001,0,0,-0.681114,0.00100269,0,0.5
1783082155686426624,0.001,0,0,-0.681113,0.0010192,0,0.5
1783082155687426560,0.001,0,0,-0.681112,0.00103571,0,0.5
1783082155688426496,0.001,0,0,-0.681111,0.00105222,0,0.5
1783082155689426432,0.001,0,0,-0.68111,0.00106873,0,0.5
1783082155690426368,0.001,0,0,-0.681109,0.00108524,0,0.5
1783082155691426304,0.001,0,0,-0.681108,0.00110175,0,0.5
1783082155692426240,0.001,0,0,-0.681107,0.00111827,0,0.5
1783082155693426176,0.001,0,0,-0.681106,0.00113478,0,0.5
1783082155694426112,0.001,0,0,-0.681104,0.00115129,0,0.5
1783082155695426048,0.001,0,0,-0.681103,0.0011678,0,0.5
1783082155696425984,0.001,0,0,-0.681102,0.00118431,0,0.5
1783082155697425920,0.001,0,0,-0.681101,0.00120082,0,0.5
1783082155698425856,0.001,0,0,-0.6811,0.00121733,0,0.5
1783082155699425792,0.001,0,0,-0.681099,0.00123384,0,0.5
1783082155700425728,0.001,0,0,-0.681097,0.00125036,0,0.5
1783082155701425664,0.001,0,0,-0.681096,0.00126687,0,0.5
1783082155702425600,0.001,0,0,-0.681095,0.00128338,0,0.5
1783082155703425536,0.001,0,0,-0.681093,0.00129989,0,0.5
1783082155704425472,0.001,0,0,-0.681092,0.0013164,0,0.5
1783082155705425408,0.001,0,0,-0.681091,0.00133291,0,0.5
1783082155706425344,0.001,0,0,-0.681089,0.00134942,0,0.5
1783082155707425280,0.001,0,0,-0.681088,0.00136594,0,0.5
1783082155708425216,0.001,0,0,-0.681087,0.00138245,0,0.5
1783082155709425152,0.001,0,0,-0.681085,0.00139896,0,0.5
1783082155710425088,0.001,0,0,-0.681084,0.00141547,0,0.5
1783082155711425024,0.001,0,0,-0.681083,0.00143198,0,0.5
1783082155712424960,0.001,0,0,-0.681081,0.00144849,0,0.5
1783082155713424896,0.001,0,0,-0.68108,0.001465,0,0.5
1783082155714424832,0.001,0,0,-0.681078,0.00148152,0,0.5
1783082155715424768,0.001,0,0,-0.681077,0.00149803,0,0.5
1783082155716424704,0.001,0,0,-0.681075,0.00151454,0,0.5
1783082155717424640,0.001,0,0,-0.681074,0.00153105,0,0.5
1783082155718424576,0.001,0,0,-0.681072,0.00154756,0,0.5
1783082155719424512,0.001,0,0,-0.681071,0.00156407,0,0.5
1783082155720424448,0.001,0,0,-0.681069,0.00158058,0,0.5
1783082155721424384,0.001,0,0,-0.681067,0.0015971,0,0.5
1783082155722424320,0.001,0,0,-0.681066,0.00161361,0,0.5
1783082155723424256,0.001,0,0,-0.681064,0.00163012,0,0.5
1783082155724424192,0.001,0,0,-0.681063,0.00164663,0,0.5
1783082155725424128,0.001,0,0,-0.681061,0.00166314,0,0.5
1783082155726424064,0.001,0,0,-0.681059,0.00167965,0,0.5
1783082155727424000,0.001,0,0,-0.681058,0.00169616,0,0.5
1783082155728423936,0.001,0,0,-0.681056,0.00171267,0,0.5
1783082155729423872,0.001,0,0,-0.681054,0.00172919,0,0.5
1783082155730423808,0.001,0,0,-0.681052,0.0017457,0,0.5
1783082155731423744,0.001,0,0,-0.681051,0.00176221,0,0.5
1783082155732423680,0.001,0,0,-0.681049,0.00177872,0,0.5
1783082155733423616,0.001,0,0,-0.681047,0.00179523,0,0.5
1783082155734423552,0.001,0,0,-0.681045,0.00181174,0,0.5
1783082155735423488,0.001,0,0,-0.681043,0.00182825,0,0.5
1783082155736423424,0.001,0,0,-0.681042,0.00184477,0,0.5
1783082155737423360,0.001,0,0,-0.68104,0.00186128,0,0.5
1783082155738423296,0.001,0,0,-0.681038,0.00187779,0,0.5
1783082155739423232,0.001,0,0,-0.681036,0.0018943,0,0.5
1783082155740423168,0.001,0,0,-0.681034,0.00191081,0,0.5
1783082155741423104,0.001,0,0,-0.681032,0.00192732,0,0.5
1783082155742423040,0.001,0,0,-0.68103,0.00194383,0,0.5
1783082155743422976,0.001,0,0,-0.681028,0.00196035,0,0.5
1783082155744422912,0.001,0,0,-0.681026,0.00197686,0,0.5
1783082155745422848,0.001,0,0,-0.681024,0.00199337,0,0.5
1783082155746422784,0.001,0,0,-0.681022,0.00200988,0,0.5
1783082155747422720,0.001,0,0,-0.68102,0.00202639,0,0.5
1783082155748422656,0.001,0,0,-0.681018,0.0020429,0,0.5
1783082155749422592,0.001,0,0,-0.681016,0.00205941,0,0.5
1783082155750422528,0.001,-0.678348,-0.678348,-0.681021,0.00194396,0,0.5
1783082155751422464,0.001,-0.678348,-0.678348,-0.681024,0.00184266,0,0.5
1783082155752422400,0.001,0,0,-0.681023,0.00185917,0,0.5
1783082155753422336,0.001,-0.678348,-0.678348,-0.681026,0.0017678,0,0.5
1783082155754422272,0.001,0,0,-0.681024,0.00178431,0,0.5
1783082155755422208,0.001,-0.678348,-0.678348,-0.681026,0.00170136,0,0.5
1783082155756422144,0.001,0,0,-0.681025,0.00171787,0,0.5
1783082155757422080,0.001,-0.678348,-0.678348,-0.681027,0.00164213,0,0.5
1783082155758422016,0.001,0,0,-0.681025,0.00165864,0,0.5
1783082155759421952,0.001,-0.678348,-0.678348,-0.681027,0.00158911,0,0.5
1783082155760421888,0.001,-0.678348,-0.678348,-0.681028,0.00152659,0,0.5
1783082155761421824,0.001,0,0,-0.681027,0.0015431,0,0.5
1783082155762421760,0.001,-0.678348,-0.678348,-0.681028,0.00148507,0,0.5
1783082155763421696,0.001,0,0,-0.681026,0.00150158,0,0.5
1783082155764421632,0.001,-0.678348,-0.678348,-0.681027,0.0014475,0,0.5
1783082155765421568,0.001,0,0,-0.681026,0.00146401,0,0.5
1783082155766421504,0.001,-0.678348,-0.678348,-0.681026,0.00141341,0,0.5
1783082155767421440,0.001,0,0,-0.681025,0.00142992,0,0.5
1783082155768421376,0.001,-0.678348,-0.678348,-0.681025,0.00138241,0,0.5
1783082155769421312,0.001,0,0,-0.681024,0.00139892,0,0.5
1783082155770421248,0.001,-0.678348,-0.678348,-0.681024,0.00135415,0,0.5
1783082155771421184,0.001,0,0,-0.681023,0.00137066,0,0.5
1783082155772421120,0.001,-0.678348,-0.678348,-0.681023,0.00132834,0,0.5
1783082155773421056,0.001,-0.678348,-0.678348,-0.681023,0.0012896,0,0.5
1783082155774420992,0.001,0,0,-0.681021,0.00130611,0,0.5
1783082155775420928,0.001,-0.678348,-0.678348,-0.681021,0.00126921,0,0.5
1783082155776420864,0.001,0,0,-0.68102,0.00128572,0,0.5
1783082155777420800,0.001,-0.678348,-0.678348,-0.681019,0.00125047,0,0.5
1783082155778420736,0.001,0,0,-0.681018,0.00126698,0,0.5
1783082155779420672,0.001,-0.678348,-0.678348,-0.681018,0.00123323,0,0.5
1783082155780420608,0.001,-0.678348,-0.678348,-0.681017,0.00120213,0,0.5
1783082155781420544,0.001,-0.678348,-0.678348,-0.681016,0.00117341,0,0.5
1783082155782420480,0.001,0,0,-0.681015,0.00118992,0,0.5
1783082155783420416,0.001,-0.678348,-0.678348,-0.681014,0.00116211,0,0.5
1783082155784420352,0.001,0,0,-0.681013,0.00117862,0,0.5
1783082155785420288,0.001,-0.678348,-0.678348,-0.681012,0.00115165,0,0.5
1783082155786420224,0.001,0,0,-0.681011,0.00116815,0,0.5
1783082155787420160,0.001,-0.678348,-0.678348,-0.68101,0.00114195,0,0.5
1783082155788420096,0.001,0,0,-0.681009,0.00115845,0,0.5
1783082155789420032,0.001,-0.678348,-0.678348,-0.681008,0.00113295,0,0.5
1783082155790419968,0.001,0,0,-0.681007,0.00114946,0,0.5
1783082155791419904,0.001,-0.678348,-0.678348,-0.681006,0.0011246,0,0.5
1783082155792419840,0.001,0,0,-0.681004,0.00114111,0,0.5
1783082155793419776,0.001,-0.678348,-0.678348,-0.681003,0.00111685,0,0.5
1783082155794419712,0.001,0,0,-0.681002,0.00113335,0,0.5
1783082155795419648,0.001,0,0,-0.681001,0.00114986,0,0.5
1783082155796419584,0.001,-0.678348,-0.678348,-0.681,0.00112496,0,0.5
1783082155797419520,0.001,0,0,-0.680999,0.00114146,0,0.5
1783082155798419456,0.001,-0.678348,-0.678348,-0.680998,0.00111716,0,0.5
1783082155799419392,0.001,0,0,-0.680996,0.00113366,0,0.5
1783082155800419328,0.001,-0.678348,-0.678348,-0.680995,0.00110991,0,0.5
1783082155801419264,0.001,-0.678348,-0.678348,-0.680994,0.00108784,0,0.5
1783082155802419200,0.001,-0.678348,-0.678348,-0.680993,0.00106728,0,0.5
1783082155803419136,0.001,0,0,-0.680992,0.00108379,0,0.5
1783082155804419072,0.001,-0.678348,-0.678348,-0.68099,0.0010635,0,0.5
1783082155805419008,0.001,-0.678348,-0.678348,-0.680989,0.00104458,0,0.5
1783082155806418944,0.001,0,0,-0.680988,0.00106108,0,0.5
1783082155807418880,0.001,-0.678348,-0.678348,-0.680986,0.00104232,0,0.5
1783082155808418816,0.001,0,0,-0.680985,0.00105882,0,0.5
1783082155809418752,0.001,-0.678348,-0.678348,-0.680983,0.00104019,0,0.5
1783082155810418688,0.001,-0.678348,-0.678348,-0.680982,0.0010228,0,0.5
1783082155811418624,0.001,0,0,-0.680981,0.0010393,0,0.5
1783082155812418560,0.001,-0.678348,-0.678348,-0.680979,0.00102195,0,0.5
1783082155813418496,0.001,0,0,-0.680978,0.00103845,0,0.5
1783082155814418432,0.001,-0.678348,-0.678348,-0.680977,0.00102114,0,0.5
1783082155815418368,0.001,0,0,-0.680976,0.00103764,0,0.5
1783082155816418304,0.001,-0.678348,-0.678348,-0.680974,0.00102038,0,0.5
1783082155817418240,0.001,0,0,-0.680973,0.00103688,0,0.5
1783082155818418176,0.001,-0.678348,-0.678348,-0.680971,0.00101965,0,0.5
1783082155819418112,0.001,-0.678348,-0.678348,-0.680969,0.00100354,0,0.5
1783082155820418048,0.001,0,0,-0.680968,0.00102004,0,0.5
1783082155821417984,0.001,-0.678348,-0.678348,-0.680967,0.00100389,0,0.5
1783082155822417920,0.001,0,0,-0.680966,0.00102039,0,0.5
1783082155823417856,0.001,0,0,-0.680965,0.00103689,0,0.5
1783082155824417792,0.001,-0.678348,-0.678348,-0.680963,0.00101963,0,0.5
1783082155825417728,0.001,-0.678348,-0.678348,-0.680961,0.00100348,0,0.5
1783082155826417664,0.001,-0.678348,-0.678348,-0.680959,0.000988356,0,0.5
1783082155827417600,0.001,-0.678348,-0.678348,-0.680958,0.000974179,0,0.5
1783082155828417536,0.001,-0.678348,-0.678348,-0.680956,0.000960875,0,0.5
1783082155829417472,0.001,-0.678348,-0.678348,-0.680954,0.000948378,0,0.5
1783082155830417408,0.001,0,0,-0.680953,0.000964879,0,0.5
1783082155831417344,0.001,-0.678348,-0.678348,-0.680951,0.000952124,0,0.5
1783082155832417280,0.001,0,0,-0.68095,0.000968624,0,0.5
1783082155833417216,0.001,-0.678348,-0.678348,-0.680948,0.000955628,0,0.5
1783082155834417152,0.001,0,0,-0.680947,0.000972128,0,0.5
1783082155835417088,0.001,0,0,-0.680946,0.000988628,0,0.5
1783082155836417024,0.001,-0.678348,-0.678348,-0.680944,0.000974373,0,0.5
1783082155837416960,0.001,0,0,-0.680943,0.000990873,0,0.5
1783082155838416896,0.001,-0.678348,-0.678348,-0.680941,0.000976466,0,0.5
1783082155839416832,0.001,-0.678348,-0.678348,-0.680939,0.000962948,0,0.5
1783082155840416768,0.001,0,0,-0.680938,0.000979448,0,0.5
1783082155841416704,0.001,-0.678348,-0.678348,-0.680936,0.000965734,0,0.5
1783082155842416640,0.001,0,0,-0.680935,0.000982233,0,0.5
1783082155843416576,0.001,-0.678348,-0.678348,-0.680934,0.000968334,0,0.5
1783082155844416512,0.001,0,0,-0.680933,0.000984833,0,0.5
1783082155845416448,0.001,-0.678348,-0.678348,-0.680931,0.000970759,0,0.5
1783082155846416384,0.001,0,0,-0.68093,0.000987259,0,0.5
1783082155847416320,0.001,-0.678348,-0.678348,-0.680928,0.000973022,0,0.5
1783082155848416256,0.001,0,0,-0.680927,0.000989521,0,0.5
1783082155849416192,0.001,-0.678348,-0.678348,-0.680925,0.000975131,0,0.5
1783082155850416128,0.001,0,0,-0.680924,0.000991629,0,0.5
1783082155851416064,0.001,0,0,-0.680923,0.00100813,0,0.5
1783082155852416000,0.001,-0.678348,-0.678348,-0.680921,0.000992545,0,0.5
1783082155853415936,0.001,-0.678348,-0.678348,-0.680919,0.000977943,0,0.5
1783082155854415872,0.001,0,0,-0.680918,0.000994442,0,0.5
1783082155855415808,0.001,-0.678348,-0.678348,-0.680916,0.000979709,0,0.5
1783082155856415744,0.001,0,0,-0.680915,0.000996208,0,0.5
1783082155857415680,0.001,-0.678348,-0.678348,-0.680913,0.000981353,0,0.5
1783082155858415616,0.001,0,0,-0.680912,0.000997851,0,0.5
1783082155859415552,0.001,-0.678348,-0.678348,-0.68091,0.000982882,0,0.5
1783082155860415488,0.001,0,0,-0.680909,0.00099938,0,0.5
1783082155861415424,0.001,-0.678348,-0.678348,-0.680907,0.000984304,0,0.5
1783082155862415360,0.001,0,0,-0.680906,0.0010008,0,0.5
1783082155863415296,0.001,-0.678348,-0.678348,-0.680905,0.000985625,0,0.5
1783082155864415232,0.001,0,0,-0.680904,0.00100212,0,0.5
1783082155865415168,0.001,-0.678348,-0.678348,-0.680902,0.000986852,0,0.5
1783082155866415104,0.001,0,0,-0.680901,0.00100335,0,0.5
1783082155867415040,0.001,-0.678348,-0.678348,-0.680899,0.000987992,0,0.5
1783082155868414976,0.001,0,0,-0.680898,0.00100449,0,0.5
1783082155869414912,0.001,-0.678348,-0.678348,-0.680896,0.000989048,0,0.5
1783082155870414848,0.001,-0.678348,-0.678348,-0.680894,0.000974578,0,0.5
1783082155871414784,0.001,-0.678348,-0.678348,-0.680892,0.000961004,0,0.5
1783082155872414720,0.001,-0.678348,-0.678348,-0.68089,0.000948259,0,0.5
1783082155873414656,0.001,0,0,-0.680889,0.000964756,0,0.5
1783082155874414592,0.001,-0.678348,-0.678348,-0.680887,0.00095177,0,0.5
1783082155875414528,0.001,0,0,-0.680886,0.000968267,0,0.5
1783082155876414464,0.001,-0.678348,-0.678348,-0.680884,0.000955055,0,0.5
1783082155877414400,0.001,0,0,-0.680883,0.000971552,0,0.5
1783082155878414336,0.001,-0.678348,-0.678348,-0.680881,0.000958128,0,0.5
1783082155879414272,0.001,-0.678348,-0.678348,-0.680879,0.000945521,0,0.5
1783082155880414208,0.001,-0.678348,-0.678348,-0.680877,0.000933671,0,0.5
1783082155881414144,0.001,-0.678348,-0.678348,-0.680875,0.000922524,0,0.5
1783082155882414080,0.001,-0.678348,-0.678348,-0.680873,0.000912028,0,0.5
1783082155883414016,0.001,-0.678348,-0.678348,-0.680871,0.000902139,0,0.5
1783082155884413952,0.001,-0.678348,-0.678348,-0.680868,0.000892815,0,0.5
1783082155885413888,0.001,-0.678348,-0.678348,-0.680866,0.000884018,0,0.5
1783082155886413824,0.001,-0.678348,-0.678348,-0.680864,0.000875712,0,0.5
1783082155887413760,0.001,-0.678348,-0.678348,-0.680862,0.000867865,0,0.5
1783082155888413696,0.001,-0.678348,-0.678348,-0.68086,0.000860448,0,0.5
1783082155889413632,0.001,-0.678348,-0.678348,-0.680857,0.000853433,0,0.5
1783082155890413568,0.001,-0.678348,-0.678348,-0.680855,0.000846794,0,0.5
1783082155891413504,0.001,-0.678348,-0.678348,-0.680853,0.000840509,0,0.5
1783082155892413440,0.001,-0.678348,-0.678348,-0.68085,0.000834555,0,0.5
1783082155893413376,0.001,-0.678348,-0.678348,-0.680848,0.000828913,0,0.5
1783082155894413312,0.001,-0.678348,-0.678348,-0.680846,0.000823563,0,0.5
1783082155895413248,0.001,-0.678348,-0.678348,-0.680843,0.000818488,0,0.5
1783082155896413184,0.001,-0.678348,-0.678348,-0.680841,0.000813673,0,0.5
1783082155897413120,0.001,-0.678348,-0.678348,-0.680839,0.000809102,0,0.5
1783082155898413056,0.001,-0.678348,-0.678348,-0.680836,0.000804761,0,0.5
1783082155899412992,0.001,-0.678348,-0.678348,-0.680834,0.000800637,0,0.5
1783082155900412928,0.001,0,0,-0.680833,0.000817131,0,0.5
1783082155901412864,0.001,0,0,-0.680832,0.000833625,0,0.5
1783082155902412800,0.001,0,0,-0.680831,0.000850119,0,0.5
1783082155903412736,0.001,0,0,-0.680831,0.000866614,0,0.5
1783082155904412672,0.001,0,0,-0.68083,0.000883108,0,0.5
1783082155905412608,0.001,0,0,-0.680829,0.000899602,0,0.5
1783082155906412544,0.001,0,0,-0.680828,0.000916096,0,0.5
1783082155907412480,0.001,0,0,-0.680827,0.000932591,0,0.5
1783082155908412416,0.001,0,0,-0.680826,0.000949085,0,0.5
1783082155909412352,0.001,0,0,-0.680825,0.000965579,0,0.5
1783082155910412288,0.001,0,0,-0.680824,0.000982073,0,0.5
1783082155911412224,0.001,0,0,-0.680823,0.000998568,0,0.5
1783082155912412160,0.001,0,0,-0.680822,0.00101506,0,0.5
1783082155913412096,0.001,0,0,-0.680821,0.00103156,0,0.5
1783082155914412032,0.001,0,0,-0.68082,0.00104805,0,0.5
1783082155915411968,0.001,0,0,-0.680819,0.00106454,0,0.5
1783082155916411904,0.001,0,0,-0.680818,0.00108104,0,0.5
1783082155917411840,0.001,0,0,-0.680817,0.00109753,0,0.5
1783082155918411776,0.001,0,0,-0.680816,0.00111403,0,0.5
1783082155919411712,0.001,0,0,-0.680815,0.00113052,0,0.5
1783082155920411648,0.001,0,0,-0.680813,0.00114702,0,0.5
1783082155921411584,0.001,0,0,-0.680812,0.00116351,0,0.5
1783082155922411520,0.001,0,0,-0.680811,0.00118,0,0.5
1783082155923411456,0.001,0,0,-0.68081,0.0011965,0,0.5
1783082155924411392,0.001,0,0,-0.680809,0.00121299,0,0.5
1783082155925411328,0.001,0,0,-0.680808,0.00122949,0,0.5
1783082155926411264,0.001,0,0,-0.680806,0.00124598,0,0.5
1783082155927411200,0.001,0,0,-0.680805,0.00126248,0,0.5
1783082155928411136,0.001,0,0,-0.680804,0.00127897,0,0.5
1783082155929411072,0.001,0,0,-0.680803,0.00129546,0,0.5
1783082155930411008,0.001,0,0,-0.680801,0.00131196,0,0.5
1783082155931410944,0.001,0,0,-0.6808,0.00132845,0,0.5
1783082155932410880,0.001,0,0,-0.680799,0.00134495,0,0.5
1783082155933410816,0.001,0,0,-0.680797,0.00136144,0,0.5
1783082155934410752,0.001,0,0,-0.680796,0.00137794,0,0.5
1783082155935410688,0.001,0,0,-0.680794,0.00139443,0,0.5
1783082155936410624,0.001,0,0,-0.680793,0.00141092,0,0.5
1783082155937410560,0.001,0,0,-0.680792,0.00142742,0,0.5
1783082155938410496,0.001,0,0,-0.68079,0.00144391,0,0.5
1783082155939410432,0.001,0,0,-0.680789,0.00146041,0,0.5
1783082155940410368,0.001,0,0,-0.680787,0.0014769,0,0.5
1783082155941410304,0.001,0,0,-0.680786,0.0014934,0,0.5
1783082155942410240,0.001,0,0,-0.680784,0.00150989,0,0.5
1783082155943410176,0.001,0,0,-0.680783,0.00152638,0,0.5
1783082155944410112,0.001,0,0,-0.680781,0.00154288,0,0.5
1783082155945410048,0.001,0,0,-0.68078,0.00155937,0,0.5
1783082155946409984,0.001,0,0,-0.680778,0.00157587,0,0.5
1783082155947409920,0.001,0,0,-0.680777,0.00159236,0,0.5
1783082155948409856,0.001,0,0,-0.680775,0.00160885,0,0.5
1783082155949409792,0.001,0,0,-0.680773,0.00162535,0,0.5
1783082155950409728,0.001,0,0,-0.680772,0.00164184,0,0.5
1783082155951409664,0.001,0,0,-0.68077,0.00165834,0,0.5
1783082155952409600,0.001,0,0,-0.680768,0.00167483,0,0.5
1783082155953409536,0.001,0,0,-0.680767,0.00169133,0,0.5
1783082155954409472,0.001,0,0,-0.680765,0.00170782,0,0.5
1783082155955409408,0.001,0,0,-0.680763,0.00172431,0,0.5
1783082155956409344,0.001,0,0,-0.680762,0.00174081,0,0.5
1783082155957409280,0.001,0,0,-0.68076,0.0017573,0,0.5
1783082155958409216,0.001,0,0,-0.680758,0.0017738,0,0.5
1783082155959409152,0.001,0,0,-0.680756,0.00179029,0,0.5
1783082155960409088,0.001,0,0,-0.680754,0.00180679,0,0.5
1783082155961409024,0.001,0,0,-0.680753,0.00182328,0,0.5
1783082155962408960,0.001,0,0,-0.680751,0.00183977,0,0.5
1783082155963408896,0.001,0,0,-0.680749,0.00185627,0,0.5
1783082155964408832,0.001,0,0,-0.680747,0.00187276,0,0.5
1783082155965408768,0.001,0,0,-0.680745,0.00188926,0,0.5
1783082155966408704,0.001,0,0,-0.680743,0.00190575,0,0.5
1783082155967408640,0.001,0,0,-0.680741,0.00192225,0,0.5
1783082155968408576,0.001,0,0,-0.680739,0.00193874,0,0.5
1783082155969408512,0.001,0,0,-0.680737,0.00195523,0,0.5
1783082155970408448,0.001,0,0,-0.680736,0.00197173,0,0.5
1783082155971408384,0.001,0,0,-0.680734,0.00198822,0,0.5
1783082155972408320,0.001,0,0,-0.680732,0.00200472,0,0.5
1783082155973408256,0.001,0,0,-0.68073,0.00202121,0,0.5
1783082155974408192,0.001,0,0,-0.680727,0.00203771,0,0.5
1783082155975408128,0.001,0,0,-0.680725,0.0020542,0,0.5
1783082155976408064,0.001,0,0,-0.680723,0.00207069,0,0.5
1783082155977408000,0.001,0,0,-0.680721,0.00208719,0,0.5
1783082155978407936,0.001,0,0,-0.680719,0.00210368,0,0.5
1783082155979407872,0.001,-0.678348,-0.678348,-0.680725,0.00198204,0,0.5
1783082155980407808,0.001,0,0,-0.680723,0.00199853,0,0.5
1783082155981407744,0.001,-0.678348,-0.678348,-0.680727,0.00189012,0,0.5
1783082155982407680,0.001,0,0,-0.680726,0.00190661,0,0.5
1783082155983407616,0.001,-0.678348,-0.678348,-0.68073,0.00180924,0,0.5
1783082155984407552,0.001,0,0,-0.680728,0.00182574,0,0.5
1783082155985407488,0.001,-0.678348,-0.678348,-0.680731,0.0017377,0,0.5
1783082155986407424,0.001,0,0,-0.68073,0.00175419,0,0.5
1783082155987407360,0.001,-0.678348,-0.678348,-0.680732,0.00167409,0,0.5
1783082155988407296,0.001,0,0,-0.680731,0.00169058,0,0.5
1783082155989407232,0.001,-0.678348,-0.678348,-0.680733,0.00161728,0,0.5
1783082155990407168,0.001,0,0,-0.680732,0.00163377,0,0.5
1783082155991407104,0.001,-0.678348,-0.678348,-0.680734,0.00156636,0,0.5
1783082155992407040,0.001,0,0,-0.680732,0.00158285,0,0.5
1783082155993406976,0.001,-0.678348,-0.678348,-0.680734,0.00152055,0,0.5
1783082155994406912,0.001,0,0,-0.680733,0.00153704,0,0.5
1783082155995406848,0.001,-0.678348,-0.678348,-0.680734,0.0014792,0,0.5
1783082155996406784,0.001,0,0,-0.680733,0.00149569,0,0.5
1783082155997406720,0.001,-0.678348,-0.678348,-0.680734,0.00144177,0,0.5
1783082155998406656,0.001,0,0,-0.680732,0.00145826,0,0.5
1783082155999406592,0.001,-0.678348,-0.678348,-0.680734,0.00140781,0,0.5
1783082156000406528,0.001,-0.678348,-0.678348,-0.680734,0.0013619,0,0.5
1783082156001406464,0.001,-0.678348,-0.678348,-0.680735,0.00131997,0,0.5
1783082156002406400,0.001,-0.678348,-0.678348,-0.680735,0.00128157,0,0.5
1783082156003406336,0.001,0,0,-0.680734,0.00129806,0,0.5
1783082156004406272,0.001,-0.678348,-0.678348,-0.680734,0.00126147,0,0.5
1783082156005406208,0.001,0,0,-0.680733,0.00127796,0,0.5
1783082156006406144,0.001,-0.678348,-0.678348,-0.680733,0.00124299,0,0.5
1783082156007406080,0.001,0,0,-0.680731,0.00125948,0,0.5
1783082156008406016,0.001,-0.678348,-0.678348,-0.680731,0.00122599,0,0.5
1783082156009405952,0.001,-0.678348,-0.678348,-0.680731,0.00119512,0,0.5
1783082156010405888,0.001,-0.678348,-0.678348,-0.680731,0.00116661,0,0.5
1783082156011405824,0.001,0,0,-0.68073,0.0011831,0,0.5
1783082156012405760,0.001,-0.678348,-0.678348,-0.680729,0.00115548,0,0.5
1783082156013405696,0.001,-0.678348,-0.678348,-0.680728,0.0011299,0,0.5
1783082156014405632,0.001,0,0,-0.680727,0.00114639,0,0.5
1783082156015405568,0.001,-0.678348,-0.678348,-0.680727,0.00112146,0,0.5
1783082156016405504,0.001,-0.678348,-0.678348,-0.680726,0.00109831,0,0.5
1783082156017405440,0.001,0,0,-0.680725,0.0011148,0,0.5
1783082156018405376,0.001,-0.678348,-0.678348,-0.680724,0.00109212,0,0.5
1783082156019405312,0.001,0,0,-0.680723,0.00110861,0,0.5
1783082156020405248,0.001,-0.678348,-0.678348,-0.680722,0.00108635,0,0.5
1783082156021405184,0.001,0,0,-0.680721,0.00110284,0,0.5
1783082156022405120,0.001,-0.678348,-0.678348,-0.68072,0.00108098,0,0.5
1783082156023405056,0.001,-0.678348,-0.678348,-0.680719,0.00106062,0,0.5
1783082156024404992,0.001,-0.678348,-0.678348,-0.680718,0.00104164,0,0.5
1783082156025404928,0.001,-0.678348,-0.678348,-0.680716,0.00102392,0,0.5
1783082156026404864,0.001,-0.678348,-0.678348,-0.680715,0.00100735,0,0.5
1783082156027404800,0.001,0,0,-0.680714,0.00102384,0,0.5
1783082156028404736,0.001,-0.678348,-0.678348,-0.680713,0.00100726,0,0.5
1783082156029404672,0.001,0,0,-0.680712,0.00102375,0,0.5
1783082156030404608,0.001,-0.678348,-0.678348,-0.680711,0.00100716,0,0.5
1783082156031404544,0.001,-0.678348,-0.678348,-0.680709,0.000991645,0,0.5
1783082156032404480,0.001,0,0,-0.680708,0.00100813,0,0.5
1783082156033404416,0.001,-0.678348,-0.678348,-0.680707,0.000992536,0,0.5
1783082156034404352,0.001,0,0,-0.680706,0.00100902,0,0.5
1783082156035404288,0.001,-0.678348,-0.678348,-0.680704,0.000993358,0,0.5
1783082156036404224,0.001,0,0,-0.680703,0.00100984,0,0.5
1783082156037404160,0.001,-0.678348,-0.678348,-0.680702,0.000994115,0,0.5
1783082156038404096,0.001,0,0,-0.680701,0.0010106,0,0.5
1783082156039404032,0.001,-0.678348,-0.678348,-0.6807,0.00099481,0,0.5
1783082156040403968,0.001,0,0,-0.680699,0.00101129,0,0.5
1783082156041403904,0.001,-0.678348,-0.678348,-0.680697,0.000995449,0,0.5
1783082156042403840,0.001,0,0,-0.680696,0.00101193,0,0.5
1783082156043403776,0.001,-0.678348,-0.678348,-0.680695,0.000996034,0,0.5
1783082156044403712,0.001,0,0,-0.680694,0.00101252,0,0.5
1783082156045403648,0.001,-0.678348,-0.678348,-0.680692,0.00099657,0,0.5
1783082156046403584,0.001,0,0,-0.680691,0.00101305,0,0.5
1783082156047403520,0.001,-0.678348,-0.678348,-0.68069,0.000997059,0,0.5
1783082156048403456,0.001,0,0,-0.680689,0.00101354,0,0.5
1783082156049403392,0.001,-0.678348,-0.678348,-0.680688,0.000997505,0,0.5
1783082156050403328,0.001,-0.678348,-0.678348,-0.680686,0.000982484,0,0.5
1783082156051403264,0.001,0,0,-0.680685,0.000998968,0,0.5
1783082156052403200,0.001,-0.678348,-0.678348,-0.680683,0.000983842,0,0.5
1783082156053403136,0.001,0,0,-0.680683,0.00100033,0,0.5
1783082156054403072,0.001,-0.678348,-0.678348,-0.680681,0.000985101,0,0.5
1783082156055403008,0.001,-0.678348,-0.678348,-0.680679,0.000970831,0,0.5
1783082156056402944,0.001,0,0,-0.680678,0.000987314,0,0.5
1783082156057402880,0.001,-0.678348,-0.678348,-0.680677,0.000972893,0,0.5
1783082156058402816,0.001,0,0,-0.680676,0.000989376,0,0.5
1783082156059402752,0.001,-0.678348,-0.678348,-0.680674,0.000974813,0,0.5
1783082156060402688,0.001,0,0,-0.680673,0.000991296,0,0.5
1783082156061402624,0.001,-0.678348,-0.678348,-0.680672,0.000976601,0,0.5
1783082156062402560,0.001,0,0,-0.680671,0.000993084,0,0.5
1783082156063402496,0.001,-0.678348,-0.678348,-0.680669,0.000978264,0,0.5
1783082156064402432,0.001,0,0,-0.680668,0.000994746,0,0.5
1783082156065402368,0.001,-0.678348,-0.678348,-0.680667,0.00097981,0,0.5
1783082156066402304,0.001,0,0,-0.680666,0.000996292,0,0.5
1783082156067402240,0.001,0,0,-0.680665,0.00101277,0,0.5
1783082156068402176,0.001,-0.678348,-0.678348,-0.680663,0.000996672,0,0.5
1783082156069402112,0.001,0,0,-0.680662,0.00101315,0,0.5
1783082156070402048,0.001,-0.678348,-0.678348,-0.680661,0.000997016,0,0.5
1783082156071401984,0.001,-0.678348,-0.678348,-0.680659,0.000981903,0,0.5
1783082156072401920,0.001,0,0,-0.680658,0.000998385,0,0.5
1783082156073401856,0.001,-0.678348,-0.678348,-0.680657,0.000983175,0,0.5
1783082156074401792,0.001,0,0,-0.680656,0.000999657,0,0.5
1783082156075401728,0.001,-0.678348,-0.678348,-0.680654,0.000984355,0,0.5
1783082156076401664,0.001,0,0,-0.680653,0.00100084,0,0.5
1783082156077401600,0.001,-0.678348,-0.678348,-0.680651,0.000985449,0,0.5
1783082156078401536,0.001,-0.678348,-0.678348,-0.68065,0.000971028,0,0.5
1783082156079401472,0.001,0,0,-0.680649,0.000987509,0,0.5
1783082156080401408,0.001,-0.678348,-0.678348,-0.680647,0.000972948,0,0.5
1783082156081401344,0.001,0,0,-0.680646,0.00098943,0,0.5
1783082156082401280,0.001,-0.678348,-0.678348,-0.680645,0.000974737,0,0.5
1783082156083401216,0.001,-0.678348,-0.678348,-0.680643,0.000960958,0,0.5
1783082156084401152,0.001,-0.678348,-0.678348,-0.680641,0.000948022,0,0.5
1783082156085401088,0.001,0,0,-0.68064,0.000964503,0,0.5
1783082156086401024,0.001,-0.678348,-0.678348,-0.680639,0.000951339,0,0.5
1783082156087400960,0.001,-0.678348,-0.678348,-0.680637,0.000938973,0,0.5
1783082156088400896,0.001,0,0,-0.680636,0.000955454,0,0.5
1783082156089400832,0.001,-0.678348,-0.678348,-0.680634,0.000942827,0,0.5
1783082156090400768,0.001,0,0,-0.680633,0.000959307,0,0.5
1783082156091400704,0.001,-0.678348,-0.678348,-0.680631,0.000946434,0,0.5
1783082156092400640,0.001,0,0,-0.680631,0.000962914,0,0.5
1783082156093400576,0.001,-0.678348,-0.678348,-0.680629,0.000949809,0,0.5
1783082156094400512,0.001,-0.678348,-0.678348,-0.680627,0.000937498,0,0.5
1783082156095400448,0.001,0,0,-0.680626,0.000953978,0,0.5
1783082156096400384,0.001,-0.678348,-0.678348,-0.680624,0.000941403,0,0.5
1783082156097400320,0.001,0,0,-0.680623,0.000957883,0,0.5
1783082156098400256,0.001,-0.678348,-0.678348,-0.680622,0.00094506,0,0.5
1783082156099400192,0.001,0,0,-0.680621,0.00096154,0,0.5
1783082156100400128,0.001,-0.678348,-0.678348,-0.680619,0.000948482,0,0.5
1783082156101400064,0.001,0,0,-0.680618,0.000964962,0,0.5
1783082156102400000,0.001,-0.678348,-0.678348,-0.680616,0.000951684,0,0.5
1783082156103399936,0.001,-0.678348,-0.678348,-0.680615,0.000939214,0,0.5
1783082156104399872,0.001,-0.678348,-0.678348,-0.680613,0.000927491,0,0.5
1783082156105399808,0.001,0,0,-0.680612,0.00094397,0,0.5
1783082156106399744,0.001,-0.678348,-0.678348,-0.68061,0.000931951,0,0.5
1783082156107399680,0.001,0,0,-0.680609,0.00094843,0,0.5
1783082156108399616,0.001,-0.678348,-0.678348,-0.680607,0.000936131,0,0.5
1783082156109399552,0.001,-0.678348,-0.678348,-0.680606,0.000924568,0,0.5
1783082156110399488,0.001,-0.678348,-0.678348,-0.680604,0.000913687,0,0.5
1783082156111399424,0.001,-0.678348,-0.678348,-0.680602,0.00090344,0,0.5
1783082156112399360,0.001,-0.678348,-0.678348,-0.6806,0.000893783,0,0.5
1783082156113399296,0.001,0,0,-0.680599,0.000910261,0,0.5
1783082156114399232,0.001,-0.678348,-0.678348,-0.680597,0.000900198,0,0.5
1783082156115399168,0.001,0,0,-0.680596,0.000916677,0,0.5
1783082156116399104,0.001,-0.678348,-0.678348,-0.680594,0.000906228,0,0.5
1783082156117399040,0.001,0,0,-0.680593,0.000922707,0,0.5
1783082156118398976,0.001,-0.678348,-0.678348,-0.680592,0.000911894,0,0.5
1783082156119398912,0.001,0,0,-0.680591,0.000928372,0,0.5
1783082156120398848,0.001,-0.678348,-0.678348,-0.680589,0.000917214,0,0.5
1783082156121398784,0.001,0,0,-0.680588,0.000933692,0,0.5
1783082156122398720,0.001,-0.678348,-0.678348,-0.680586,0.000922207,0,0.5
1783082156123398656,0.001,0,0,-0.680585,0.000938685,0,0.5
1783082156124398592,0.001,-0.678348,-0.678348,-0.680583,0.000926893,0,0.5
1783082156125398528,0.001,0,0,-0.680583,0.000943371,0,0.5
1783082156126398464,0.001,-0.678348,-0.678348,-0.680581,0.000931287,0,0.5
1783082156127398400,0.001,-0.678348,-0.678348,-0.680579,0.000919925,0,0.5
1783082156128398336,0.001,-0.678348,-0.678348,-0.680577,0.000909231,0,0.5
1783082156129398272,0.001,0,0,-0.680576,0.000925708,0,0.5
1783082156130398208,0.001,-0.678348,-0.678348,-0.680574,0.000914663,0,0.5
1783082156131398144,0.001,-0.678348,-0.678348,-0.680572,0.000904265,0,0.5
1783082156132398080,0.001,-0.678348,-0.678348,-0.680571,0.000894468,0,0.5
1783082156133398016,0.001,-0.678348,-0.678348,-0.680569,0.000885232,0,0.5
1783082156134397952,0.001,0,0,-0.680568,0.000901709,0,0.5
1783082156135397888,0.001,-0.678348,-0.678348,-0.680566,0.000892046,0,0.5
1783082156136397824,0.001,-0.678348,-0.678348,-0.680564,0.000882934,0,0.5
1783082156137397760,0.001,0,0,-0.680563,0.000899411,0,0.5
1783082156138397696,0.001,-0.678348,-0.678348,-0.680561,0.000889866,0,0.5
1783082156139397632,0.001,-0.678348,-0.678348,-0.680559,0.000880866,0,0.5
1783082156140397568,0.001,0,0,-0.680558,0.000897342,0,0.5
1783082156141397504,0.001,-0.678348,-0.678348,-0.680556,0.000887904,0,0.5
1783082156142397440,0.001,-0.678348,-0.678348,-0.680555,0.000879001,0,0.5
1783082156143397376,0.001,0,0,-0.680554,0.000895477,0,0.5
1783082156144397312,0.001,-0.678348,-0.678348,-0.680552,0.000886133,0,0.5
1783082156145397248,0.001,0,0,-0.680551,0.000902609,0,0.5
1783082156146397184,0.001,0,0,-0.68055,0.000919085,0,0.5
1783082156147397120,0.001,0,0,-0.680549,0.000935561,0,0.5
1783082156148397056,0.001,0,0,-0.680548,0.000952037,0,0.5
1783082156149396992,0.001,0,0,-0.680547,0.000968513,0,0.5
1783082156150396928,0.001,0,0,-0.680546,0.00098499,0,0.5
1783082156151396864,0.001,0,0,-0.680545,0.00100147,0,0.5
1783082156152396800,0.001,0,0,-0.680544,0.00101794,0,0.5
1783082156153396736,0.001,0,0,-0.680543,0.00103442,0,0.5
1783082156154396672,0.001,0,0,-0.680542,0.00105089,0,0.5
1783082156155396608,0.001,0,0,-0.680541,0.00106737,0,0.5
1783082156156396544,0.001,0,0,-0.68054,0.00108385,0,0.5
1783082156157396480,0.001,0,0,-0.680539,0.00110032,0,0.5
1783082156158396416,0.001,0,0,-0.680538,0.0011168,0,0.5
1783082156159396352,0.001,0,0,-0.680537,0.00113327,0,0.5
1783082156160396288,0.001,0,0,-0.680535,0.00114975,0,0.5
1783082156161396224,0.001,0,0,-0.680534,0.00116623,0,0.5
1783082156162396160,0.001,0,0,-0.680533,0.0011827,0,0.5
1783082156163396096,0.001,0,0,-0.680532,0.00119918,0,0.5
1783082156164396032,0.001,0,0,-0.680531,0.00121566,0,0.5
1783082156165395968,0.001,0,0,-0.68053,0.00123213,0,0.5
1783082156166395904,0.001,0,0,-0.680528,0.00124861,0,0.5
1783082156167395840,0.001,0,0,-0.680527,0.00126508,0,0.5
1783082156168395776,0.001,0,0,-0.680526,0.00128156,0,0.5
1783082156169395712,0.001,0,0,-0.680524,0.00129804,0,0.5
1783082156170395648,0.001,0,0,-0.680523,0.00131451,0,0.5
1783082156171395584,0.001,0,0,-0.680522,0.00133099,0,0.5
1783082156172395520,0.001,0,0,-0.68052,0.00134746,0,0.5
1783082156173395456,0.001,0,0,-0.680519,0.00136394,0,0.5
1783082156174395392,0.001,0,0,-0.680518,0.00138042,0,0.5
1783082156175395328,0.001,0,0,-0.680516,0.00139689,0,0.5
1783082156176395264,0.001,0,0,-0.680515,0.00141337,0,0.5
1783082156177395200,0.001,0,0,-0.680514,0.00142984,0,0.5
1783082156178395136,0.001,0,0,-0.680512,0.00144632,0,0.5
1783082156179395072,0.001,0,0,-0.680511,0.0014628,0,0.5
1783082156180395008,0.001,0,0,-0.680509,0.00147927,0,0.5
1783082156181394944,0.001,0,0,-0.680508,0.00149575,0,0.5
1783082156182394880,0.001,0,0,-0.680506,0.00151222,0,0.5
1783082156183394816,0.001,0,0,-0.680505,0.0015287,0,0.5
1783082156184394752,0.001,0,0,-0.680503,0.00154518,0,0.5
1783082156185394688,0.001,0,0,-0.680502,0.00156165,0,0.5
1783082156186394624,0.001,0,0,-0.6805,0.00157813,0,0.5
1783082156187394560,0.001,0,0,-0.680498,0.00159461,0,0.5
1783082156188394496,0.001,0,0,-0.680497,0.00161108,0,0.5
1783082156189394432,0.001,0,0,-0.680495,0.00162756,0,0.5
1783082156190394368,0.001,0,0,-0.680494,0.00164403,0,0.5
1783082156191394304,0.001,0,0,-0.680492,0.00166051,0,0.5
1783082156192394240,0.001,0,0,-0.68049,0.00167699,0,0.5
1783082156193394176,0.001,0,0,-0.680489,0.00169346,0,0.5
1783082156194394112,0.001,0,0,-0.680487,0.00170994,0,0.5
1783082156195394048,0.001,0,0,-0.680485,0.00172641,0,0.5
1783082156196393984,0.001,0,0,-0.680483,0.00174289,0,0.5
1783082156197393920,0.001,0,0,-0.680482,0.00175937,0,0.5
1783082156198393856,0.001,0,0,-0.68048,0.00177584,0,0.5
1783082156199393792,0.001,0,0,-0.680478,0.00179232,0,0.5
1783082156200393728,0.001,0,0,-0.680476,0.00180879,0,0.5
1783082156201393664,0.001,0,0,-0.680474,0.00182527,0,0.5
1783082156202393600,0.001,0,0,-0.680473,0.00184175,0,0.5
1783082156203393536,0.001,0,0,-0.680471,0.00185822,0,0.5
1783082156204393472,0.001,0,0,-0.680469,0.0018747,0,0.5
1783082156205393408,0.001,0,0,-0.680467,0.00189118,0,0.5
1783082156206393344,0.001,0,0,-0.680465,0.00190765,0,0.5
1783082156207393280,0.001,0,0,-0.680463,0.00192413,0,0.5
1783082156208393216,0.001,0,0,-0.680461,0.0019406,0,0.5
1783082156209393152,0.001,0,0,-0.680459,0.00195708,0,0.5
1783082156210393088,0.001,0,0,-0.680457,0.00197356,0,0.5
1783082156211393024,0.001,0,0,-0.680455,0.00199003,0,0.5
1783082156212392960,0.001,0,0,-0.680453,0.00200651,0,0.5
1783082156213392896,0.001,0,0,-0.680451,0.00202298,0,0.5
1783082156214392832,0.001,0,0,-0.680449,0.00203946,0,0.5
1783082156215392768,0.001,0,0,-0.680447,0.00205594,0,0.5
1783082156216392704,0.001,0,0,-0.680445,0.00207241,0,0.5
1783082156217392640,0.001,0,0,-0.680443,0.00208889,0,0.5
1783082156218392576,0.001,0,0,-0.680441,0.00210536,0,0.5
1783082156219392512,0.001,0,0,-0.680439,0.00212184,0,0.5
1783082156220392448,0.001,0,0,-0.680437,0.00213832,0,0.5
1783082156221392384,0.001,0,0,-0.680435,0.00215479,0,0.5
1783082156222392320,0.001,0,0,-0.680432,0.00217127,0,0.5
1783082156223392256,0.001,0,0,-0.68043,0.00218774,0,0.5
1783082156224392192,0.001,-0.678348,-0.678348,-0.680437,0.00205442,0,0.5
1783082156225392128,0.001,-0.678348,-0.678348,-0.680443,0.00193841,0,0.5
1783082156226392064,0.001,-0.678348,-0.678348,-0.680448,0.00183666,0,0.5
1783082156227392000,0.001,-0.678348,-0.678348,-0.680452,0.00174679,0,0.5
1783082156228391936,0.001,-0.678348,-0.678348,-0.680455,0.00166692,0,0.5
1783082156229391872,0.001,-0.678348,-0.678348,-0.680458,0.00159554,0,0.5
1783082156230391808,0.001,0,0,-0.680457,0.00161201,0,0.5
1783082156231391744,0.001,-0.678348,-0.678348,-0.680459,0.00154626,0,0.5
1783082156232391680,0.001,-0.678348,-0.678348,-0.680461,0.00148701,0,0.5
1783082156233391616,0.001,0,0,-0.680459,0.00150348,0,0.5
1783082156234391552,0.001,-0.678348,-0.678348,-0.680461,0.00144832,0,0.5
1783082156235391488,0.001,-0.678348,-0.678348,-0.680463,0.00139828,0,0.5
1783082156236391424,0.001,-0.678348,-0.678348,-0.680464,0.00135273,0,0.5
1783082156237391360,0.001,-0.678348,-0.678348,-0.680464,0.00131112,0,0.5
1783082156238391296,0.001,0,0,-0.680463,0.00132759,0,0.5
1783082156239391232,0.001,-0.678348,-0.678348,-0.680464,0.00128811,0,0.5
1783082156240391168,0.001,0,0,-0.680462,0.00130459,0,0.5
1783082156241391104,0.001,-0.678348,-0.678348,-0.680463,0.00126702,0,0.5
1783082156242391040,0.001,-0.678348,-0.678348,-0.680463,0.0012325,0,0.5
1783082156243390976,0.001,0,0,-0.680462,0.00124897,0,0.5
1783082156244390912,0.001,-0.678348,-0.678348,-0.680462,0.0012159,0,0.5
1783082156245390848,0.001,-0.678348,-0.678348,-0.680462,0.0011854,0,0.5
1783082156246390784,0.001,-0.678348,-0.678348,-0.680462,0.00115722,0,0.5
1783082156247390720,0.001,-0.678348,-0.678348,-0.680462,0.00113113,0,0.5
1783082156248390656,0.001,-0.678348,-0.678348,-0.680461,0.00110693,0,0.5
1783082156249390592,0.001,-0.678348,-0.678348,-0.680461,0.00108445,0,0.5
1783082156250390528,0.001,-0.678348,-0.678348,-0.68046,0.00106354,0,0.5
1783082156251390464,0.001,-0.678348,-0.678348,-0.68046,0.00104405,0,0.5
1783082156252390400,0.001,-0.678348,-0.678348,-0.680459,0.00102586,0,0.5
1783082156253390336,0.001,-0.678348,-0.678348,-0.680458,0.00100886,0,0.5
1783082156254390272,0.001,-0.678348,-0.678348,-0.680457,0.000992965,0,0.5
1783082156255390208,0.001,-0.678348,-0.678348,-0.680456,0.000978076,0,0.5
1783082156256390144,0.001,-0.678348,-0.678348,-0.680455,0.000964118,0,0.5
1783082156257390080,0.001,-0.678348,-0.678348,-0.680454,0.000951018,0,0.5
1783082156258390016,0.001,-0.678348,-0.678348,-0.680452,0.000938712,0,0.5
1783082156259389952,0.001,-0.678348,-0.678348,-0.680451,0.000927142,0,0.5
1783082156260389888,0.001,-0.678348,-0.678348,-0.68045,0.000916255,0,0.5
1783082156261389824,0.001,-0.678348,-0.678348,-0.680448,0.000906002,0,0.5
1783082156262389760,0.001,0,0,-0.680448,0.00092247,0,0.5
1783082156263389696,0.001,-0.678348,-0.678348,-0.680446,0.000911838,0,0.5
1783082156264389632,0.001,-0.678348,-0.678348,-0.680445,0.000901822,0,0.5
1783082156265389568,0.001,-0.678348,-0.678348,-0.680443,0.00089238,0,0.5
1783082156266389504,0.001,-0.678348,-0.678348,-0.680442,0.000883472,0,0.5
1783082156267389440,0.001,-0.678348,-0.678348,-0.68044,0.000875063,0,0.5
1783082156268389376,0.001,-0.678348,-0.678348,-0.680439,0.000867119,0,0.5
1783082156269389312,0.001,-0.678348,-0.678348,-0.680437,0.00085961,0,0.5
1783082156270389248,0.001,-0.678348,-0.678348,-0.680436,0.000852509,0,0.5
1783082156271389184,0.001,-0.678348,-0.678348,-0.680434,0.000845788,0,0.5
1783082156272389120,0.001,-0.678348,-0.678348,-0.680432,0.000839426,0,0.5
1783082156273389056,0.001,-0.678348,-0.678348,-0.680431,0.000833399,0,0.5
1783082156274388992,0.001,-0.678348,-0.678348,-0.680429,0.000827686,0,0.5
1783082156275388928,0.001,-0.678348,-0.678348,-0.680427,0.00082227,0,0.5
1783082156276388864,0.001,-0.678348,-0.678348,-0.680426,0.000817132,0,0.5
1783082156277388800,0.001,0,0,-0.680425,0.000833598,0,0.5
1783082156278388736,0.001,-0.678348,-0.678348,-0.680423,0.000827843,0,0.5
1783082156279388672,0.001,0,0,-0.680422,0.000844308,0,0.5
1783082156280388608,0.001,-0.678348,-0.678348,-0.680421,0.000837962,0,0.5
1783082156281388544,0.001,-0.678348,-0.678348,-0.680419,0.00083195,0,0.5
1783082156282388480,0.001,0,0,-0.680418,0.000848416,0,0.5
1783082156283388416,0.001,-0.678348,-0.678348,-0.680416,0.000841824,0,0.5
1783082156284388352,0.001,-0.678348,-0.678348,-0.680415,0.000835581,0,0.5
1783082156285388288,0.001,-0.678348,-0.678348,-0.680413,0.000829667,0,0.5
1783082156286388224,0.001,0,0,-0.680412,0.000846132,0,0.5
1783082156287388160,0.001,-0.678348,-0.678348,-0.68041,0.000839634,0,0.5
1783082156288388096,0.001,-0.678348,-0.678348,-0.680409,0.000833481,0,0.5
1783082156289388032,0.001,-0.678348,-0.678348,-0.680407,0.00082765,0,0.5
1783082156290387968,0.001,-0.678348,-0.678348,-0.680405,0.000822122,0,0.5
1783082156291387904,0.001,0,0,-0.680404,0.000838587,0,0.5
1783082156292387840,0.001,-0.678348,-0.678348,-0.680402,0.00083246,0,0.5
1783082156293387776,0.001,0,0,-0.680402,0.000848925,0,0.5
1783082156294387712,0.001,-0.678348,-0.678348,-0.6804,0.000842224,0,0.5
1783082156295387648,0.001,-0.678348,-0.678348,-0.680398,0.00083588,0,0.5
1783082156296387584,0.001,0,0,-0.680397,0.000852345,0,0.5
1783082156297387520,0.001,-0.678348,-0.678348,-0.680395,0.000845437,0,0.5
1783082156298387456,0.001,-0.678348,-0.678348,-0.680394,0.000838899,0,0.5
1783082156299387392,0.001,-0.678348,-0.678348,-0.680392,0.000832707,0,0.5
1783082156300387328,0.001,-0.678348,-0.678348,-0.68039,0.000826842,0,0.5
1783082156301387264,0.001,-0.678348,-0.678348,-0.680388,0.000821283,0,0.5
1783082156302387200,0.001,-0.678348,-0.678348,-0.680387,0.000816011,0,0.5
1783082156303387136,0.001,-0.678348,-0.678348,-0.680385,0.00081101,0,0.5
1783082156304387072,0.001,-0.678348,-0.678348,-0.680383,0.000806264,0,0.5
1783082156305387008,0.001,-0.678348,-0.678348,-0.680381,0.000801758,0,0.5
1783082156306386944,0.001,-0.678348,-0.678348,-0.680379,0.000797479,0,0.5
1783082156307386880,0.001,-0.678348,-0.678348,-0.680377,0.000793413,0,0.5
1783082156308386816,0.001,-0.678348,-0.678348,-0.680375,0.000789549,0,0.5
1783082156309386752,0.001,-0.678348,-0.678348,-0.680373,0.000785875,0,0.5
1783082156310386688,0.001,-0.678348,-0.678348,-0.680372,0.000782381,0,0.5
1783082156311386624,0.001,0,0,-0.680371,0.000798844,0,0.5
1783082156312386560,0.001,-0.678348,-0.678348,-0.680369,0.000794674,0,0.5
1783082156313386496,0.001,0,0,-0.680368,0.000811137,0,0.5
1783082156314386432,0.001,-0.678348,-0.678348,-0.680366,0.000806317,0,0.5
1783082156315386368,0.001,0,0,-0.680365,0.000822779,0,0.5
1783082156316386304,0.001,-0.678348,-0.678348,-0.680364,0.000817334,0,0.5
1783082156317386240,0.001,-0.678348,-0.678348,-0.680362,0.000812171,0,0.5
1783082156318386176,0.001,0,0,-0.680361,0.000828633,0,0.5
1783082156319386112,0.001,-0.678348,-0.678348,-0.680359,0.000822859,0,0.5
1783082156320386048,0.001,0,0,-0.680358,0.000839321,0,0.5
1783082156321385984,0.001,-0.678348,-0.678348,-0.680356,0.000832961,0,0.5
1783082156322385920,0.001,-0.678348,-0.678348,-0.680354,0.000826939,0,0.5
1783082156323385856,0.001,0,0,-0.680354,0.000843401,0,0.5
1783082156324385792,0.001,-0.678348,-0.678348,-0.680352,0.000836804,0,0.5
1783082156325385728,0.001,0,0,-0.680351,0.000853266,0,0.5
1783082156326385664,0.001,-0.678348,-0.678348,-0.680349,0.000846119,0,0.5
1783082156327385600,0.001,-0.678348,-0.678348,-0.680347,0.000839358,0,0.5
1783082156328385536,0.001,0,0,-0.680347,0.00085582,0,0.5
1783082156329385472,0.001,-0.678348,-0.678348,-0.680345,0.000848517,0,0.5
1783082156330385408,0.001,-0.678348,-0.678348,-0.680343,0.000841611,0,0.5
1783082156331385344,0.001,-0.678348,-0.678348,-0.680341,0.000835076,0,0.5
1783082156332385280,0.001,-0.678348,-0.678348,-0.680339,0.00082889,0,0.5
1783082156333385216,0.001,-0.678348,-0.678348,-0.680337,0.000823031,0,0.5
1783082156334385152,0.001,-0.678348,-0.678348,-0.680336,0.00081748,0,0.5
1783082156335385088,0.001,-0.678348,-0.678348,-0.680334,0.000812218,0,0.5
1783082156336385024,0.001,-0.678348,-0.678348,-0.680332,0.000807228,0,0.5
1783082156337384960,0.001,-0.678348,-0.678348,-0.68033,0.000802495,0,0.5
1783082156338384896,0.001,-0.678348,-0.678348,-0.680328,0.000798003,0,0.5
1783082156339384832,0.001,-0.678348,-0.678348,-0.680326,0.000793738,0,0.5
1783082156340384768,0.001,-0.678348,-0.678348,-0.680324,0.000789688,0,0.5
1783082156341384704,0.001,0,0,-0.680324,0.000806149,0,0.5
1783082156342384640,0.001,-0.678348,-0.678348,-0.680322,0.000801446,0,0.5
1783082156343384576,0.001,-0.678348,-0.678348,-0.68032,0.000796984,0,0.5
1783082156344384512,0.001,-0.678348,-0.678348,-0.680318,0.000792748,0,0.5
1783082156345384448,0.001,0,0,-0.680317,0.000809208,0,0.5
1783082156346384384,0.001,-0.678348,-0.678348,-0.680315,0.000804327,0,0.5
1783082156347384320,0.001,0,0,-0.680314,0.000820788,0,0.5
1783082156348384256,0.001,0,0,-0.680314,0.000837248,0,0.5
1783082156349384192,0.001,0,0,-0.680313,0.000853709,0,0.5
1783082156350384128,0.001,0,0,-0.680312,0.000870169,0,0.5
1783082156351384064,0.001,0,0,-0.680311,0.00088663,0,0.5
1783082156352384000,0.001,0,0,-0.68031,0.00090309,0,0.5
1783082156353383936,0.001,0,0,-0.680309,0.00091955,0,0.5
1783082156354383872,0.001,0,0,-0.680308,0.000936011,0,0.5
1783082156355383808,0.001,0,0,-0.680307,0.000952471,0,0.5
1783082156356383744,0.001,0,0,-0.680306,0.000968932,0,0.5
1783082156357383680,0.001,0,0,-0.680305,0.000985392,0,0.5
1783082156358383616,0.001,0,0,-0.680304,0.00100185,0,0.5
1783082156359383552,0.001,0,0,-0.680303,0.00101831,0,0.5
1783082156360383488,0.001,0,0,-0.680302,0.00103477,0,0.5
1783082156361383424,0.001,0,0,-0.680301,0.00105123,0,0.5
1783082156362383360,0.001,0,0,-0.6803,0.00106769,0,0.5
1783082156363383296,0.001,0,0,-0.680299,0.00108415,0,0.5
1783082156364383232,0.001,0,0,-0.680298,0.00110062,0,0.5
1783082156365383168,0.001,0,0,-0.680297,0.00111708,0,0.5
1783082156366383104,0.001,0,0,-0.680296,0.00113354,0,0.5
1783082156367383040,0.001,0,0,-0.680295,0.00115,0,0.5
1783082156368382976,0.001,0,0,-0.680294,0.00116646,0,0.5
1783082156369382912,0.001,0,0,-0.680292,0.00118292,0,0.5
1783082156370382848,0.001,0,0,-0.680291,0.00119938,0,0.5
1783082156371382784,0.001,0,0,-0.68029,0.00121584,0,0.5
1783082156372382720,0.001,0,0,-0.680289,0.0012323,0,0.5
1783082156373382656,0.001,0,0,-0.680288,0.00124876,0,0.5
1783082156374382592,0.001,0,0,-0.680286,0.00126522,0,0.5
1783082156375382528,0.001,0,0,-0.680285,0.00128168,0,0.5
1783082156376382464,0.001,0,0,-0.680284,0.00129814,0,0.5
1783082156377382400,0.001,0,0,-0.680282,0.0013146,0,0.5
1783082156378382336,0.001,0,0,-0.680281,0.00133106,0,0.5
1783082156379382272,0.001,0,0,-0.68028,0.00134752,0,0.5
1783082156380382208,0.001,0,0,-0.680278,0.00136398,0,0.5
1783082156381382144,0.001,0,0,-0.680277,0.00138044,0,0.5
1783082156382382080,0.001,0,0,-0.680276,0.0013969,0,0.5
1783082156383382016,0.001,0,0,-0.680274,0.00141336,0,0.5
1783082156384381952,0.001,0,0,-0.680273,0.00142982,0,0.5
1783082156385381888,0.001,0,0,-0.680271,0.00144628,0,0.5
1783082156386381824,0.001,0,0,-0.68027,0.00146274,0,0.5
1783082156387381760,0.001,0,0,-0.680268,0.00147921,0,0.5
1783082156388381696,0.001,0,0,-0.680267,0.00149567,0,0.5
1783082156389381632,0.001,0,0,-0.680265,0.00151213,0,0.5
1783082156390381568,0.001,0,0,-0.680264,0.00152859,0,0.5
1783082156391381504,0.001,0,0,-0.680262,0.00154505,0,0.5
1783082156392381440,0.001,0,0,-0.680261,0.00156151,0,0.5
1783082156393381376,0.001,0,0,-0.680259,0.00157797,0,0.5
1783082156394381312,0.001,0,0,-0.680258,0.00159443,0,0.5
1783082156395381248,0.001,0,0,-0.680256,0.00161089,0,0.5
1783082156396381184,0.001,0,0,-0.680254,0.00162735,0,0.5
1783082156397381120,0.001,0,0,-0.680253,0.00164381,0,0.5
1783082156398381056,0.001,0,0,-0.680251,0.00166027,0,0.5
1783082156399380992,0.001,0,0,-0.68025,0.00167673,0,0.5
1783082156400380928,0.001,0,0,-0.680248,0.00169319,0,0.5
1783082156401380864,0.001,0,0,-0.680246,0.00170965,0,0.5
1783082156402380800,0.001,0,0,-0.680244,0.00172611,0,0.5
1783082156403380736,0.001,0,0,-0.680243,0.00174257,0,0.5
1783082156404380672,0.001,0,0,-0.680241,0.00175903,0,0.5
1783082156405380608,0.001,0,0,-0.680239,0.00177549,0,0.5
1783082156406380544,0.001,0,0,-0.680237,0.00179195,0,0.5
1783082156407380480,0.001,0,0,-0.680236,0.00180841,0,0.5
1783082156408380416,0.001,0,0,-0.680234,0.00182487,0,0.5
1783082156409380352,0.001,0,0,-0.680232,0.00184133,0,0.5
1783082156410380288,0.001,0,0,-0.68023,0.0018578,0,0.5
1783082156411380224,0.001,0,0,-0.680228,0.00187426,0,0.5
1783082156412380160,0.001,0,0,-0.680226,0.00189072,0,0.5
1783082156413380096,0.001,0,0,-0.680224,0.00190718,0,0.5
1783082156414380032,0.001,0,0,-0.680223,0.00192364,0,0.5
1783082156415379968,0.001,0,0,-0.680221,0.0019401,0,0.5
1783082156416379904,0.001,0,0,-0.680219,0.00195656,0,0.5
1783082156417379840,0.001,0,0,-0.680217,0.00197302,0,0.5
1783082156418379776,0.001,0,0,-0.680215,0.00198948,0,0.5
1783082156419379712,0.001,0,0,-0.680213,0.00200594,0,0.5
1783082156420379648,0.001,0,0,-0.680211,0.0020224,0,0.5
1783082156421379584,0.001,-0.678348,-0.678348,-0.680216,0.00190956,0,0.5
1783082156422379520,0.001,0,0,-0.680214,0.00192602,0,0.5
1783082156423379456,0.001,-0.678348,-0.678348,-0.680218,0.00182496,0,0.5
1783082156424379392,0.001,-0.678348,-0.678348,-0.680222,0.00173566,0,0.5
1783082156425379328,0.001,0,0,-0.68022,0.00175212,0,0.5
1783082156426379264,0.001,-0.678348,-0.678348,-0.680224,0.00167094,0,0.5
1783082156427379200,0.001,0,0,-0.680222,0.0016874,0,0.5
1783082156428379136,0.001,-0.678348,-0.678348,-0.680225,0.00161319,0,0.5
1783082156429379072,0.001,0,0,-0.680223,0.00162965,0,0.5
1783082156430379008,0.001,-0.678348,-0.678348,-0.680226,0.00156145,0,0.5
1783082156431378944,0.001,0,0,-0.680224,0.0015779,0,0.5
1783082156432378880,0.001,-0.678348,-0.678348,-0.680226,0.00151492,0,0.5
1783082156433378816,0.001,0,0,-0.680225,0.00153137,0,0.5
1783082156434378752,0.001,-0.678348,-0.678348,-0.680227,0.00147294,0,0.5
1783082156435378688,0.001,0,0,-0.680225,0.0014894,0,0.5
1783082156436378624,0.001,-0.678348,-0.678348,-0.680227,0.00143497,0,0.5
1783082156437378560,0.001,0,0,-0.680225,0.00145143,0,0.5
1783082156438378496,0.001,-0.678348,-0.678348,-0.680227,0.00140053,0,0.5
1783082156439378432,0.001,-0.678348,-0.678348,-0.680228,0.00135422,0,0.5
1783082156440378368,0.001,-0.678348,-0.678348,-0.680229,0.00131194,0,0.5
1783082156441378304,0.001,-0.678348,-0.678348,-0.68023,0.00127325,0,0.5
1783082156442378240,0.001,-0.678348,-0.678348,-0.68023,0.00123773,0,0.5
1783082156443378176,0.001,0,0,-0.680229,0.00125418,0,0.5
1783082156444378112,0.001,-0.678348,-0.678348,-0.680229,0.0012202,0,0.5
1783082156445378048,0.001,0,0,-0.680228,0.00123665,0,0.5
1783082156446377984,0.001,-0.678348,-0.678348,-0.680228,0.00120405,0,0.5
1783082156447377920,0.001,0,0,-0.680227,0.00122051,0,0.5
1783082156448377856,0.001,-0.678348,-0.678348,-0.680227,0.00118917,0,0.5
1783082156449377792,0.001,-0.678348,-0.678348,-0.680227,0.00116024,0,0.5
1783082156450377728,0.001,0,0,-0.680226,0.00117669,0,0.5
1783082156451377664,0.001,-0.678348,-0.678348,-0.680226,0.0011487,0,0.5
1783082156452377600,0.001,0,0,-0.680225,0.00116515,0,0.5
1783082156453377536,0.001,-0.678348,-0.678348,-0.680225,0.00113802,0,0.5
1783082156454377472,0.001,0,0,-0.680224,0.00115447,0,0.5
1783082156455377408,0.001,-0.678348,-0.678348,-0.680224,0.00112812,0,0.5
1783082156456377344,0.001,0,0,-0.680223,0.00114458,0,0.5
1783082156457377280,0.001,-0.678348,-0.678348,-0.680223,0.00111895,0,0.5
1783082156458377216,0.001,0,0,-0.680221,0.00113541,0,0.5
1783082156459377152,0.001,-0.678348,-0.678348,-0.680221,0.00111044,0,0.5
1783082156460377088,0.001,0,0,-0.68022,0.0011269,0,0.5
1783082156461377024,0.001,-0.678348,-0.678348,-0.68022,0.00110255,0,0.5
1783082156462376960,0.001,0,0,-0.680219,0.001119,0,0.5
1783082156463376896,0.001,-0.678348,-0.678348,-0.680218,0.00109521,0,0.5
1783082156464376832,0.001,-0.678348,-0.678348,-0.680218,0.0010731,0,0.5
1783082156465376768,0.001,-0.678348,-0.678348,-0.680217,0.00105252,0,0.5
1783082156466376704,0.001,0,0,-0.680216,0.00106898,0,0.5
1783082156467376640,0.001,-0.678348,-0.678348,-0.680216,0.00104868,0,0.5
1783082156468376576,0.001,0,0,-0.680215,0.00106513,0,0.5
1783082156469376512,0.001,-0.678348,-0.678348,-0.680214,0.00104508,0,0.5
1783082156470376448,0.001,-0.678348,-0.678348,-0.680214,0.00102639,0,0.5
1783082156471376384,0.001,0,0,-0.680213,0.00104284,0,0.5
1783082156472376320,0.001,-0.678348,-0.678348,-0.680212,0.00102429,0,0.5
1783082156473376256,0.001,0,0,-0.680211,0.00104074,0,0.5
1783082156474376192,0.001,-0.678348,-0.678348,-0.68021,0.00102233,0,0.5
1783082156475376128,0.001,-0.678348,-0.678348,-0.68021,0.00100512,0,0.5
1783082156476376064,0.001,0,0,-0.680209,0.00102157,0,0.5
1783082156477376000,0.001,-0.678348,-0.678348,-0.680208,0.00100441,0,0.5
1783082156478375936,0.001,0,0,-0.680207,0.00102086,0,0.5
1783082156479375872,0.001,-0.678348,-0.678348,-0.680206,0.00100374,0,0.5
1783082156480375808,0.001,0,0,-0.680205,0.00102019,0,0.5
1783082156481375744,0.001,-0.678348,-0.678348,-0.680204,0.00100311,0,0.5
1783082156482375680,0.001,0,0,-0.680203,0.00101956,0,0.5
1783082156483375616,0.001,-0.678348,-0.678348,-0.680202,0.0010025,0,0.5
1783082156484375552,0.001,0,0,-0.680201,0.00101895,0,0.5
1783082156485375488,0.001,-0.678348,-0.678348,-0.680201,0.00100193,0,0.5
1783082156486375424,0.001,0,0,-0.6802,0.00101838,0,0.5
1783082156487375360,0.001,-0.678348,-0.678348,-0.680199,0.00100139,0,0.5
1783082156488375296,0.001,0,0,-0.680198,0.00101784,0,0.5
1783082156489375232,0.001,-0.678348,-0.678348,-0.680197,0.00100088,0,0.5
1783082156490375168,0.001,-0.678348,-0.678348,-0.680196,0.00098501,0,0.5
1783082156491375104,0.001,0,0,-0.680195,0.00100146,0,0.5
1783082156492375040,0.001,-0.678348,-0.678348,-0.680194,0.000985546,0,0.5
1783082156493374976,0.001,-0.678348,-0.678348,-0.680193,0.000970642,0,0.5
1783082156494374912,0.001,0,0,-0.680192,0.000987092,0,0.5
1783082156495374848,0.001,-0.678348,-0.678348,-0.680191,0.000972082,0,0.5
1783082156496374784,0.001,0,0,-0.68019,0.000988532,0,0.5
1783082156497374720,0.001,-0.678348,-0.678348,-0.680189,0.000973423,0,0.5
1783082156498374656,0.001,0,0,-0.680188,0.000989873,0,0.5
1783082156499374592,0.001,-0.678348,-0.678348,-0.680187,0.00097467,0,0.5
1783082156500374528,0.001,0,0,-0.680186,0.000991119,0,0.5
1783082156501374464,0.001,-0.678348,-0.678348,-0.680185,0.000975829,0,0.5
1783082156502374400,0.001,0,0,-0.680184,0.000992279,0,0.5
1783082156503374336,0.001,-0.678348,-0.678348,-0.680183,0.000976906,0,0.5
1783082156504374272,0.001,-0.678348,-0.678348,-0.680182,0.000962503,0,0.5
1783082156505374208,0.001,0,0,-0.680181,0.000978952,0,0.5
1783082156506374144,0.001,-0.678348,-0.678348,-0.68018,0.000964411,0,0.5
1783082156507374080,0.001,0,0,-0.680179,0.00098086,0,0.5
1783082156508374016,0.001,-0.678348,-0.678348,-0.680178,0.000966191,0,0.5
1783082156509373952,0.001,0,0,-0.680177,0.00098264,0,0.5
1783082156510373888,0.001,-0.678348,-0.678348,-0.680176,0.000967851,0,0.5
1783082156511373824,0.001,0,0,-0.680175,0.0009843,0,0.5
1783082156512373760,0.001,-0.678348,-0.678348,-0.680174,0.000969398,0,0.5
1783082156513373696,0.001,0,0,-0.680173,0.000985847,0,0.5
1783082156514373632,0.001,-0.678348,-0.678348,-0.680172,0.000970839,0,0.5
1783082156515373568,0.001,-0.678348,-0.678348,-0.680171,0.000956771,0,0.5
1783082156516373504,0.001,0,0,-0.68017,0.00097322,0,0.5
1783082156517373440,0.001,-0.678348,-0.678348,-0.680169,0.000958995,0,0.5
1783082156518373376,0.001,-0.678348,-0.678348,-0.680168,0.000945651,0,0.5
1783082156519373312,0.001,0,0,-0.680167,0.000962099,0,0.5
1783082156520373248,0.001,-0.678348,-0.678348,-0.680166,0.000948555,0,0.5
1783082156521373184,0.001,-0.678348,-0.678348,-0.680165,0.000935839,0,0.5
1783082156522373120,0.001,0,0,-0.680164,0.000952287,0,0.5
1783082156523373056,0.001,-0.678348,-0.678348,-0.680163,0.000939335,0,0.5
1783082156524372992,0.001,0,0,-0.680162,0.000955783,0,0.5
1783082156525372928,0.001,-0.678348,-0.678348,-0.680161,0.000942608,0,0.5
1783082156526372864,0.001,0,0,-0.68016,0.000959055,0,0.5
1783082156527372800,0.001,-0.678348,-0.678348,-0.680159,0.000945671,0,0.5
1783082156528372736,0.001,0,0,-0.680158,0.000962118,0,0.5
1783082156529372672,0.001,-0.678348,-0.678348,-0.680157,0.000948537,0,0.5
1783082156530372608,0.001,0,0,-0.680156,0.000964984,0,0.5
1783082156531372544,0.001,-0.678348,-0.678348,-0.680155,0.000951217,0,0.5
1783082156532372480,0.001,-0.678348,-0.678348,-0.680153,0.000938296,0,0.5
1783082156533372416,0.001,0,0,-0.680152,0.000954743,0,0.5
1783082156534372352,0.001,-0.678348,-0.678348,-0.680151,0.000941597,0,0.5
1783082156535372288,0.001,0,0,-0.68015,0.000958044,0,0.5
1783082156536372224,0.001,-0.678348,-0.678348,-0.680149,0.000944688,0,0.5
1783082156537372160,0.001,0,0,-0.680148,0.000961134,0,0.5
1783082156538372096,0.001,-0.678348,-0.678348,-0.680147,0.00094758,0,0.5
1783082156539372032,0.001,0,0,-0.680146,0.000964026,0,0.5
1783082156540371968,0.001,-0.678348,-0.678348,-0.680145,0.000950285,0,0.5
1783082156541371904,0.001,0,0,-0.680144,0.000966731,0,0.5
1783082156542371840,0.001,-0.678348,-0.678348,-0.680143,0.000952815,0,0.5
1783082156543371776,0.001,0,0,-0.680142,0.000969261,0,0.5
1783082156544371712,0.001,-0.678348,-0.678348,-0.680141,0.00095518,0,0.5
1783082156545371648,0.001,-0.678348,-0.678348,-0.68014,0.000941969,0,0.5
1783082156546371584,0.001,0,0,-0.680139,0.000958415,0,0.5
1783082156547371520,0.001,-0.678348,-0.678348,-0.680138,0.000944997,0,0.5
1783082156548371456,0.001,-0.678348,-0.678348,-0.680136,0.000932399,0,0.5
1783082156549371392,0.001,0,0,-0.680135,0.000948845,0,0.5
1783082156550371328,0.001,0,0,-0.680134,0.000965291,0,0.5
1783082156551371264,0.001,-0.678348,-0.678348,-0.680133,0.000951433,0,0.5
1783082156552371200,0.001,0,0,-0.680132,0.000967878,0,0.5
1783082156553371136,0.001,-0.678348,-0.678348,-0.680131,0.000953853,0,0.5
1783082156554371072,0.001,0,0,-0.68013,0.000970298,0,0.5
1783082156555371008,0.001,-0.678348,-0.678348,-0.680129,0.000956115,0,0.5
1783082156556370944,0.001,0,0,-0.680128,0.00097256,0,0.5
1783082156557370880,0.001,-0.678348,-0.678348,-0.680127,0.000958229,0,0.5
1783082156558370816,0.001,0,0,-0.680126,0.000974675,0,0.5
1783082156559370752,0.001,-0.678348,-0.678348,-0.680125,0.000960205,0,0.5
1783082156560370688,0.001,0,0,-0.680124,0.00097665,0,0.5
1783082156561370624,0.001,-0.678348,-0.678348,-0.680123,0.00096205,0,0.5
1783082156562370560,0.001,-0.678348,-0.678348,-0.680122,0.00094836,0,0.5
1783082156563370496,0.001,0,0,-0.680121,0.000964805,0,0.5
1783082156564370432,0.001,-0.678348,-0.678348,-0.68012,0.000950938,0,0.5
1783082156565370368,0.001,0,0,-0.680119,0.000967383,0,0.5
1783082156566370304,0.001,-0.678348,-0.678348,-0.680117,0.000953349,0,0.5
1783082156567370240,0.001,0,0,-0.680116,0.000969793,0,0.5
1783082156568370176,0.001,-0.678348,-0.678348,-0.680115,0.000955603,0,0.5
1783082156569370112,0.001,-0.678348,-0.678348,-0.680114,0.000942292,0,0.5
1783082156570370048,0.001,-0.678348,-0.678348,-0.680113,0.000929793,0,0.5
1783082156571369984,0.001,-0.678348,-0.678348,-0.680112,0.000918047,0,0.5
1783082156572369920,0.001,-0.678348,-0.678348,-0.68011,0.000907,0,0.5
1783082156573369856,0.001,-0.678348,-0.678348,-0.680109,0.000896601,0,0.5
1783082156574369792,0.001,-0.678348,-0.678348,-0.680108,0.000886806,0,0.5
1783082156575369728,0.001,-0.678348,-0.678348,-0.680106,0.000877572,0,0.5
1783082156576369664,0.001,-0.678348,-0.678348,-0.680105,0.000868862,0,0.5
1783082156577369600,0.001,-0.678348,-0.678348,-0.680104,0.000860642,0,0.5
1783082156578369536,0.001,-0.678348,-0.678348,-0.680102,0.000852878,0,0.5
1783082156579369472,0.001,-0.678348,-0.678348,-0.680101,0.000845542,0,0.5
1783082156580369408,0.001,0,0,-0.6801,0.000861985,0,0.5
1783082156581369344,0.001,0,0,-0.680099,0.000878428,0,0.5
1783082156582369280,0.001,0,0,-0.680098,0.000894871,0,0.5
1783082156583369216,0.001,0,0,-0.680097,0.000911314,0,0.5
1783082156584369152,0.001,0,0,-0.680096,0.000927757,0,0.5
1783082156585369088,0.001,0,0,-0.680095,0.0009442,0,0.5
1783082156586369024,0.001,0,0,-0.680095,0.000960643,0,0.5
1783082156587368960,0.001,0,0,-0.680094,0.000977086,0,0.5
1783082156588368896,0.001,0,0,-0.680093,0.000993529,0,0.5
1783082156589368832,0.001,0,0,-0.680092,0.00100997,0,0.5
1783082156590368768,0.001,0,0,-0.680091,0.00102641,0,0.5
1783082156591368704,0.001,0,0,-0.68009,0.00104286,0,0.5
1783082156592368640,0.001,0,0,-0.680089,0.0010593,0,0.5
1783082156593368576,0.001,0,0,-0.680087,0.00107574,0,0.5
1783082156594368512,0.001,0,0,-0.680086,0.00109219,0,0.5
1783082156595368448,0.001,0,0,-0.680085,0.00110863,0,0.5
1783082156596368384,0.001,0,0,-0.680084,0.00112507,0,0.5
1783082156597368320,0.001,0,0,-0.680083,0.00114152,0,0.5
1783082156598368256,0.001,0,0,-0.680082,0.00115796,0,0.5
1783082156599368192,0.001,0,0,-0.680081,0.0011744,0,0.5
1783082156600368128,0.001,0,0,-0.68008,0.00119084,0,0.5
1783082156601368064,0.001,0,0,-0.680078,0.00120729,0,0.5
1783082156602368000,0.001,0,0,-0.680077,0.00122373,0,0.5
1783082156603367936,0.001,0,0,-0.680076,0.00124017,0,0.5
1783082156604367872,0.001,0,0,-0.680075,0.00125662,0,0.5
1783082156605367808,0.001,0,0,-0.680073,0.00127306,0,0.5
1783082156606367744,0.001,0,0,-0.680072,0.0012895,0,0.5
1783082156607367680,0.001,0,0,-0.680071,0.00130595,0,0.5
1783082156608367616,0.001,0,0,-0.680069,0.00132239,0,0.5
1783082156609367552,0.001,0,0,-0.680068,0.00133883,0,0.5
1783082156610367488,0.001,0,0,-0.680067,0.00135527,0,0.5
1783082156611367424,0.001,0,0,-0.680065,0.00137172,0,0.5
1783082156612367360,0.001,0,0,-0.680064,0.00138816,0,0.5
1783082156613367296,0.001,0,0,-0.680063,0.0014046,0,0.5
1783082156614367232,0.001,0,0,-0.680061,0.00142105,0,0.5
1783082156615367168,0.001,0,0,-0.68006,0.00143749,0,0.5
1783082156616367104,0.001,0,0,-0.680058,0.00145393,0,0.5
1783082156617367040,0.001,0,0,-0.680057,0.00147038,0,0.5
1783082156618366976,0.001,0,0,-0.680055,0.00148682,0,0.5
1783082156619366912,0.001,0,0,-0.680054,0.00150326,0,0.5
1783082156620366848,0.001,0,0,-0.680052,0.0015197,0,0.5
1783082156621366784,0.001,0,0,-0.680051,0.00153615,0,0.5
1783082156622366720,0.001,0,0,-0.680049,0.00155259,0,0.5
1783082156623366656,0.001,0,0,-0.680048,0.00156903,0,0.5
1783082156624366592,0.001,0,0,-0.680046,0.00158548,0,0.5
1783082156625366528,0.001,0,0,-0.680045,0.00160192,0,0.5
1783082156626366464,0.001,0,0,-0.680043,0.00161836,0,0.5
1783082156627366400,0.001,0,0,-0.680041,0.00163481,0,0.5
1783082156628366336,0.001,0,0,-0.68004,0.00165125,0,0.5
1783082156629366272,0.001,0,0,-0.680038,0.00166769,0,0.5
1783082156630366208,0.001,0,0,-0.680036,0.00168413,0,0.5
1783082156631366144,0.001,0,0,-0.680035,0.00170058,0,0.5
1783082156632366080,0.001,0,0,-0.680033,0.00171702,0,0.5
1783082156633366016,0.001,0,0,-0.680031,0.00173346,0,0.5
1783082156634365952,0.001,0,0,-0.68003,0.00174991,0,0.5
1783082156635365888,0.001,0,0,-0.680028,0.00176635,0,0.5
1783082156636365824,0.001,0,0,-0.680026,0.00178279,0,0.5
1783082156637365760,0.001,0,0,-0.680024,0.00179924,0,0.5
1783082156638365696,0.001,0,0,-0.680022,0.00181568,0,0.5
1783082156639365632,0.001,0,0,-0.680021,0.00183212,0,0.5
1783082156640365568,0.001,0,0,-0.680019,0.00184856,0,0.5
1783082156641365504,0.001,0,0,-0.680017,0.00186501,0,0.5
1783082156642365440,0.001,0,0,-0.680015,0.00188145,0,0.5
1783082156643365376,0.001,0,0,-0.680013,0.00189789,0,0.5
1783082156644365312,0.001,0,0,-0.680011,0.00191434,0,0.5
1783082156645365248,0.001,0,0,-0.680009,0.00193078,0,0.5
1783082156646365184,0.001,0,0,-0.680007,0.00194722,0,0.5
1783082156647365120,0.001,0,0,-0.680005,0.00196367,0,0.5
1783082156648365056,0.001,0,0,-0.680003,0.00198011,0,0.5
1783082156649364992,0.001,0,0,-0.680001,0.00199655,0,0.5
1783082156650364928,0.001,0,0,-0.679999,0.00201299,0,0.5
1783082156651364864,0.001,0,0,-0.679997,0.00202944,0,0.5
1783082156652364800,0.001,0,0,-0.679995,0.00204588,0,0.5
1783082156653364736,0.001,0,0,-0.679993,0.00206232,0,0.5
1783082156654364672,0.001,0,0,-0.679991,0.00207877,0,0.5
1783082156655364608,0.001,0,0,-0.679989,0.00209521,0,0.5
1783082156656364544,0.001,0,0,-0.679987,0.00211165,0,0.5
1783082156657364480,0.001,0,0,-0.679985,0.0021281,0,0.5
1783082156658364416,0.001,0,0,-0.679983,0.00214454,0,0.5
1783082156659364352,0.001,0,0,-0.679981,0.00216098,0,0.5
1783082156660364288,0.001,0,0,-0.679978,0.00217742,0,0.5
1783082156661364224,0.001,-0.678348,-0.678348,-0.679986,0.00204423,0,0.5
1783082156662364160,0.001,0,0,-0.679984,0.00206068,0,0.5
1783082156663364096,0.001,-0.678348,-0.678348,-0.679991,0.00194272,0,0.5
1783082156664364032,0.001,-0.678348,-0.678348,-0.679996,0.00183936,0,0.5
1783082156665363968,0.001,0,0,-0.679994,0.0018558,0,0.5
1783082156666363904,0.001,0,0,-0.679992,0.00187224,0,0.5
1783082156667363840,0.001,-0.678348,-0.678348,-0.679998,0.00177725,0,0.5
1783082156668363776,0.001,0,0,-0.679996,0.00179369,0,0.5
1783082156669363712,0.001,-0.678348,-0.678348,-0.68,0.00170767,0,0.5
1783082156670363648,0.001,0,0,-0.679998,0.00172411,0,0.5
1783082156671363584,0.001,-0.678348,-0.678348,-0.680002,0.00164575,0,0.5
1783082156672363520,0.001,0,0,-0.680001,0.00166219,0,0.5
1783082156673363456,0.001,-0.678348,-0.678348,-0.680004,0.0015904,0,0.5
1783082156674363392,0.001,-0.678348,-0.678348,-0.680007,0.00152595,0,0.5
1783082156675363328,0.001,-0.678348,-0.678348,-0.68001,0.00146782,0,0.5
1783082156676363264,0.001,-0.678348,-0.678348,-0.680012,0.0014152,0,0.5
1783082156677363200,0.001,0,0,-0.680011,0.00143164,0,0.5
1783082156678363136,0.001,-0.678348,-0.678348,-0.680013,0.00138233,0,0.5
1783082156679363072,0.001,0,0,-0.680011,0.00139877,0,0.5
1783082156680363008,0.001,-0.678348,-0.678348,-0.680013,0.00135241,0,0.5
1783082156681362944,0.001,0,0,-0.680012,0.00136885,0,0.5
1783082156682362880,0.001,-0.678348,-0.678348,-0.680013,0.00132512,0,0.5
1783082156683362816,0.001,0,0,-0.680012,0.00134156,0,0.5
1783082156684362752,0.001,-0.678348,-0.678348,-0.680013,0.00130018,0,0.5
1783082156685362688,0.001,0,0,-0.680012,0.00131661,0,0.5
1783082156686362624,0.001,-0.678348,-0.678348,-0.680013,0.00127734,0,0.5
1783082156687362560,0.001,-0.678348,-0.678348,-0.680014,0.00124131,0,0.5
1783082156688362496,0.001,0,0,-0.680013,0.00125774,0,0.5
1783082156689362432,0.001,-0.678348,-0.678348,-0.680014,0.00122329,0,0.5
1783082156690362368,0.001,0,0,-0.680013,0.00123973,0,0.5
1783082156691362304,0.001,-0.678348,-0.678348,-0.680014,0.00120671,0,0.5
1783082156692362240,0.001,-0.678348,-0.678348,-0.680014,0.00117626,0,0.5
1783082156693362176,0.001,0,0,-0.680013,0.0011927,0,0.5
1783082156694362112,0.001,-0.678348,-0.678348,-0.680013,0.00116332,0,0.5
1783082156695362048,0.001,0,0,-0.680012,0.00117976,0,0.5
1783082156696361984,0.001,-0.678348,-0.678348,-0.680013,0.00115136,0,0.5
1783082156697361920,0.001,0,0,-0.680012,0.00116779,0,0.5
1783082156698361856,0.001,-0.678348,-0.678348,-0.680012,0.00114029,0,0.5
1783082156699361792,0.001,0,0,-0.680011,0.00115672,0,0.5
1783082156700361728,0.001,-0.678348,-0.678348,-0.680011,0.00113003,0,0.5
1783082156701361664,0.001,0,0,-0.68001,0.00114647,0,0.5
1783082156702361600,0.001,-0.678348,-0.678348,-0.68001,0.00112053,0,0.5
1783082156703361536,0.001,-0.678348,-0.678348,-0.68001,0.00109647,0,0.5
1783082156704361472,0.001,-0.678348,-0.678348,-0.68001,0.00107412,0,0.5
1783082156705361408,0.001,-0.678348,-0.678348,-0.68001,0.00105332,0,0.5
1783082156706361344,0.001,-0.678348,-0.678348,-0.68001,0.00103393,0,0.5
1783082156707361280,0.001,0,0,-0.680009,0.00105036,0,0.5
1783082156708361216,0.001,-0.678348,-0.678348,-0.680009,0.00103117,0,0.5
1783082156709361152,0.001,0,0,-0.680008,0.0010476,0,0.5
1783082156710361088,0.001,-0.678348,-0.678348,-0.680007,0.00102859,0,0.5
1783082156711361024,0.001,-0.678348,-0.678348,-0.680007,0.00101084,0,0.5
1783082156712360960,0.001,0,0,-0.680006,0.00102727,0,0.5
1783082156713360896,0.001,-0.678348,-0.678348,-0.680006,0.00100959,0,0.5
1783082156714360832,0.001,0,0,-0.680005,0.00102603,0,0.5
1783082156715360768,0.001,-0.678348,-0.678348,-0.680004,0.00100843,0,0.5
1783082156716360704,0.001,-0.678348,-0.678348,-0.680004,0.000991972,0,0.5
1783082156717360640,0.001,0,0,-0.680003,0.00100841,0,0.5
1783082156718360576,0.001,-0.678348,-0.678348,-0.680002,0.000991943,0,0.5
1783082156719360512,0.001,0,0,-0.680001,0.00100838,0,0.5
1783082156720360448,0.001,-0.678348,-0.678348,-0.680001,0.000991907,0,0.5
1783082156721360384,0.001,-0.678348,-0.678348,-0.68,0.000976492,0,0.5
1783082156722360320,0.001,0,0,-0.679999,0.000992925,0,0.5
1783082156723360256,0.001,-0.678348,-0.678348,-0.679999,0.000977436,0,0.5
1783082156724360192,0.001,-0.678348,-0.678348,-0.679998,0.000962924,0,0.5
1783082156725360128,0.001,0,0,-0.679997,0.000979357,0,0.5
1783082156726360064,0.001,-0.678348,-0.678348,-0.679996,0.000964714,0,0.5
1783082156727360000,0.001,0,0,-0.679995,0.000981147,0,0.5
1783082156728359936,0.001,-0.678348,-0.678348,-0.679995,0.000966382,0,0.5
1783082156729359872,0.001,-0.678348,-0.678348,-0.679994,0.000952538,0,0.5
1783082156730359808,0.001,-0.678348,-0.678348,-0.679993,0.000939545,0,0.5
1783082156731359744,0.001,-0.678348,-0.678348,-0.679993,0.000927339,0,0.5
1783082156732359680,0.001,-0.678348,-0.678348,-0.679992,0.000915863,0,0.5
1783082156733359616,0.001,0,0,-0.679991,0.000932295,0,0.5
1783082156734359552,0.001,-0.678348,-0.678348,-0.67999,0.000920511,0,0.5
1783082156735359488,0.001,-0.678348,-0.678348,-0.679989,0.000909426,0,0.5
1783082156736359424,0.001,-0.678348,-0.678348,-0.679988,0.000898991,0,0.5
1783082156737359360,0.001,-0.678348,-0.678348,-0.679987,0.00088916,0,0.5
1783082156738359296,0.001,0,0,-0.679986,0.000905591,0,0.5
1783082156739359232,0.001,-0.678348,-0.678348,-0.679985,0.000895364,0,0.5
1783082156740359168,0.001,0,0,-0.679984,0.000911795,0,0.5
1783082156741359104,0.001,-0.678348,-0.678348,-0.679983,0.000901193,0,0.5
1783082156742359040,0.001,-0.678348,-0.678348,-0.679982,0.000891206,0,0.5
1783082156743358976,0.001,0,0,-0.679981,0.000907637,0,0.5
1783082156744358912,0.001,-0.678348,-0.678348,-0.67998,0.000897263,0,0.5
1783082156745358848,0.001,0,0,-0.67998,0.000913694,0,0.5
1783082156746358784,0.001,-0.678348,-0.678348,-0.679979,0.000902953,0,0.5
1783082156747358720,0.001,0,0,-0.679978,0.000919384,0,0.5
1783082156748358656,0.001,-0.678348,-0.678348,-0.679977,0.000908296,0,0.5
1783082156749358592,0.001,0,0,-0.679976,0.000924727,0,0.5
1783082156750358528,0.001,-0.678348,-0.678348,-0.679975,0.000913311,0,0.5
1783082156751358464,0.001,-0.678348,-0.678348,-0.679974,0.000902567,0,0.5
1783082156752358400,0.001,-0.678348,-0.678348,-0.679973,0.00089245,0,0.5
1783082156753358336,0.001,0,0,-0.679972,0.00090888,0,0.5
1783082156754358272,0.001,-0.678348,-0.678348,-0.679971,0.000898382,0,0.5
1783082156755358208,0.001,0,0,-0.67997,0.000914812,0,0.5
1783082156756358144,0.001,-0.678348,-0.678348,-0.679969,0.000903955,0,0.5
1783082156757358080,0.001,0,0,-0.679968,0.000920385,0,0.5
1783082156758358016,0.001,-0.678348,-0.678348,-0.679967,0.000909188,0,0.5
1783082156759357952,0.001,-0.678348,-0.678348,-0.679966,0.000898649,0,0.5
1783082156760357888,0.001,0,0,-0.679965,0.000915078,0,0.5
1783082156761357824,0.001,-0.678348,-0.678348,-0.679964,0.000904182,0,0.5
1783082156762357760,0.001,0,0,-0.679963,0.000920611,0,0.5
1783082156763357696,0.001,-0.678348,-0.678348,-0.679962,0.000909377,0,0.5
1783082156764357632,0.001,0,0,-0.679961,0.000925806,0,0.5
1783082156765357568,0.001,-0.678348,-0.678348,-0.67996,0.000914253,0,0.5
1783082156766357504,0.001,0,0,-0.679959,0.000930682,0,0.5
1783082156767357440,0.001,-0.678348,-0.678348,-0.679958,0.000918827,0,0.5
1783082156768357376,0.001,0,0,-0.679957,0.000935256,0,0.5
1783082156769357312,0.001,-0.678348,-0.678348,-0.679956,0.000923117,0,0.5
1783082156770357248,0.001,0,0,-0.679955,0.000939545,0,0.5
1783082156771357184,0.001,0,0,-0.679954,0.000955974,0,0.5
1783082156772357120,0.001,-0.678348,-0.678348,-0.679953,0.000942556,0,0.5
1783082156773357056,0.001,-0.678348,-0.678348,-0.679952,0.000929958,0,0.5
1783082156774356992,0.001,0,0,-0.679951,0.000946386,0,0.5
1783082156775356928,0.001,-0.678348,-0.678348,-0.67995,0.000933546,0,0.5
1783082156776356864,0.001,0,0,-0.679949,0.000949974,0,0.5
1783082156777356800,0.001,-0.678348,-0.678348,-0.679948,0.000936906,0,0.5
1783082156778356736,0.001,0,0,-0.679947,0.000953334,0,0.5
1783082156779356672,0.001,0,0,-0.679946,0.000969763,0,0.5
1783082156780356608,0.001,-0.678348,-0.678348,-0.679946,0.000955456,0,0.5
1783082156781356544,0.001,-0.678348,-0.678348,-0.679945,0.000942035,0,0.5
1783082156782356480,0.001,-0.678348,-0.678348,-0.679944,0.000929435,0,0.5
1783082156783356416,0.001,-0.678348,-0.678348,-0.679942,0.000917594,0,0.5
1783082156784356352,0.001,0,0,-0.679942,0.000934022,0,0.5
1783082156785356288,0.001,-0.678348,-0.678348,-0.679941,0.000921896,0,0.5
1783082156786356224,0.001,-0.678348,-0.678348,-0.679939,0.000910496,0,0.5
1783082156787356160,0.001,0,0,-0.679939,0.000926924,0,0.5
1783082156788356096,0.001,-0.678348,-0.678348,-0.679937,0.000915215,0,0.5
1783082156789356032,0.001,0,0,-0.679937,0.000931642,0,0.5
1783082156790355968,0.001,-0.678348,-0.678348,-0.679936,0.000919642,0,0.5
1783082156791355904,0.001,0,0,-0.679935,0.00093607,0,0.5
1783082156792355840,0.001,-0.678348,-0.678348,-0.679934,0.000923794,0,0.5
1783082156793355776,0.001,0,0,-0.679933,0.000940222,0,0.5
1783082156794355712,0.001,-0.678348,-0.678348,-0.679932,0.000927687,0,0.5
1783082156795355648,0.001,0,0,-0.679931,0.000944114,0,0.5
1783082156796355584,0.001,-0.678348,-0.678348,-0.67993,0.000931336,0,0.5
1783082156797355520,0.001,0,0,-0.679929,0.000947763,0,0.5
1783082156798355456,0.001,-0.678348,-0.678348,-0.679928,0.000934754,0,0.5
1783082156799355392,0.001,0,0,-0.679927,0.000951181,0,0.5
1783082156800355328,0.001,-0.678348,-0.678348,-0.679926,0.000937956,0,0.5
1783082156801355264,0.001,0,0,-0.679925,0.000954383,0,0.5
1783082156802355200,0.001,-0.678348,-0.678348,-0.679924,0.000940954,0,0.5
1783082156803355136,0.001,0,0,-0.679923,0.000957381,0,0.5
1783082156804355072,0.001,-0.678348,-0.678348,-0.679922,0.00094376,0,0.5
1783082156805355008,0.001,0,0,-0.679921,0.000960187,0,0.5
1783082156806354944,0.001,-0.678348,-0.678348,-0.67992,0.000946386,0,0.5
1783082156807354880,0.001,0,0,-0.679919,0.000962813,0,0.5
1783082156808354816,0.001,-0.678348,-0.678348,-0.679918,0.000948843,0,0.5
1783082156809354752,0.001,-0.678348,-0.678348,-0.679917,0.000935736,0,0.5
1783082156810354688,0.001,-0.678348,-0.678348,-0.679916,0.000923426,0,0.5
1783082156811354624,0.001,-0.678348,-0.678348,-0.679915,0.000911856,0,0.5
1783082156812354560,0.001,-0.678348,-0.678348,-0.679914,0.000900972,0,0.5
1783082156813354496,0.001,0,0,-0.679913,0.000917397,0,0.5
1783082156814354432,0.001,-0.678348,-0.678348,-0.679912,0.000906178,0,0.5
1783082156815354368,0.001,0,0,-0.679911,0.000922603,0,0.5
1783082156816354304,0.001,-0.678348,-0.678348,-0.67991,0.000911067,0,0.5
1783082156817354240,0.001,0,0,-0.679909,0.000927492,0,0.5
1783082156818354176,0.001,-0.678348,-0.678348,-0.679908,0.000915656,0,0.5
1783082156819354112,0.001,0,0,-0.679907,0.000932082,0,0.5
1783082156820354048,0.001,-0.678348,-0.678348,-0.679906,0.000919963,0,0.5
1783082156821353984,0.001,0,0,-0.679905,0.000936388,0,0.5
1783082156822353920,0.001,-0.678348,-0.678348,-0.679904,0.000924003,0,0.5
1783082156823353856,0.001,0,0,-0.679903,0.000940428,0,0.5
1783082156824353792,0.001,-0.678348,-0.678348,-0.679902,0.000927791,0,0.5
1783082156825353728,0.001,0,0,-0.679901,0.000944216,0,0.5
1783082156826353664,0.001,-0.678348,-0.678348,-0.6799,0.000931343,0,0.5
1783082156827353600,0.001,0,0,-0.679899,0.000947768,0,0.5
1783082156828353536,0.001,0,0,-0.679898,0.000964192,0,0.5
1783082156829353472,0.001,0,0,-0.679897,0.000980617,0,0.5
1783082156830353408,0.001,0,0,-0.679896,0.000997042,0,0.5
1783082156831353344,0.001,0,0,-0.679895,0.00101347,0,0.5
1783082156832353280,0.001,0,0,-0.679894,0.00102989,0,0.5
1783082156833353216,0.001,0,0,-0.679893,0.00104632,0,0.5
1783082156834353152,0.001,0,0,-0.679892,0.00106274,0,0.5
1783082156835353088,0.001,0,0,-0.679891,0.00107917,0,0.5
1783082156836353024,0.001,0,0,-0.67989,0.00109559,0,0.5
1783082156837352960,0.001,0,0,-0.679889,0.00111201,0,0.5
1783082156838352896,0.001,0,0,-0.679888,0.00112844,0,0.5
1783082156839352832,0.001,0,0,-0.679886,0.00114486,0,0.5
1783082156840352768,0.001,0,0,-0.679885,0.00116129,0,0.5
1783082156841352704,0.001,0,0,-0.679884,0.00117771,0,0.5
1783082156842352640,0.001,0,0,-0.679883,0.00119414,0,0.5
1783082156843352576,0.001,0,0,-0.679882,0.00121056,0,0.5
1783082156844352512,0.001,0,0,-0.67988,0.00122699,0,0.5
1783082156845352448,0.001,0,0,-0.679879,0.00124341,0,0.5
1783082156846352384,0.001,0,0,-0.679878,0.00125984,0,0.5
1783082156847352320,0.001,0,0,-0.679877,0.00127626,0,0.5
1783082156848352256,0.001,0,0,-0.679875,0.00129269,0,0.5
1783082156849352192,0.001,0,0,-0.679874,0.00130911,0,0.5
1783082156850352128,0.001,0,0,-0.679873,0.00132554,0,0.5
1783082156851352064,0.001,0,0,-0.679871,0.00134196,0,0.5
1783082156852352000,0.001,0,0,-0.67987,0.00135838,0,0.5
1783082156853351936,0.001,0,0,-0.679869,0.00137481,0,0.5
1783082156854351872,0.001,0,0,-0.679867,0.00139123,0,0.5
1783082156855351808,0.001,0,0,-0.679866,0.00140766,0,0.5
1783082156856351744,0.001,0,0,-0.679865,0.00142408,0,0.5
1783082156857351680,0.001,0,0,-0.679863,0.00144051,0,0.5
1783082156858351616,0.001,0,0,-0.679862,0.00145693,0,0.5
1783082156859351552,0.001,0,0,-0.67986,0.00147336,0,0.5
1783082156860351488,0.001,0,0,-0.679859,0.00148978,0,0.5
1783082156861351424,0.001,0,0,-0.679857,0.00150621,0,0.5
1783082156862351360,0.001,0,0,-0.679856,0.00152263,0,0.5
1783082156863351296,0.001,0,0,-0.679854,0.00153906,0,0.5
1783082156864351232,0.001,0,0,-0.679853,0.00155548,0,0.5
1783082156865351168,0.001,0,0,-0.679851,0.00157191,0,0.5
1783082156866351104,0.001,0,0,-0.67985,0.00158833,0,0.5
1783082156867351040,0.001,0,0,-0.679848,0.00160476,0,0.5
1783082156868350976,0.001,0,0,-0.679846,0.00162118,0,0.5
1783082156869350912,0.001,0,0,-0.679845,0.0016376,0,0.5
1783082156870350848,0.001,0,0,-0.679843,0.00165403,0,0.5
1783082156871350784,0.001,0,0,-0.679841,0.00167045,0,0.5
1783082156872350720,0.001,0,0,-0.67984,0.00168688,0,0.5
1783082156873350656,0.001,0,0,-0.679838,0.0017033,0,0.5
1783082156874350592,0.001,0,0,-0.679836,0.00171973,0,0.5
1783082156875350528,0.001,0,0,-0.679835,0.00173615,0,0.5
1783082156876350464,0.001,0,0,-0.679833,0.00175258,0,0.5
1783082156877350400,0.001,0,0,-0.679831,0.001769,0,0.5
1783082156878350336,0.001,0,0,-0.679829,0.00178543,0,0.5
1783082156879350272,0.001,0,0,-0.679827,0.00180185,0,0.5
1783082156880350208,0.001,0,0,-0.679826,0.00181828,0,0.5
1783082156881350144,0.001,0,0,-0.679824,0.0018347,0,0.5
1783082156882350080,0.001,0,0,-0.679822,0.00185113,0,0.5
1783082156883350016,0.001,0,0,-0.67982,0.00186755,0,0.5
1783082156884349952,0.001,0,0,-0.679818,0.00188398,0,0.5
1783082156885349888,0.001,0,0,-0.679816,0.0019004,0,0.5
1783082156886349824,0.001,0,0,-0.679814,0.00191682,0,0.5
1783082156887349760,0.001,0,0,-0.679813,0.00193325,0,0.5
1783082156888349696,0.001,0,0,-0.679811,0.00194967,0,0.5
1783082156889349632,0.001,0,0,-0.679809,0.0019661,0,0.5
1783082156890349568,0.001,0,0,-0.679807,0.00198252,0,0.5
1783082156891349504,0.001,0,0,-0.679805,0.00199895,0,0.5
1783082156892349440,0.001,0,0,-0.679803,0.00201537,0,0.5
1783082156893349376,0.001,0,0,-0.679801,0.0020318,0,0.5
1783082156894349312,0.001,0,0,-0.679799,0.00204822,0,0.5
1783082156895349248,0.001,0,0,-0.679797,0.00206465,0,0.5
1783082156896349184,0.001,0,0,-0.679794,0.00208107,0,0.5
1783082156897349120,0.001,0,0,-0.679792,0.0020975,0,0.5
1783082156898349056,0.001,0,0,-0.67979,0.00211392,0,0.5
1783082156899348992,0.001,0,0,-0.679788,0.00213035,0,0.5
1783082156900348928,0.001,0,0,-0.679786,0.00214677,0,0.5
1783082156901348864,0.001,0,0,-0.679784,0.00216319,0,0.5
1783082156902348800,0.001,0,0,-0.679782,0.00217962,0,0.5
1783082156903348736,0.001,0,0,-0.679779,0.00219604,0,0.5
1783082156904348672,0.001,-0.678348,-0.678348,-0.679788,0.00205979,0,0.5
1783082156905348608,0.001,-0.678348,-0.678348,-0.679794,0.00194141,0,0.5
1783082156906348544,0.001,-0.678348,-0.678348,-0.6798,0.0018377,0,0.5
1783082156907348480,0.001,-0.678348,-0.678348,-0.679805,0.0017462,0,0.5
1783082156908348416,0.001,0,0,-0.679803,0.00176262,0,0.5
1783082156909348352,0.001,-0.678348,-0.678348,-0.679808,0.00167958,0,0.5
1783082156910348288,0.001,0,0,-0.679806,0.001696,0,0.5
1783082156911348224,0.001,-0.678348,-0.678348,-0.67981,0.00162018,0,0.5
1783082156912348160,0.001,-0.678348,-0.678348,-0.679814,0.00155228,0,0.5
1783082156913348096,0.001,-0.678348,-0.678348,-0.679817,0.00149118,0,0.5
1783082156914348032,0.001,-0.678348,-0.678348,-0.679819,0.00143596,0,0.5
1783082156915347968,0.001,-0.678348,-0.678348,-0.679821,0.00138586,0,0.5
1783082156916347904,0.001,0,0,-0.67982,0.00140228,0,0.5
1783082156917347840,0.001,-0.678348,-0.678348,-0.679822,0.00135523,0,0.5
1783082156918347776,0.001,0,0,-0.67982,0.00137165,0,0.5
1783082156919347712,0.001,-0.678348,-0.678348,-0.679822,0.0013273,0,0.5
1783082156920347648,0.001,0,0,-0.679821,0.00134372,0,0.5
1783082156921347584,0.001,-0.678348,-0.678348,-0.679823,0.00130178,0,0.5
1783082156922347520,0.001,0,0,-0.679821,0.0013182,0,0.5
1783082156923347456,0.001,-0.678348,-0.678348,-0.679823,0.00127843,0,0.5
1783082156924347392,0.001,0,0,-0.679821,0.00129485,0,0.5
1783082156925347328,0.001,-0.678348,-0.678348,-0.679823,0.00125703,0,0.5
1783082156926347264,0.001,0,0,-0.679821,0.00127345,0,0.5
1783082156927347200,0.001,-0.678348,-0.678348,-0.679823,0.00123738,0,0.5
1783082156928347136,0.001,-0.678348,-0.678348,-0.679824,0.00120421,0,0.5
1783082156929347072,0.001,-0.678348,-0.678348,-0.679824,0.00117363,0,0.5
1783082156930347008,0.001,-0.678348,-0.678348,-0.679825,0.00114538,0,0.5
1783082156931346944,0.001,0,0,-0.679824,0.0011618,0,0.5
1783082156932346880,0.001,-0.678348,-0.678348,-0.679824,0.00113443,0,0.5
1783082156933346816,0.001,0,0,-0.679823,0.00115085,0,0.5
1783082156934346752,0.001,-0.678348,-0.678348,-0.679824,0.00112429,0,0.5
1783082156935346688,0.001,0,0,-0.679823,0.00114071,0,0.5
1783082156936346624,0.001,-0.678348,-0.678348,-0.679823,0.00111489,0,0.5
1783082156937346560,0.001,0,0,-0.679822,0.00113131,0,0.5
1783082156938346496,0.001,-0.678348,-0.678348,-0.679822,0.00110617,0,0.5
1783082156939346432,0.001,-0.678348,-0.678348,-0.679823,0.00108284,0,0.5
1783082156940346368,0.001,-0.678348,-0.678348,-0.679823,0.00106115,0,0.5
1783082156941346304,0.001,-0.678348,-0.678348,-0.679823,0.00104095,0,0.5
1783082156942346240,0.001,-0.678348,-0.678348,-0.679823,0.00102212,0,0.5
1783082156943346176,0.001,-0.678348,-0.678348,-0.679823,0.00100454,0,0.5
1783082156944346112,0.001,-0.678348,-0.678348,-0.679822,0.000988109,0,0.5
1783082156945346048,0.001,0,0,-0.679821,0.00100453,0,0.5
1783082156946345984,0.001,-0.678348,-0.678348,-0.679821,0.000988084,0,0.5
1783082156947345920,0.001,-0.678348,-0.678348,-0.679821,0.000972697,0,0.5
1783082156948345856,0.001,-0.678348,-0.678348,-0.679821,0.000958281,0,0.5
1783082156949345792,0.001,-0.678348,-0.678348,-0.67982,0.000944761,0,0.5
1783082156950345728,0.001,-0.678348,-0.678348,-0.67982,0.000932069,0,0.5
1783082156951345664,0.001,-0.678348,-0.678348,-0.679819,0.000920143,0,0.5
1783082156952345600,0.001,-0.678348,-0.678348,-0.679818,0.000908928,0,0.5
1783082156953345536,0.001,0,0,-0.679818,0.000925343,0,0.5
1783082156954345472,0.001,-0.678348,-0.678348,-0.679817,0.000913807,0,0.5
1783082156955345408,0.001,-0.678348,-0.678348,-0.679816,0.000902954,0,0.5
1783082156956345344,0.001,0,0,-0.679815,0.000919369,0,0.5
1783082156957345280,0.001,-0.678348,-0.678348,-0.679815,0.000908175,0,0.5
1783082156958345216,0.001,0,0,-0.679814,0.00092459,0,0.5
1783082156959345152,0.001,-0.678348,-0.678348,-0.679813,0.000913075,0,0.5
1783082156960345088,0.001,0,0,-0.679812,0.000929489,0,0.5
1783082156961345024,0.001,-0.678348,-0.678348,-0.679812,0.00091767,0,0.5
1783082156962344960,0.001,-0.678348,-0.678348,-0.679811,0.000906554,0,0.5
1783082156963344896,0.001,-0.678348,-0.678348,-0.67981,0.00089609,0,0.5
1783082156964344832,0.001,-0.678348,-0.678348,-0.679809,0.000886233,0,0.5
1783082156965344768,0.001,0,0,-0.679809,0.000902647,0,0.5
1783082156966344704,0.001,-0.678348,-0.678348,-0.679808,0.000892397,0,0.5
1783082156967344640,0.001,0,0,-0.679807,0.000908811,0,0.5
1783082156968344576,0.001,-0.678348,-0.678348,-0.679806,0.000898189,0,0.5
1783082156969344512,0.001,0,0,-0.679805,0.000914603,0,0.5
1783082156970344448,0.001,-0.678348,-0.678348,-0.679805,0.000903629,0,0.5
1783082156971344384,0.001,0,0,-0.679804,0.000920043,0,0.5
1783082156972344320,0.001,-0.678348,-0.678348,-0.679803,0.000908736,0,0.5
1783082156973344256,0.001,-0.678348,-0.678348,-0.679802,0.000898096,0,0.5
1783082156974344192,0.001,-0.678348,-0.678348,-0.679801,0.000888074,0,0.5
1783082156975344128,0.001,0,0,-0.6798,0.000904487,0,0.5
1783082156976344064,0.001,-0.678348,-0.678348,-0.679799,0.000894082,0,0.5
1783082156977344000,0.001,0,0,-0.679799,0.000910496,0,0.5
1783082156978343936,0.001,-0.678348,-0.678348,-0.679798,0.000899727,0,0.5
1783082156979343872,0.001,0,0,-0.679797,0.000916141,0,0.5
1783082156980343808,0.001,-0.678348,-0.678348,-0.679796,0.000905029,0,0.5
1783082156981343744,0.001,0,0,-0.679795,0.000921442,0,0.5
1783082156982343680,0.001,-0.678348,-0.678348,-0.679794,0.000910005,0,0.5
1783082156983343616,0.001,0,0,-0.679793,0.000926418,0,0.5
1783082156984343552,0.001,-0.678348,-0.678348,-0.679793,0.000914674,0,0.5
1783082156985343488,0.001,-0.678348,-0.678348,-0.679792,0.000903628,0,0.5
1783082156986343424,0.001,0,0,-0.679791,0.00092004,0,0.5
1783082156987343360,0.001,-0.678348,-0.678348,-0.67979,0.000908666,0,0.5
1783082156988343296,0.001,0,0,-0.679789,0.000925078,0,0.5
1783082156989343232,0.001,-0.678348,-0.678348,-0.679788,0.000913394,0,0.5
1783082156990343168,0.001,-0.678348,-0.678348,-0.679788,0.000902402,0,0.5
1783082156991343104,0.001,0,0,-0.679787,0.000918815,0,0.5
1783082156992343040,0.001,-0.678348,-0.678348,-0.679786,0.000907492,0,0.5
1783082156993342976,0.001,0,0,-0.679785,0.000923904,0,0.5
1783082156994342912,0.001,-0.678348,-0.678348,-0.679784,0.00091227,0,0.5
1783082156995342848,0.001,0,0,-0.679783,0.000928681,0,0.5
1783082156996342784,0.001,-0.678348,-0.678348,-0.679782,0.000916751,0,0.5
1783082156997342720,0.001,0,0,-0.679781,0.000933163,0,0.5
1783082156998342656,0.001,-0.678348,-0.678348,-0.679781,0.000920954,0,0.5
1783082156999342592,0.001,0,0,-0.67978,0.000937366,0,0.5
1783082157000342528,0.001,-0.678348,-0.678348,-0.679779,0.000924895,0,0.5
1783082157001342464,0.001,0,0,-0.679778,0.000941306,0,0.5
1783082157002342400,0.001,-0.678348,-0.678348,-0.679777,0.000928587,0,0.5
1783082157003342336,0.001,0,0,-0.679776,0.000944999,0,0.5
1783082157004342272,0.001,-0.678348,-0.678348,-0.679775,0.000932046,0,0.5
1783082157005342208,0.001,0,0,-0.679774,0.000948458,0,0.5
1783082157006342144,0.001,-0.678348,-0.678348,-0.679774,0.000935286,0,0.5
1783082157007342080,0.001,0,0,-0.679773,0.000951697,0,0.5
1783082157008342016,0.001,-0.678348,-0.678348,-0.679772,0.000938319,0,0.5
1783082157009341952,0.001,-0.678348,-0.678348,-0.679771,0.000925758,0,0.5
1783082157010341888,0.001,-0.678348,-0.678348,-0.67977,0.000913954,0,0.5
1783082157011341824,0.001,0,0,-0.679769,0.000930365,0,0.5
1783082157012341760,0.001,-0.678348,-0.678348,-0.679768,0.000918276,0,0.5
1783082157013341696,0.001,0,0,-0.679768,0.000934687,0,0.5
1783082157014341632,0.001,-0.678348,-0.678348,-0.679767,0.00092233,0,0.5
1783082157015341568,0.001,0,0,-0.679766,0.00093874,0,0.5
1783082157016341504,0.001,-0.678348,-0.678348,-0.679765,0.00092613,0,0.5
1783082157017341440,0.001,-0.678348,-0.678348,-0.679764,0.00091428,0,0.5
1783082157018341376,0.001,-0.678348,-0.678348,-0.679763,0.000903137,0,0.5
1783082157019341312,0.001,0,0,-0.679762,0.000919547,0,0.5
1783082157020341248,0.001,-0.678348,-0.678348,-0.679761,0.000908082,0,0.5
1783082157021341184,0.001,0,0,-0.67976,0.000924492,0,0.5
1783082157022341120,0.001,-0.678348,-0.678348,-0.67976,0.000912724,0,0.5
1783082157023341056,0.001,0,0,-0.679759,0.000929134,0,0.5
1783082157024340992,0.001,-0.678348,-0.678348,-0.679758,0.00091708,0,0.5
1783082157025340928,0.001,-0.678348,-0.678348,-0.679757,0.000905747,0,0.5
1783082157026340864,0.001,-0.678348,-0.678348,-0.679756,0.000895084,0,0.5
1783082157027340800,0.001,-0.678348,-0.678348,-0.679755,0.000885042,0,0.5
1783082157028340736,0.001,0,0,-0.679754,0.000901451,0,0.5
1783082157029340672,0.001,-0.678348,-0.678348,-0.679753,0.00089103,0,0.5
1783082157030340608,0.001,-0.678348,-0.678348,-0.679752,0.000881215,0,0.5
1783082157031340544,0.001,0,0,-0.679751,0.000897624,0,0.5
1783082157032340480,0.001,-0.678348,-0.678348,-0.67975,0.000887417,0,0.5
1783082157033340416,0.001,-0.678348,-0.678348,-0.679749,0.000877802,0,0.5
1783082157034340352,0.001,-0.678348,-0.678348,-0.679748,0.000868736,0,0.5
1783082157035340288,0.001,0,0,-0.679748,0.000885145,0,0.5
1783082157036340224,0.001,-0.678348,-0.678348,-0.679747,0.00087565,0,0.5
1783082157037340160,0.001,-0.678348,-0.678348,-0.679745,0.000866698,0,0.5
1783082157038340096,0.001,-0.678348,-0.678348,-0.679744,0.000858252,0,0.5
1783082157039340032,0.001,0,0,-0.679744,0.00087466,0,0.5
1783082157040339968,0.001,-0.678348,-0.678348,-0.679743,0.000865755,0,0.5
1783082157041339904,0.001,-0.678348,-0.678348,-0.679742,0.000857352,0,0.5
1783082157042339840,0.001,-0.678348,-0.678348,-0.679741,0.000849419,0,0.5
1783082157043339776,0.001,-0.678348,-0.678348,-0.679739,0.000841925,0,0.5
1783082157044339712,0.001,-0.678348,-0.678348,-0.679738,0.000834842,0,0.5
1783082157045339648,0.001,-0.678348,-0.678348,-0.679737,0.000828144,0,0.5
1783082157046339584,0.001,-0.678348,-0.678348,-0.679736,0.000821807,0,0.5
1783082157047339520,0.001,0,0,-0.679735,0.000838215,0,0.5
1783082157048339456,0.001,-0.678348,-0.678348,-0.679734,0.000831322,0,0.5
1783082157049339392,0.001,-0.678348,-0.678348,-0.679733,0.000824802,0,0.5
1783082157050339328,0.001,-0.678348,-0.678348,-0.679732,0.000818633,0,0.5
1783082157051339264,0.001,0,0,-0.679731,0.00083504,0,0.5
1783082157052339200,0.001,0,0,-0.67973,0.000851447,0,0.5
1783082157053339136,0.001,0,0,-0.679729,0.000867854,0,0.5
1783082157054339072,0.001,0,0,-0.679729,0.000884262,0,0.5
1783082157055339008,0.001,0,0,-0.679728,0.000900669,0,0.5
1783082157056338944,0.001,0,0,-0.679727,0.000917076,0,0.5
1783082157057338880,0.001,0,0,-0.679726,0.000933483,0,0.5
1783082157058338816,0.001,0,0,-0.679725,0.00094989,0,0.5
1783082157059338752,0.001,0,0,-0.679724,0.000966298,0,0.5
1783082157060338688,0.001,0,0,-0.679723,0.000982705,0,0.5
1783082157061338624,0.001,0,0,-0.679722,0.000999112,0,0.5
1783082157062338560,0.001,0,0,-0.679721,0.00101552,0,0.5
1783082157063338496,0.001,0,0,-0.67972,0.00103193,0,0.5
1783082157064338432,0.001,0,0,-0.679719,0.00104833,0,0.5
1783082157065338368,0.001,0,0,-0.679718,0.00106474,0,0.5
1783082157066338304,0.001,0,0,-0.679717,0.00108115,0,0.5
1783082157067338240,0.001,0,0,-0.679716,0.00109756,0,0.5
1783082157068338176,0.001,0,0,-0.679715,0.00111396,0,0.5
1783082157069338112,0.001,0,0,-0.679713,0.00113037,0,0.5
1783082157070338048,0.001,0,0,-0.679712,0.00114678,0,0.5
1783082157071337984,0.001,0,0,-0.679711,0.00116318,0,0.5
1783082157072337920,0.001,0,0,-0.67971,0.00117959,0,0.5
1783082157073337856,0.001,0,0,-0.679709,0.001196,0,0.5
1783082157074337792,0.001,0,0,-0.679708,0.00121241,0,0.5
1783082157075337728,0.001,0,0,-0.679706,0.00122881,0,0.5
1783082157076337664,0.001,0,0,-0.679705,0.00124522,0,0.5
1783082157077337600,0.001,0,0,-0.679704,0.00126163,0,0.5
1783082157078337536,0.001,0,0,-0.679703,0.00127803,0,0.5
1783082157079337472,0.001,0,0,-0.679701,0.00129444,0,0.5
1783082157080337408,0.001,0,0,-0.6797,0.00131085,0,0.5
1783082157081337344,0.001,0,0,-0.679699,0.00132726,0,0.5
1783082157082337280,0.001,0,0,-0.679697,0.00134366,0,0.5
1783082157083337216,0.001,0,0,-0.679696,0.00136007,0,0.5
1783082157084337152,0.001,0,0,-0.679695,0.00137648,0,0.5
1783082157085337088,0.001,0,0,-0.679693,0.00139289,0,0.5
1783082157086337024,0.001,0,0,-0.679692,0.00140929,0,0.5
1783082157087336960,0.001,0,0,-0.67969,0.0014257,0,0.5
1783082157088336896,0.001,0,0,-0.679689,0.00144211,0,0.5
1783082157089336832,0.001,0,0,-0.679688,0.00145851,0,0.5
1783082157090336768,0.001,0,0,-0.679686,0.00147492,0,0.5
1783082157091336704,0.001,0,0,-0.679685,0.00149133,0,0.5
1783082157092336640,0.001,0,0,-0.679683,0.00150774,0,0.5
1783082157093336576,0.001,0,0,-0.679682,0.00152414,0,0.5
1783082157094336512,0.001,0,0,-0.67968,0.00154055,0,0.5
1783082157095336448,0.001,0,0,-0.679678,0.00155696,0,0.5
1783082157096336384,0.001,0,0,-0.679677,0.00157336,0,0.5
1783082157097336320,0.001,0,0,-0.679675,0.00158977,0,0.5
1783082157098336256,0.001,0,0,-0.679674,0.00160618,0,0.5
1783082157099336192,0.001,0,0,-0.679672,0.00162259,0,0.5
1783082157100336128,0.001,0,0,-0.679671,0.00163899,0,0.5
1783082157101336064,0.001,0,0,-0.679669,0.0016554,0,0.5
1783082157102336000,0.001,0,0,-0.679667,0.00167181,0,0.5
1783082157103335936,0.001,0,0,-0.679666,0.00168822,0,0.5
1783082157104335872,0.001,0,0,-0.679664,0.00170462,0,0.5
1783082157105335808,0.001,0,0,-0.679662,0.00172103,0,0.5
1783082157106335744,0.001,0,0,-0.67966,0.00173744,0,0.5
1783082157107335680,0.001,0,0,-0.679659,0.00175384,0,0.5
1783082157108335616,0.001,0,0,-0.679657,0.00177025,0,0.5
1783082157109335552,0.001,0,0,-0.679655,0.00178666,0,0.5
1783082157110335488,0.001,0,0,-0.679653,0.00180307,0,0.5
1783082157111335424,0.001,0,0,-0.679651,0.00181947,0,0.5
1783082157112335360,0.001,0,0,-0.67965,0.00183588,0,0.5
1783082157113335296,0.001,0,0,-0.679648,0.00185229,0,0.5
1783082157114335232,0.001,0,0,-0.679646,0.00186869,0,0.5
1783082157115335168,0.001,0,0,-0.679644,0.0018851,0,0.5
1783082157116335104,0.001,0,0,-0.679642,0.00190151,0,0.5
1783082157117335040,0.001,0,0,-0.67964,0.00191792,0,0.5
1783082157118334976,0.001,0,0,-0.679638,0.00193432,0,0.5
1783082157119334912,0.001,0,0,-0.679636,0.00195073,0,0.5
1783082157120334848,0.001,0,0,-0.679634,0.00196714,0,0.5
1783082157121334784,0.001,0,0,-0.679632,0.00198355,0,0.5
1783082157122334720,0.001,0,0,-0.67963,0.00199995,0,0.5
1783082157123334656,0.001,0,0,-0.679628,0.00201636,0,0.5
1783082157124334592,0.001,0,0,-0.679626,0.00203277,0,0.5
1783082157125334528,0.001,-0.678348,-0.678348,-0.679633,0.0019172,0,0.5
1783082157126334464,0.001,0,0,-0.679631,0.0019336,0,0.5
1783082157127334400,0.001,-0.678348,-0.678348,-0.679636,0.00183026,0,0.5
1783082157128334336,0.001,0,0,-0.679634,0.00184667,0,0.5
1783082157129334272,0.001,-0.678348,-0.678348,-0.679639,0.00175359,0,0.5
1783082157130334208,0.001,-0.678348,-0.678348,-0.679643,0.00167102,0,0.5
1783082157131334144,0.001,0,0,-0.679642,0.00168742,0,0.5
1783082157132334080,0.001,-0.678348,-0.678348,-0.679645,0.00161202,0,0.5
1783082157133334016,0.001,-0.678348,-0.678348,-0.679649,0.00154446,0,0.5
1783082157134333952,0.001,0,0,-0.679647,0.00156087,0,0.5
1783082157135333888,0.001,-0.678348,-0.678348,-0.67965,0.00149845,0,0.5
1783082157136333824,0.001,0,0,-0.679648,0.00151486,0,0.5
1783082157137333760,0.001,-0.678348,-0.678348,-0.679651,0.00145693,0,0.5
1783082157138333696,0.001,0,0,-0.67965,0.00147334,0,0.5
1783082157139333632,0.001,-0.678348,-0.678348,-0.679652,0.00141936,0,0.5
1783082157140333568,0.001,0,0,-0.679651,0.00143576,0,0.5
1783082157141333504,0.001,-0.678348,-0.678348,-0.679653,0.00138527,0,0.5
1783082157142333440,0.001,0,0,-0.679651,0.00140167,0,0.5
1783082157143333376,0.001,-0.678348,-0.678348,-0.679653,0.00135426,0,0.5
1783082157144333312,0.001,0,0,-0.679652,0.00137066,0,0.5
1783082157145333248,0.001,-0.678348,-0.678348,-0.679654,0.001326,0,0.5
1783082157146333184,0.001,0,0,-0.679652,0.0013424,0,0.5
1783082157147333120,0.001,-0.678348,-0.678348,-0.679654,0.00130018,0,0.5
1783082157148333056,0.001,0,0,-0.679653,0.00131659,0,0.5
1783082157149332992,0.001,-0.678348,-0.678348,-0.679654,0.00127657,0,0.5
1783082157150332928,0.001,0,0,-0.679653,0.00129297,0,0.5
1783082157151332864,0.001,-0.678348,-0.678348,-0.679654,0.00125493,0,0.5
1783082157152332800,0.001,-0.678348,-0.678348,-0.679655,0.00121999,0,0.5
1783082157153332736,0.001,-0.678348,-0.678348,-0.679656,0.00118783,0,0.5
1783082157154332672,0.001,-0.678348,-0.678348,-0.679657,0.00115817,0,0.5
1783082157155332608,0.001,0,0,-0.679656,0.00117457,0,0.5
1783082157156332544,0.001,-0.678348,-0.678348,-0.679657,0.00114591,0,0.5
1783082157157332480,0.001,0,0,-0.679656,0.00116231,0,0.5
1783082157158332416,0.001,-0.678348,-0.678348,-0.679656,0.00113456,0,0.5
1783082157159332352,0.001,0,0,-0.679655,0.00115097,0,0.5
1783082157160332288,0.001,-0.678348,-0.678348,-0.679656,0.00112407,0,0.5
1783082157161332224,0.001,0,0,-0.679655,0.00114047,0,0.5
1783082157162332160,0.001,-0.678348,-0.678348,-0.679655,0.00111434,0,0.5
1783082157163332096,0.001,0,0,-0.679654,0.00113074,0,0.5
1783082157164332032,0.001,-0.678348,-0.678348,-0.679655,0.00110532,0,0.5
1783082157165331968,0.001,0,0,-0.679653,0.00112172,0,0.5
1783082157166331904,0.001,-0.678348,-0.678348,-0.679654,0.00109696,0,0.5
1783082157167331840,0.001,0,0,-0.679653,0.00111336,0,0.5
1783082157168331776,0.001,-0.678348,-0.678348,-0.679653,0.00108919,0,0.5
1783082157169331712,0.001,-0.678348,-0.678348,-0.679653,0.00106674,0,0.5
1783082157170331648,0.001,0,0,-0.679652,0.00108314,0,0.5
1783082157171331584,0.001,-0.678348,-0.678348,-0.679653,0.00106112,0,0.5
1783082157172331520,0.001,0,0,-0.679652,0.00107752,0,0.5
1783082157173331456,0.001,-0.678348,-0.678348,-0.679652,0.00105588,0,0.5
1783082157174331392,0.001,0,0,-0.679651,0.00107227,0,0.5
1783082157175331328,0.001,-0.678348,-0.678348,-0.679651,0.001051,0,0.5
1783082157176331264,0.001,0,0,-0.67965,0.00106739,0,0.5
1783082157177331200,0.001,-0.678348,-0.678348,-0.67965,0.00104645,0,0.5
1783082157178331136,0.001,0,0,-0.679649,0.00106285,0,0.5
1783082157179331072,0.001,-0.678348,-0.678348,-0.679649,0.00104221,0,0.5
1783082157180331008,0.001,-0.678348,-0.678348,-0.679649,0.00102297,0,0.5
1783082157181330944,0.001,0,0,-0.679648,0.00103937,0,0.5
1783082157182330880,0.001,-0.678348,-0.678348,-0.679648,0.00102032,0,0.5
1783082157183330816,0.001,-0.678348,-0.678348,-0.679648,0.00100254,0,0.5
1783082157184330752,0.001,0,0,-0.679647,0.00101894,0,0.5
1783082157185330688,0.001,-0.678348,-0.678348,-0.679647,0.00100124,0,0.5
1783082157186330624,0.001,0,0,-0.679646,0.00101764,0,0.5
1783082157187330560,0.001,-0.678348,-0.678348,-0.679646,0.00100003,0,0.5
1783082157188330496,0.001,0,0,-0.679645,0.00101643,0,0.5
1783082157189330432,0.001,-0.678348,-0.678348,-0.679645,0.000998885,0,0.5
1783082157190330368,0.001,0,0,-0.679644,0.00101528,0,0.5
1783082157191330304,0.001,-0.678348,-0.678348,-0.679643,0.000997811,0,0.5
1783082157192330240,0.001,0,0,-0.679642,0.00101421,0,0.5
1783082157193330176,0.001,-0.678348,-0.678348,-0.679642,0.000996802,0,0.5
1783082157194330112,0.001,0,0,-0.679641,0.0010132,0,0.5
1783082157195330048,0.001,-0.678348,-0.678348,-0.679641,0.000995853,0,0.5
1783082157196329984,0.001,0,0,-0.67964,0.00101225,0,0.5
1783082157197329920,0.001,-0.678348,-0.678348,-0.67964,0.00099496,0,0.5
1783082157198329856,0.001,0,0,-0.679639,0.00101136,0,0.5
1783082157199329792,0.001,-0.678348,-0.678348,-0.679639,0.00099412,0,0.5
1783082157200329728,0.001,0,0,-0.679638,0.00101052,0,0.5
1783082157201329664,0.001,-0.678348,-0.678348,-0.679637,0.000993328,0,0.5
1783082157202329600,0.001,0,0,-0.679636,0.00100973,0,0.5
1783082157203329536,0.001,-0.678348,-0.678348,-0.679636,0.000992583,0,0.5
1783082157204329472,0.001,-0.678348,-0.678348,-0.679636,0.000976552,0,0.5
1783082157205329408,0.001,0,0,-0.679635,0.000992949,0,0.5
1783082157206329344,0.001,-0.678348,-0.678348,-0.679635,0.000976888,0,0.5
1783082157207329280,0.001,0,0,-0.679634,0.000993284,0,0.5
1783082157208329216,0.001,-0.678348,-0.678348,-0.679633,0.000977196,0,0.5
1783082157209329152,0.001,0,0,-0.679632,0.000993592,0,0.5
1783082157210329088,0.001,-0.678348,-0.678348,-0.679632,0.000977478,0,0.5
1783082157211329024,0.001,0,0,-0.679631,0.000993874,0,0.5
1783082157212328960,0.001,-0.678348,-0.678348,-0.679631,0.000977735,0,0.5
1783082157213328896,0.001,-0.678348,-0.678348,-0.67963,0.000962628,0,0.5
1783082157214328832,0.001,0,0,-0.679629,0.000979023,0,0.5
1783082157215328768,0.001,-0.678348,-0.678348,-0.679629,0.000963828,0,0.5
1783082157216328704,0.001,0,0,-0.679628,0.000980223,0,0.5
1783082157217328640,0.001,-0.678348,-0.678348,-0.679628,0.000964945,0,0.5
1783082157218328576,0.001,0,0,-0.679627,0.00098134,0,0.5
1783082157219328512,0.001,-0.678348,-0.678348,-0.679626,0.000965985,0,0.5
1783082157220328448,0.001,0,0,-0.679625,0.00098238,0,0.5
1783082157221328384,0.001,-0.678348,-0.678348,-0.679625,0.000966952,0,0.5
1783082157222328320,0.001,0,0,-0.679624,0.000983347,0,0.5
1783082157223328256,0.001,-0.678348,-0.678348,-0.679624,0.000967852,0,0.5
1783082157224328192,0.001,0,0,-0.679623,0.000984246,0,0.5
1783082157225328128,0.001,-0.678348,-0.678348,-0.679622,0.000968688,0,0.5
1783082157226328064,0.001,0,0,-0.679621,0.000985082,0,0.5
1783082157227328000,0.001,-0.678348,-0.678348,-0.679621,0.000969464,0,0.5
1783082157228327936,0.001,-0.678348,-0.678348,-0.67962,0.000954836,0,0.5
1783082157229327872,0.001,0,0,-0.679619,0.00097123,0,0.5
1783082157230327808,0.001,-0.678348,-0.678348,-0.679619,0.000956485,0,0.5
1783082157231327744,0.001,0,0,-0.679618,0.000972879,0,0.5
1783082157232327680,0.001,-0.678348,-0.678348,-0.679618,0.000958023,0,0.5
1783082157233327616,0.001,0,0,-0.679617,0.000974417,0,0.5
1783082157234327552,0.001,-0.678348,-0.678348,-0.679616,0.000959459,0,0.5
1783082157235327488,0.001,0,0,-0.679615,0.000975853,0,0.5
1783082157236327424,0.001,-0.678348,-0.678348,-0.679615,0.000960797,0,0.5
1783082157237327360,0.001,-0.678348,-0.678348,-0.679614,0.000946688,0,0.5
1783082157238327296,0.001,0,0,-0.679613,0.000963081,0,0.5
1783082157239327232,0.001,-0.678348,-0.678348,-0.679613,0.000948823,0,0.5
1783082157240327168,0.001,0,0,-0.679612,0.000965217,0,0.5
1783082157241327104,0.001,-0.678348,-0.678348,-0.679611,0.000950819,0,0.5
1783082157242327040,0.001,-0.678348,-0.678348,-0.679611,0.000937317,0,0.5
1783082157243326976,0.001,-0.678348,-0.678348,-0.67961,0.000924642,0,0.5
1783082157244326912,0.001,0,0,-0.679609,0.000941035,0,0.5
1783082157245326848,0.001,-0.678348,-0.678348,-0.679609,0.000928128,0,0.5
1783082157246326784,0.001,0,0,-0.679608,0.000944521,0,0.5
1783082157247326720,0.001,-0.678348,-0.678348,-0.679607,0.000931393,0,0.5
1783082157248326656,0.001,0,0,-0.679606,0.000947786,0,0.5
1783082157249326592,0.001,-0.678348,-0.678348,-0.679606,0.000934451,0,0.5
1783082157250326528,0.001,0,0,-0.679605,0.000950843,0,0.5
1783082157251326464,0.001,-0.678348,-0.678348,-0.679604,0.000937314,0,0.5
1783082157252326400,0.001,-0.678348,-0.678348,-0.679604,0.000924614,0,0.5
1783082157253326336,0.001,0,0,-0.679603,0.000941006,0,0.5
1783082157254326272,0.001,-0.678348,-0.678348,-0.679602,0.000928075,0,0.5
1783082157255326208,0.001,0,0,-0.679601,0.000944467,0,0.5
1783082157256326144,0.001,-0.678348,-0.678348,-0.679601,0.000931318,0,0.5
1783082157257326080,0.001,0,0,-0.6796,0.00094771,0,0.5
1783082157258326016,0.001,-0.678348,-0.678348,-0.679599,0.000934355,0,0.5
1783082157259325952,0.001,-0.678348,-0.678348,-0.679598,0.000921817,0,0.5
1783082157260325888,0.001,0,0,-0.679597,0.000938209,0,0.5
1783082157261325824,0.001,-0.678348,-0.678348,-0.679597,0.00092543,0,0.5
1783082157262325760,0.001,-0.678348,-0.678348,-0.679596,0.000913426,0,0.5
1783082157263325696,0.001,-0.678348,-0.678348,-0.679595,0.00090214,0,0.5
1783082157264325632,0.001,-0.678348,-0.678348,-0.679595,0.000891521,0,0.5
1783082157265325568,0.001,-0.678348,-0.678348,-0.679594,0.000881522,0,0.5
1783082157266325504,0.001,-0.678348,-0.678348,-0.679593,0.0008721,0,0.5
1783082157267325440,0.001,-0.678348,-0.678348,-0.679592,0.000863215,0,0.5
1783082157268325376,0.001,-0.678348,-0.678348,-0.679592,0.000854832,0,0.5
1783082157269325312,0.001,-0.678348,-0.678348,-0.679591,0.000846918,0,0.5
1783082157270325248,0.001,-0.678348,-0.678348,-0.67959,0.000839443,0,0.5
1783082157271325184,0.001,-0.678348,-0.678348,-0.679589,0.000832377,0,0.5
1783082157272325120,0.001,-0.678348,-0.678348,-0.679588,0.000825696,0,0.5
1783082157273325056,0.001,0,0,-0.679587,0.000842086,0,0.5
1783082157274324992,0.001,0,0,-0.679586,0.000858477,0,0.5
1783082157275324928,0.001,0,0,-0.679586,0.000874867,0,0.5
1783082157276324864,0.001,0,0,-0.679585,0.000891257,0,0.5
1783082157277324800,0.001,0,0,-0.679584,0.000907648,0,0.5
1783082157278324736,0.001,0,0,-0.679583,0.000924038,0,0.5
1783082157279324672,0.001,0,0,-0.679582,0.000940429,0,0.5
1783082157280324608,0.001,0,0,-0.679581,0.000956819,0,0.5
1783082157281324544,0.001,0,0,-0.67958,0.00097321,0,0.5
1783082157282324480,0.001,0,0,-0.679579,0.0009896,0,0.5
1783082157283324416,0.001,0,0,-0.679578,0.00100599,0,0.5
1783082157284324352,0.001,0,0,-0.679577,0.00102238,0,0.5
1783082157285324288,0.001,0,0,-0.679576,0.00103877,0,0.5
1783082157286324224,0.001,0,0,-0.679575,0.00105516,0,0.5
1783082157287324160,0.001,0,0,-0.679574,0.00107155,0,0.5
1783082157288324096,0.001,0,0,-0.679573,0.00108794,0,0.5
1783082157289324032,0.001,0,0,-0.679572,0.00110433,0,0.5
1783082157290323968,0.001,-0.678348,-0.678348,-0.679572,0.00108044,0,0.5
1783082157291323904,0.001,-0.678348,-0.678348,-0.679571,0.00105825,0,0.5
1783082157292323840,0.001,0,0,-0.67957,0.00107464,0,0.5
1783082157293323776,0.001,-0.678348,-0.678348,-0.67957,0.00105284,0,0.5
1783082157294323712,0.001,-0.678348,-0.678348,-0.67957,0.00103255,0,0.5
1783082157295323648,0.001,-0.678348,-0.678348,-0.679569,0.00101364,0,0.5
1783082157296323584,0.001,-0.678348,-0.678348,-0.679569,0.000995981,0,0.5
1783082157297323520,0.001,-0.678348,-0.678348,-0.679568,0.000979478,0,0.5
1783082157298323456,0.001,-0.678348,-0.678348,-0.679568,0.000964037,0,0.5
1783082157299323392,0.001,-0.678348,-0.678348,-0.679567,0.000949574,0,0.5
1783082157300323328,0.001,-0.678348,-0.678348,-0.679567,0.000936012,0,0.5
1783082157301323264,0.001,-0.678348,-0.678348,-0.679566,0.000923284,0,0.5
1783082157302323200,0.001,-0.678348,-0.678348,-0.679565,0.000911327,0,0.5
1783082157303323136,0.001,-0.678348,-0.678348,-0.679565,0.000900086,0,0.5
1783082157304323072,0.001,-0.678348,-0.678348,-0.679564,0.00088951,0,0.5
1783082157305323008,0.001,-0.678348,-0.678348,-0.679563,0.000879551,0,0.5
1783082157306322944,0.001,-0.678348,-0.678348,-0.679563,0.000870168,0,0.5
1783082157307322880,0.001,-0.678348,-0.678348,-0.679562,0.00086132,0,0.5
1783082157308322816,0.001,-0.678348,-0.678348,-0.679561,0.000852972,0,0.5
1783082157309322752,0.001,-0.678348,-0.678348,-0.67956,0.000845092,0,0.5
1783082157310322688,0.001,-0.678348,-0.678348,-0.679559,0.000837648,0,0.5
1783082157311322624,0.001,-0.678348,-0.678348,-0.679558,0.000830614,0,0.5
1783082157312322560,0.001,-0.678348,-0.678348,-0.679558,0.000823962,0,0.5
1783082157313322496,0.001,-0.678348,-0.678348,-0.679557,0.000817669,0,0.5
1783082157314322432,0.001,-0.678348,-0.678348,-0.679556,0.000811714,0,0.5
1783082157315322368,0.001,-0.678348,-0.678348,-0.679555,0.000806074,0,0.5
1783082157316322304,0.001,-0.678348,-0.678348,-0.679554,0.000800732,0,0.5
1783082157317322240,0.001,-0.678348,-0.678348,-0.679553,0.00079567,0,0.5
1783082157318322176,0.001,-0.678348,-0.678348,-0.679552,0.000790871,0,0.5
1783082157319322112,0.001,-0.678348,-0.678348,-0.679551,0.00078632,0,0.5
1783082157320322048,0.001,-0.678348,-0.678348,-0.67955,0.000782003,0,0.5
1783082157321321984,0.001,-0.678348,-0.678348,-0.679549,0.000777906,0,0.5
1783082157322321920,0.001,-0.678348,-0.678348,-0.679548,0.000774016,0,0.5
1783082157323321856,0.001,-0.678348,-0.678348,-0.679547,0.000770323,0,0.5
1783082157324321792,0.001,-0.678348,-0.678348,-0.679546,0.000766815,0,0.5
1783082157325321728,0.001,-0.678348,-0.678348,-0.679545,0.000763482,0,0.5
1783082157326321664,0.001,-0.678348,-0.678348,-0.679544,0.000760314,0,0.5
1783082157327321600,0.001,-0.678348,-0.678348,-0.679543,0.000757302,0,0.5
1783082157328321536,0.001,-0.678348,-0.678348,-0.679542,0.000754438,0,0.5
1783082157329321472,0.001,-0.678348,-0.678348,-0.679541,0.000751715,0,0.5
1783082157330321408,0.001,-0.678348,-0.678348,-0.67954,0.000749123,0,0.5
1783082157331321344,0.001,-0.678348,-0.678348,-0.679538,0.000746657,0,0.5
1783082157332321280,0.001,-0.678348,-0.678348,-0.679537,0.00074431,0,0.5
1783082157333321216,0.001,-0.678348,-0.678348,-0.679536,0.000742076,0,0.5
1783082157334321152,0.001,-0.678348,-0.678348,-0.679535,0.000739949,0,0.5
1783082157335321088,0.001,-0.678348,-0.678348,-0.679534,0.000737922,0,0.5
1783082157336321024,0.001,-0.678348,-0.678348,-0.679533,0.000735992,0,0.5
1783082157337320960,0.001,-0.678348,-0.678348,-0.679532,0.000734153,0,0.5
1783082157338320896,0.001,-0.678348,-0.678348,-0.679531,0.0007324,0,0.5
1783082157339320832,0.001,-0.678348,-0.678348,-0.67953,0.00073073,0,0.5
1783082157340320768,0.001,-0.678348,-0.678348,-0.679529,0.000729137,0,0.5
1783082157341320704,0.001,-0.678348,-0.678348,-0.679528,0.000727618,0,0.5
1783082157342320640,0.001,-0.678348,-0.678348,-0.679526,0.00072617,0,0.5
1783082157343320576,0.001,-0.678348,-0.678348,-0.679525,0.000724788,0,0.5
1783082157344320512,0.001,-0.678348,-0.678348,-0.679524,0.00072347,0,0.5
1783082157345320448,0.001,-0.678348,-0.678348,-0.679523,0.000722213,0,0.5
1783082157346320384,0.001,-0.678348,-0.678348,-0.679522,0.000721012,0,0.5
1783082157347320320,0.001,-0.678348,-0.678348,-0.679521,0.000719866,0,0.5
1783082157348320256,0.001,-0.678348,-0.678348,-0.67952,0.000718772,0,0.5
1783082157349320192,0.001,-0.678348,-0.678348,-0.679518,0.000717728,0,0.5
1783082157350320128,0.001,-0.678348,-0.678348,-0.679517,0.00071673,0,0.5
1783082157351320064,0.001,-0.678348,-0.678348,-0.679516,0.000715777,0,0.5
1783082157352320000,0.001,-0.678348,-0.678348,-0.679515,0.000714866,0,0.5
1783082157353319936,0.001,-0.678348,-0.678348,-0.679514,0.000713996,0,0.5
1783082157354319872,0.001,-0.678348,-0.678348,-0.679513,0.000713164,0,0.5
1783082157355319808,0.001,-0.678348,-0.678348,-0.679512,0.00071237,0,0.5
1783082157356319744,0.001,-0.678348,-0.678348,-0.67951,0.000711609,0,0.5
1783082157357319680,0.001,-0.678348,-0.678348,-0.679509,0.000710883,0,0.5
1783082157358319616,0.001,-0.678348,-0.678348,-0.679508,0.000710187,0,0.5
1783082157359319552,0.001,-0.678348,-0.678348,-0.679507,0.000709522,0,0.5
1783082157360319488,0.001,-0.678348,-0.678348,-0.679506,0.000708886,0,0.5
1783082157361319424,0.001,-0.678348,-0.678348,-0.679505,0.000708277,0,0.5
1783082157362319360,0.001,-0.678348,-0.678348,-0.679504,0.000707694,0,0.5
1783082157363319296,0.001,-0.678348,-0.678348,-0.679502,0.000707136,0,0.5
1783082157364319232,0.001,-0.678348,-0.678348,-0.679501,0.000706602,0,0.5
1783082157365319168,0.001,-0.678348,-0.678348,-0.6795,0.00070609,0,0.5
1783082157366319104,0.001,-0.678348,-0.678348,-0.679499,0.0007056,0,0.5
1783082157367319040,0.001,-0.678348,-0.678348,-0.679498,0.00070513,0,0.5
1783082157368318976,0.001,-0.678348,-0.678348,-0.679497,0.00070468,0,0.5
1783082157369318912,0.001,-0.678348,-0.678348,-0.679495,0.000704249,0,0.5
1783082157370318848,0.001,-0.678348,-0.678348,-0.679494,0.000703835,0,0.5
1783082157371318784,0.001,-0.678348,-0.678348,-0.679493,0.000703439,0,0.5
1783082157372318720,0.001,-0.678348,-0.678348,-0.679492,0.000703058,0,0.5
1783082157373318656,0.001,-0.678348,-0.678348,-0.679491,0.000702693,0,0.5
1783082157374318592,0.001,-0.678348,-0.678348,-0.67949,0.000702343,0,0.5
1783082157375318528,0.001,-0.678348,-0.678348,-0.679488,0.000702007,0,0.5
1783082157376318464,0.001,-0.678348,-0.678348,-0.679487,0.000701684,0,0.5
1783082157377318400,0.001,-0.678348,-0.678348,-0.679486,0.000701374,0,0.5
1783082157378318336,0.001,-0.678348,-0.678348,-0.679485,0.000701077,0,0.5
1783082157379318272,0.001,-0.678348,-0.678348,-0.679484,0.000700791,0,0.5
1783082157380318208,0.001,-0.678348,-0.678348,-0.679483,0.000700516,0,0.5
1783082157381318144,0.001,-0.678348,-0.678348,-0.679482,0.000700252,0,0.5
1783082157382318080,0.001,-0.678348,-0.678348,-0.67948,0.000699998,0,0.5
1783082157383318016,0.001,-0.678348,-0.678348,-0.679479,0.000699754,0,0.5
1783082157384317952,0.001,-0.678348,-0.678348,-0.679478,0.000699519,0,0.5
1783082157385317888,0.001,-0.678348,-0.678348,-0.679477,0.000699293,0,0.5
1783082157386317824,0.001,-0.678348,-0.678348,-0.679476,0.000699075,0,0.5
1783082157387317760,0.001,-0.678348,-0.678348,-0.679475,0.000698866,0,0.5
1783082157388317696,0.001,-0.678348,-0.678348,-0.679473,0.000698664,0,0.5
1783082157389317632,0.001,-0.678348,-0.678348,-0.679472,0.000698469,0,0.5
1783082157390317568,0.001,0,0,-0.679472,0.00071485,0,0.5
1783082157391317504,0.001,-0.678348,-0.678348,-0.67947,0.000713891,0,0.5
1783082157392317440,0.001,0,0,-0.67947,0.000730272,0,0.5
1783082157393317376,0.001,-0.678348,-0.678348,-0.679469,0.000728569,0,0.5
1783082157394317312,0.001,-0.678348,-0.678348,-0.679467,0.000726946,0,0.5
1783082157395317248,0.001,-0.678348,-0.678348,-0.679466,0.0007254,0,0.5
1783082157396317184,0.001,-0.678348,-0.678348,-0.679465,0.000723927,0,0.5
1783082157397317120,0.001,-0.678348,-0.678348,-0.679464,0.000722524,0,0.5
1783082157398317056,0.001,-0.678348,-0.678348,-0.679463,0.000721186,0,0.5
1783082157399316992,0.001,-0.678348,-0.678348,-0.679462,0.000719911,0,0.5
1783082157400316928,0.001,-0.678348,-0.678348,-0.679461,0.000718696,0,0.5
1783082157401316864,0.001,-0.678348,-0.678348,-0.67946,0.000717537,0,0.5
1783082157402316800,0.001,-0.678348,-0.678348,-0.679458,0.000716432,0,0.5
1783082157403316736,0.001,-0.678348,-0.678348,-0.679457,0.000715378,0,0.5
1783082157404316672,0.001,-0.678348,-0.678348,-0.679456,0.000714373,0,0.5
1783082157405316608,0.001,-0.678348,-0.678348,-0.679455,0.000713414,0,0.5
1783082157406316544,0.001,-0.678348,-0.678348,-0.679454,0.000712499,0,0.5
1783082157407316480,0.001,-0.678348,-0.678348,-0.679453,0.000711626,0,0.5
1783082157408316416,0.001,-0.678348,-0.678348,-0.679452,0.000710793,0,0.5
1783082157409316352,0.001,-0.678348,-0.678348,-0.679451,0.000709997,0,0.5
1783082157410316288,0.001,-0.678348,-0.678348,-0.67945,0.000709238,0,0.5
1783082157411316224,0.001,-0.678348,-0.678348,-0.679448,0.000708513,0,0.5
1783082157412316160,0.001,-0.678348,-0.678348,-0.679447,0.000707821,0,0.5
1783082157413316096,0.001,-0.678348,-0.678348,-0.679446,0.00070716,0,0.5
1783082157414316032,0.001,-0.678348,-0.678348,-0.679445,0.000706529,0,0.5
1783082157415315968,0.001,-0.678348,-0.678348,-0.679444,0.000705926,0,0.5
1783082157416315904,0.001,-0.678348,-0.678348,-0.679443,0.00070535,0,0.5
1783082157417315840,0.001,-0.678348,-0.678348,-0.679442,0.0007048,0,0.5
1783082157418315776,0.001,-0.678348,-0.678348,-0.679441,0.000704274,0,0.5
1783082157419315712,0.001,-0.678348,-0.678348,-0.67944,0.000703772,0,0.5
1783082157420315648,0.001,-0.678348,-0.678348,-0.679439,0.000703291,0,0.5
1783082157421315584,0.001,-0.678348,-0.678348,-0.679437,0.000702832,0,0.5
1783082157422315520,0.001,-0.678348,-0.678348,-0.679436,0.000702393,0,0.5
1783082157423315456,0.001,-0.678348,-0.678348,-0.679435,0.000701973,0,0.5
1783082157424315392,0.001,-0.678348,-0.678348,-0.679434,0.000701571,0,0.5
1783082157425315328,0.001,-0.678348,-0.678348,-0.679433,0.000701187,0,0.5
1783082157426315264,0.001,-0.678348,-0.678348,-0.679432,0.000700819,0,0.5
1783082157427315200,0.001,-0.678348,-0.678348,-0.679431,0.000700468,0,0.5
1783082157428315136,0.001,-0.678348,-0.678348,-0.67943,0.000700131,0,0.5
1783082157429315072,0.001,-0.678348,-0.678348,-0.679429,0.000699809,0,0.5
1783082157430315008,0.001,-0.678348,-0.678348,-0.679428,0.0006995,0,0.5
1783082157431314944,0.001,-0.678348,-0.678348,-0.679426,0.000699205,0,0.5
1783082157432314880,0.001,-0.678348,-0.678348,-0.679425,0.000698922,0,0.5
1783082157433314816,0.001,-0.678348,-0.678348,-0.679424,0.000698651,0,0.5
1783082157434314752,0.001,-0.678348,-0.678348,-0.679423,0.000698392,0,0.5
1783082157435314688,0.001,-0.678348,-0.678348,-0.679422,0.000698143,0,0.5
1783082157436314624,0.001,-0.678348,-0.678348,-0.679421,0.000697905,0,0.5
1783082157437314560,0.001,-0.678348,-0.678348,-0.67942,0.000697676,0,0.5
1783082157438314496,0.001,-0.678348,-0.678348,-0.679419,0.000697457,0,0.5
1783082157439314432,0.001,-0.678348,-0.678348,-0.679418,0.000697247,0,0.5
1783082157440314368,0.001,-0.678348,-0.678348,-0.679417,0.000697045,0,0.5
1783082157441314304,0.001,-0.678348,-0.678348,-0.679416,0.000696852,0,0.5
1783082157442314240,0.001,-0.678348,-0.678348,-0.679414,0.000696667,0,0.5
1783082157443314176,0.001,-0.678348,-0.678348,-0.679413,0.000696489,0,0.5
1783082157444314112,0.001,-0.678348,-0.678348,-0.679412,0.000696318,0,0.5
1783082157445314048,0.001,-0.678348,-0.678348,-0.679411,0.000696153,0,0.5
1783082157446313984,0.001,-0.678348,-0.678348,-0.67941,0.000695996,0,0.5
1783082157447313920,0.001,-0.678348,-0.678348,-0.679409,0.000695844,0,0.5
1783082157448313856,0.001,-0.678348,-0.678348,-0.679408,0.000695699,0,0.5
1783082157449313792,0.001,-0.678348,-0.678348,-0.679407,0.000695559,0,0.5
1783082157450313728,0.001,-0.678348,-0.678348,-0.679406,0.000695424,0,0.5
1783082157451313664,0.001,-0.678348,-0.678348,-0.679405,0.000695295,0,0.5
1783082157452313600,0.001,-0.678348,-0.678348,-0.679404,0.000695171,0,0.5
1783082157453313536,0.001,-0.678348,-0.678348,-0.679403,0.000695051,0,0.5
1783082157454313472,0.001,-0.678348,-0.678348,-0.679402,0.000694936,0,0.5
1783082157455313408,0.001,-0.678348,-0.678348,-0.679401,0.000694824,0,0.5
1783082157456313344,0.001,-0.678348,-0.678348,-0.679399,0.000694718,0,0.5
1783082157457313280,0.001,-0.678348,-0.678348,-0.679398,0.000694615,0,0.5
1783082157458313216,0.001,-0.678348,-0.678348,-0.679397,0.000694515,0,0.5
1783082157459313152,0.001,-0.678348,-0.678348,-0.679396,0.00069442,0,0.5
1783082157460313088,0.001,-0.678348,-0.678348,-0.679395,0.000694327,0,0.5
1783082157461313024,0.001,-0.678348,-0.678348,-0.679394,0.000694238,0,0.5
1783082157462312960,0.001,-0.678348,-0.678348,-0.679393,0.000694152,0,0.5
1783082157463312896,0.001,-0.678348,-0.678348,-0.679392,0.000694069,0,0.5
1783082157464312832,0.001,-0.678348,-0.678348,-0.679391,0.000693989,0,0.5
1783082157465312768,0.001,-0.678348,-0.678348,-0.67939,0.000693912,0,0.5
1783082157466312704,0.001,-0.678348,-0.678348,-0.679389,0.000693837,0,0.5
1783082157467312640,0.001,-0.678348,-0.678348,-0.679388,0.000693765,0,0.5
1783082157468312576,0.001,-0.678348,-0.678348,-0.679387,0.000693695,0,0.5
1783082157469312512,0.001,-0.678348,-0.678348,-0.679386,0.000693628,0,0.5
1783082157470312448,0.001,-0.678348,-0.678348,-0.679385,0.000693562,0,0.5
1783082157471312384,0.001,-0.678348,-0.678348,-0.679384,0.000693499,0,0.5
1783082157472312320,0.001,-0.678348,-0.678348,-0.679383,0.000693438,0,0.5
1783082157473312256,0.001,-0.678348,-0.678348,-0.679382,0.000693378,0,0.5
1783082157474312192,0.001,-0.678348,-0.678348,-0.679381,0.000693321,0,0.5
1783082157475312128,0.001,-0.678348,-0.678348,-0.67938,0.000693265,0,0.5
1783082157476312064,0.001,-0.678348,-0.678348,-0.679379,0.000693211,0,0.5
1783082157477312000,0.001,-0.678348,-0.678348,-0.679377,0.000693158,0,0.5
1783082157478311936,0.001,-0.678348,-0.678348,-0.679376,0.000693107,0,0.5
1783082157479311872,0.001,-0.678348,-0.678348,-0.679375,0.000693057,0,0.5
1783082157480311808,0.001,-0.678348,-0.678348,-0.679374,0.000693009,0,0.5
1783082157481311744,0.001,-0.678348,-0.678348,-0.679373,0.000692963,0,0.5
1783082157482311680,0.001,-0.678348,-0.678348,-0.679372,0.000692917,0,0.5
1783082157483311616,0.001,-0.678348,-0.678348,-0.679371,0.000692873,0,0.5
1783082157484311552,0.001,-0.678348,-0.678348,-0.67937,0.00069283,0,0.5
1783082157485311488,0.001,-0.678348,-0.678348,-0.679369,0.000692788,0,0.5
1783082157486311424,0.001,-0.678348,-0.678348,-0.679368,0.000692747,0,0.5
1783082157487311360,0.001,-0.678348,-0.678348,-0.679367,0.000692707,0,0.5
1783082157488311296,0.001,-0.678348,-0.678348,-0.679366,0.000692668,0,0.5
1783082157489311232,0.001,-0.678348,-0.678348,-0.679365,0.000692631,0,0.5
1783082157490311168,0.001,-0.678348,-0.678348,-0.679364,0.000692594,0,0.5
1783082157491311104,0.001,-0.678348,-0.678348,-0.679363,0.000692558,0,0.5
1783082157492311040,0.001,-0.678348,-0.678348,-0.679362,0.000692522,0,0.5
1783082157493310976,0.001,-0.678348,-0.678348,-0.679361,0.000692488,0,0.5
1783082157494310912,0.001,0,0,-0.67936,0.000708861,0,0.5
1783082157495310848,0.001,-0.678348,-0.678348,-0.679359,0.00070806,0,0.5
1783082157496310784,0.001,-0.678348,-0.678348,-0.679358,0.000707296,0,0.5
1783082157497310720,0.001,-0.678348,-0.678348,-0.679358,0.000706567,0,0.5
1783082157498310656,0.001,-0.678348,-0.678348,-0.679357,0.000705872,0,0.5
1783082157499310592,0.001,-0.678348,-0.678348,-0.679356,0.000705209,0,0.5
1783082157500310528,0.001,-0.678348,-0.678348,-0.679355,0.000704577,0,0.5
1783082157501310464,0.001,-0.678348,-0.678348,-0.679354,0.000703974,0,0.5
1783082157502310400,0.001,-0.678348,-0.678348,-0.679353,0.000703399,0,0.5
1783082157503310336,0.001,-0.678348,-0.678348,-0.679352,0.00070285,0,0.5
1783082157504310272,0.001,-0.678348,-0.678348,-0.679351,0.000702326,0,0.5
1783082157505310208,0.001,-0.678348,-0.678348,-0.67935,0.000701826,0,0.5
1783082157506310144,0.001,-0.678348,-0.678348,-0.679349,0.000701349,0,0.5
1783082157507310080,0.001,-0.678348,-0.678348,-0.679348,0.000700893,0,0.5
1783082157508310016,0.001,-0.678348,-0.678348,-0.679347,0.000700458,0,0.5
1783082157509309952,0.001,-0.678348,-0.678348,-0.679346,0.000700043,0,0.5
1783082157510309888,0.001,-0.678348,-0.678348,-0.679345,0.000699647,0,0.5
1783082157511309824,0.001,-0.678348,-0.678348,-0.679344,0.000699269,0,0.5
1783082157512309760,0.001,-0.678348,-0.678348,-0.679343,0.000698907,0,0.5
1783082157513309696,0.001,-0.678348,-0.678348,-0.679342,0.000698562,0,0.5
1783082157514309632,0.001,-0.678348,-0.678348,-0.679341,0.000698232,0,0.5
1783082157515309568,0.001,-0.678348,-0.678348,-0.67934,0.000697917,0,0.5
1783082157516309504,0.001,-0.678348,-0.678348,-0.679339,0.000697616,0,0.5
1783082157517309440,0.001,-0.678348,-0.678348,-0.679338,0.000697329,0,0.5
1783082157518309376,0.001,-0.678348,-0.678348,-0.679337,0.000697054,0,0.5
1783082157519309312,0.001,-0.678348,-0.678348,-0.679336,0.000696791,0,0.5
1783082157520309248,0.001,-0.678348,-0.678348,-0.679335,0.00069654,0,0.5
1783082157521309184,0.001,-0.678348,-0.678348,-0.679334,0.0006963,0,0.5
1783082157522309120,0.001,-0.678348,-0.678348,-0.679333,0.00069607,0,0.5
1783082157523309056,0.001,-0.678348,-0.678348,-0.679332,0.000695851,0,0.5
1783082157524308992,0.001,-0.678348,-0.678348,-0.679331,0.000695641,0,0.5
1783082157525308928,0.001,-0.678348,-0.678348,-0.67933,0.00069544,0,0.5
1783082157526308864,0.001,-0.678348,-0.678348,-0.679329,0.000695248,0,0.5
1783082157527308800,0.001,-0.678348,-0.678348,-0.679328,0.000695064,0,0.5
1783082157528308736,0.001,-0.678348,-0.678348,-0.679327,0.000694888,0,0.5
1783082157529308672,0.001,-0.678348,-0.678348,-0.679327,0.000694719,0,0.5
1783082157530308608,0.001,-0.678348,-0.678348,-0.679326,0.000694558,0,0.5
1783082157531308544,0.001,-0.678348,-0.678348,-0.679325,0.000694404,0,0.5
1783082157532308480,0.001,-0.678348,-0.678348,-0.679324,0.000694256,0,0.5
1783082157533308416,0.001,-0.678348,-0.678348,-0.679323,0.000694114,0,0.5
1783082157534308352,0.001,-0.678348,-0.678348,-0.679322,0.000693978,0,0.5
1783082157535308288,0.001,-0.678348,-0.678348,-0.679321,0.000693848,0,0.5
1783082157536308224,0.001,-0.678348,-0.678348,-0.67932,0.000693723,0,0.5
1783082157537308160,0.001,-0.678348,-0.678348,-0.679319,0.000693604,0,0.5
1783082157538308096,0.001,-0.678348,-0.678348,-0.679318,0.000693489,0,0.5
1783082157539308032,0.001,-0.678348,-0.678348,-0.679317,0.000693379,0,0.5
1783082157540307968,0.001,-0.678348,-0.678348,-0.679316,0.000693274,0,0.5
1783082157541307904,0.001,-0.678348,-0.678348,-0.679315,0.000693172,0,0.5
1783082157542307840,0.001,-0.678348,-0.678348,-0.679314,0.000693075,0,0.5
1783082157543307776,0.001,-0.678348,-0.678348,-0.679313,0.000692982,0,0.5
1783082157544307712,0.001,-0.678348,-0.678348,-0.679313,0.000692892,0,0.5
1783082157545307648,0.001,-0.678348,-0.678348,-0.679312,0.000692806,0,0.5
1783082157546307584,0.001,-0.678348,-0.678348,-0.679311,0.000692723,0,0.5
1783082157547307520,0.001,-0.678348,-0.678348,-0.67931,0.000692644,0,0.5
1783082157548307456,0.001,-0.678348,-0.678348,-0.679309,0.000692567,0,0.5
1783082157549307392,0.001,-0.678348,-0.678348,-0.679308,0.000692494,0,0.5
1783082157550307328,0.001,-0.678348,-0.678348,-0.679307,0.000692423,0,0.5
1783082157551307264,0.001,-0.678348,-0.678348,-0.679306,0.000692355,0,0.5
1783082157552307200,0.001,-0.678348,-0.678348,-0.679305,0.000692289,0,0.5
1783082157553307136,0.001,-0.678348,-0.678348,-0.679304,0.000692226,0,0.5
1783082157554307072,0.001,-0.678348,-0.678348,-0.679303,0.000692166,0,0.5
1783082157555307008,0.001,-0.678348,-0.678348,-0.679302,0.000692107,0,0.5
1783082157556306944,0.001,-0.678348,-0.678348,-0.679302,0.00069205,0,0.5
1783082157557306880,0.001,-0.678348,-0.678348,-0.679301,0.000691996,0,0.5
1783082157558306816,0.001,-0.678348,-0.678348,-0.6793,0.000691943,0,0.5
1783082157559306752,0.001,-0.678348,-0.678348,-0.679299,0.000691892,0,0.5
1783082157560306688,0.001,-0.678348,-0.678348,-0.679298,0.000691843,0,0.5
1783082157561306624,0.001,-0.678348,-0.678348,-0.679297,0.000691796,0,0.5
1783082157562306560,0.001,-0.678348,-0.678348,-0.679296,0.00069175,0,0.5
1783082157563306496,0.001,-0.678348,-0.678348,-0.679295,0.000691706,0,0.5
1783082157564306432,0.001,-0.678348,-0.678348,-0.679294,0.000691663,0,0.5
1783082157565306368,0.001,-0.678348,-0.678348,-0.679293,0.000691622,0,0.5
1783082157566306304,0.001,-0.678348,-0.678348,-0.679292,0.000691582,0,0.5
1783082157567306240,0.001,-0.678348,-0.678348,-0.679292,0.000691543,0,0.5
1783082157568306176,0.001,-0.678348,-0.678348,-0.679291,0.000691505,0,0.5
1783082157569306112,0.001,-0.678348,-0.678348,-0.67929,0.000691469,0,0.5
1783082157570306048,0.001,-0.678348,-0.678348,-0.679289,0.000691433,0,0.5
1783082157571305984,0.001,-0.678348,-0.678348,-0.679288,0.000691399,0,0.5
1783082157572305920,0.001,-0.678348,-0.678348,-0.679287,0.000691366,0,0.5
1783082157573305856,0.001,-0.678348,-0.678348,-0.679286,0.000691333,0,0.5
1783082157574305792,0.001,0,0,-0.679286,0.0007077,0,0.5
1783082157575305728,0.001,-0.678348,-0.678348,-0.679285,0.000706902,0,0.5
1783082157576305664,0.001,-0.678348,-0.678348,-0.679284,0.00070614,0,0.5
1783082157577305600,0.001,-0.678348,-0.678348,-0.679283,0.000705414,0,0.5
1783082157578305536,0.001,-0.678348,-0.678348,-0.679282,0.000704722,0,0.5
1783082157579305472,0.001,-0.678348,-0.678348,-0.679281,0.000704062,0,0.5
1783082157580305408,0.001,-0.678348,-0.678348,-0.67928,0.000703432,0,0.5
1783082157581305344,0.001,-0.678348,-0.678348,-0.679279,0.000702832,0,0.5
1783082157582305280,0.001,-0.678348,-0.678348,-0.679279,0.00070226,0,0.5
1783082157583305216,0.001,0,0,-0.679278,0.000718626,0,0.5
1783082157584305152,0.001,-0.678348,-0.678348,-0.679277,0.000717301,0,0.5
1783082157585305088,0.001,-0.678348,-0.678348,-0.679276,0.00071604,0,0.5
1783082157586305024,0.001,0,0,-0.679275,0.000732406,0,0.5
1783082157587304960,0.001,-0.678348,-0.678348,-0.679275,0.000730411,0,0.5
1783082157588304896,0.001,0,0,-0.679274,0.000746777,0,0.5
1783082157589304832,0.001,-0.678348,-0.678348,-0.679273,0.000744072,0,0.5
1783082157590304768,0.001,0,0,-0.679272,0.000760438,0,0.5
1783082157591304704,0.001,-0.678348,-0.678348,-0.679272,0.000757044,0,0.5
1783082157592304640,0.001,0,0,-0.679271,0.00077341,0,0.5
1783082157593304576,0.001,-0.678348,-0.678348,-0.67927,0.000769353,0,0.5
1783082157594304512,0.001,-0.678348,-0.678348,-0.679269,0.000765504,0,0.5
1783082157595304448,0.001,0,0,-0.679268,0.00078187,0,0.5
1783082157596304384,0.001,-0.678348,-0.678348,-0.679268,0.000777373,0,0.5
1783082157597304320,0.001,-0.678348,-0.678348,-0.679267,0.000773111,0,0.5
1783082157598304256,0.001,-0.678348,-0.678348,-0.679266,0.000769069,0,0.5
1783082157599304192,0.001,-0.678348,-0.678348,-0.679265,0.000765235,0,0.5
1783082157600304128,0.001,-0.678348,-0.678348,-0.679265,0.000761597,0,0.5
1783082157601304064,0.001,-0.678348,-0.678348,-0.679264,0.000758144,0,0.5
1783082157602304000,0.001,-0.678348,-0.678348,-0.679263,0.000754866,0,0.5
1783082157603303936,0.001,-0.678348,-0.678348,-0.679262,0.000751754,0,0.5
1783082157604303872,0.001,-0.678348,-0.678348,-0.679262,0.000748798,0,0.5
1783082157605303808,0.001,-0.678348,-0.678348,-0.679261,0.00074599,0,0.5
1783082157606303744,0.001,-0.678348,-0.678348,-0.67926,0.000743323,0,0.5
1783082157607303680,0.001,-0.678348,-0.678348,-0.679259,0.000740787,0,0.5
1783082157608303616,0.001,-0.678348,-0.678348,-0.679259,0.000738378,0,0.5
1783082157609303552,0.001,-0.678348,-0.678348,-0.679258,0.000736087,0,0.5
1783082157610303488,0.001,-0.678348,-0.678348,-0.679257,0.000733908,0,0.5
1783082157611303424,0.001,-0.678348,-0.678348,-0.679256,0.000731837,0,0.5
1783082157612303360,0.001,-0.678348,-0.678348,-0.679255,0.000729867,0,0.5
1783082157613303296,0.001,-0.678348,-0.678348,-0.679255,0.000727992,0,0.5
1783082157614303232,0.001,-0.678348,-0.678348,-0.679254,0.000726209,0,0.5
1783082157615303168,0.001,-0.678348,-0.678348,-0.679253,0.000724512,0,0.5
1783082157616303104,0.001,-0.678348,-0.678348,-0.679252,0.000722897,0,0.5
1783082157617303040,0.001,-0.678348,-0.678348,-0.679252,0.00072136,0,0.5
1783082157618302976,0.001,-0.678348,-0.678348,-0.679251,0.000719897,0,0.5
1783082157619302912,0.001,-0.678348,-0.678348,-0.67925,0.000718504,0,0.5
1783082157620302848,0.001,-0.678348,-0.678348,-0.679249,0.000717178,0,0.5
1783082157621302784,0.001,-0.678348,-0.678348,-0.679248,0.000715915,0,0.5
1783082157622302720,0.001,-0.678348,-0.678348,-0.679248,0.000714712,0,0.5
1783082157623302656,0.001,-0.678348,-0.678348,-0.679247,0.000713566,0,0.5
1783082157624302592,0.001,-0.678348,-0.678348,-0.679246,0.000712475,0,0.5
1783082157625302528,0.001,-0.678348,-0.678348,-0.679245,0.000711435,0,0.5
1783082157626302464,0.001,-0.678348,-0.678348,-0.679245,0.000710444,0,0.5
1783082157627302400,0.001,-0.678348,-0.678348,-0.679244,0.0007095,0,0.5
1783082157628302336,0.001,-0.678348,-0.678348,-0.679243,0.0007086,0,0.5
1783082157629302272,0.001,-0.678348,-0.678348,-0.679242,0.000707743,0,0.5
1783082157630302208,0.001,-0.678348,-0.678348,-0.679241,0.000706926,0,0.5
1783082157631302144,0.001,-0.678348,-0.678348,-0.679241,0.000706147,0,0.5
1783082157632302080,0.001,-0.678348,-0.678348,-0.67924,0.000705404,0,0.5
1783082157633302016,0.001,-0.678348,-0.678348,-0.679239,0.000704696,0,0.5
1783082157634301952,0.001,-0.678348,-0.678348,-0.679238,0.000704021,0,0.5
1783082157635301888,0.001,-0.678348,-0.678348,-0.679237,0.000703377,0,0.5
1783082157636301824,0.001,-0.678348,-0.678348,-0.679237,0.000702763,0,0.5
1783082157637301760,0.001,-0.678348,-0.678348,-0.679236,0.000702177,0,0.5
1783082157638301696,0.001,-0.678348,-0.678348,-0.679235,0.000701619,0,0.5
1783082157639301632,0.001,-0.678348,-0.678348,-0.679234,0.000701086,0,0.5
1783082157640301568,0.001,-0.678348,-0.678348,-0.679234,0.000700578,0,0.5
1783082157641301504,0.001,-0.678348,-0.678348,-0.679233,0.000700093,0,0.5
1783082157642301440,0.001,-0.678348,-0.678348,-0.679232,0.00069963,0,0.5
1783082157643301376,0.001,-0.678348,-0.678348,-0.679231,0.000699188,0,0.5
1783082157644301312,0.001,-0.678348,-0.678348,-0.67923,0.000698766,0,0.5
1783082157645301248,0.001,-0.678348,-0.678348,-0.67923,0.000698364,0,0.5
1783082157646301184,0.001,-0.678348,-0.678348,-0.679229,0.00069798,0,0.5
1783082157647301120,0.001,-0.678348,-0.678348,-0.679228,0.000697613,0,0.5
1783082157648301056,0.001,-0.678348,-0.678348,-0.679227,0.000697263,0,0.5
1783082157649300992,0.001,-0.678348,-0.678348,-0.679227,0.000696928,0,0.5
1783082157650300928,0.001,-0.678348,-0.678348,-0.679226,0.000696609,0,0.5
1783082157651300864,0.001,-0.678348,-0.678348,-0.679225,0.000696304,0,0.5
1783082157652300800,0.001,-0.678348,-0.678348,-0.679224,0.000696013,0,0.5
1783082157653300736,0.001,-0.678348,-0.678348,-0.679223,0.000695734,0,0.5
1783082157654300672,0.001,-0.678348,-0.678348,-0.679223,0.000695469,0,0.5
1783082157655300608,0.001,-0.678348,-0.678348,-0.679222,0.000695214,0,0.5
1783082157656300544,0.001,-0.678348,-0.678348,-0.679221,0.000694972,0,0.5
1783082157657300480,0.001,-0.678348,-0.678348,-0.67922,0.000694739,0,0.5
1783082157658300416,0.001,-0.678348,-0.678348,-0.67922,0.000694517,0,0.5
1783082157659300352,0.001,-0.678348,-0.678348,-0.679219,0.000694305,0,0.5
1783082157660300288,0.001,-0.678348,-0.678348,-0.679218,0.000694102,0,0.5
1783082157661300224,0.001,-0.678348,-0.678348,-0.679217,0.000693908,0,0.5
1783082157662300160,0.001,-0.678348,-0.678348,-0.679217,0.000693723,0,0.5
1783082157663300096,0.001,-0.678348,-0.678348,-0.679216,0.000693545,0,0.5
1783082157664300032,0.001,-0.678348,-0.678348,-0.679215,0.000693375,0,0.5
1783082157665299968,0.001,-0.678348,-0.678348,-0.679214,0.000693213,0,0.5
1783082157666299904,0.001,-0.678348,-0.678348,-0.679214,0.000693057,0,0.5
1783082157667299840,0.001,-0.678348,-0.678348,-0.679213,0.000692908,0,0.5
1783082157668299776,0.001,-0.678348,-0.678348,-0.679212,0.000692766,0,0.5
1783082157669299712,0.001,-0.678348,-0.678348,-0.679211,0.000692629,0,0.5
1783082157670299648,0.001,-0.678348,-0.678348,-0.67921,0.000692498,0,0.5
1783082157671299584,0.001,-0.678348,-0.678348,-0.67921,0.000692373,0,0.5
1783082157672299520,0.001,-0.678348,-0.678348,-0.679209,0.000692253,0,0.5
1783082157673299456,0.001,-0.678348,-0.678348,-0.679208,0.000692137,0,0.5
1783082157674299392,0.001,-0.678348,-0.678348,-0.679207,0.000692027,0,0.5
1783082157675299328,0.001,-0.678348,-0.678348,-0.679207,0.000691921,0,0.5
1783082157676299264,0.001,-0.678348,-0.678348,-0.679206,0.00069182,0,0.5
1783082157677299200,0.001,-0.678348,-0.678348,-0.679205,0.000691722,0,0.5
1783082157678299136,0.001,-0.678348,-0.678348,-0.679204,0.000691629,0,0.5
1783082157679299072,0.001,-0.678348,-0.678348,-0.679204,0.000691539,0,0.5
1783082157680299008,0.001,-0.678348,-0.678348,-0.679203,0.000691453,0,0.5
1783082157681298944,0.001,-0.678348,-0.678348,-0.679202,0.00069137,0,0.5
1783082157682298880,0.001,-0.678348,-0.678348,-0.679201,0.000691291,0,0.5
1783082157683298816,0.001,-0.678348,-0.678348,-0.679201,0.000691215,0,0.5
1783082157684298752,0.001,-0.678348,-0.678348,-0.6792,0.000691141,0,0.5
1783082157685298688,0.001,-0.678348,-0.678348,-0.679199,0.000691071,0,0.5
1783082157686298624,0.001,-0.678348,-0.678348,-0.679198,0.000691003,0,0.5
1783082157687298560,0.001,-0.678348,-0.678348,-0.679198,0.000690937,0,0.5
1783082157688298496,0.001,-0.678348,-0.678348,-0.679197,0.000690875,0,0.5
1783082157689298432,0.001,-0.678348,-0.678348,-0.679196,0.000690814,0,0.5
1783082157690298368,0.001,0,0,-0.679195,0.000707172,0,0.5
1783082157691298304,0.001,0,0,-0.679195,0.000723531,0,0.5
1783082157692298240,0.001,0,0,-0.679194,0.000739889,0,0.5
1783082157693298176,0.001,0,0,-0.679193,0.000756247,0,0.5
1783082157694298112,0.001,-0.678348,-0.678348,-0.679193,0.000753016,0,0.5
1783082157695298048,0.001,0,0,-0.679192,0.000769374,0,0.5
1783082157696297984,0.001,-0.678348,-0.678348,-0.679191,0.000765473,0,0.5
1783082157697297920,0.001,-0.678348,-0.678348,-0.67919,0.000761772,0,0.5
1783082157698297856,0.001,-0.678348,-0.678348,-0.67919,0.00075826,0,0.5
1783082157699297792,0.001,-0.678348,-0.678348,-0.679189,0.000754926,0,0.5
1783082157700297728,0.001,-0.678348,-0.678348,-0.679188,0.00075176,0,0.5
1783082157701297664,0.001,-0.678348,-0.678348,-0.679188,0.000748754,0,0.5
1783082157702297600,0.001,-0.678348,-0.678348,-0.679187,0.000745899,0,0.5
1783082157703297536,0.001,-0.678348,-0.678348,-0.679186,0.000743186,0,0.5
1783082157704297472,0.001,-0.678348,-0.678348,-0.679186,0.000740608,0,0.5
1783082157705297408,0.001,-0.678348,-0.678348,-0.679185,0.000738158,0,0.5
1783082157706297344,0.001,-0.678348,-0.678348,-0.679184,0.000735829,0,0.5
1783082157707297280,0.001,-0.678348,-0.678348,-0.679184,0.000733614,0,0.5
1783082157708297216,0.001,-0.678348,-0.678348,-0.679183,0.000731508,0,0.5
1783082157709297152,0.001,-0.678348,-0.678348,-0.679182,0.000729505,0,0.5
1783082157710297088,0.001,-0.678348,-0.678348,-0.679182,0.0007276,0,0.5
1783082157711297024,0.001,-0.678348,-0.678348,-0.679181,0.000725787,0,0.5
1783082157712296960,0.001,-0.678348,-0.678348,-0.67918,0.000724063,0,0.5
1783082157713296896,0.001,-0.678348,-0.678348,-0.67918,0.000722421,0,0.5
1783082157714296832,0.001,-0.678348,-0.678348,-0.679179,0.000720859,0,0.5
1783082157715296768,0.001,-0.678348,-0.678348,-0.679178,0.000719372,0,0.5
1783082157716296704,0.001,-0.678348,-0.678348,-0.679178,0.000717957,0,0.5
1783082157717296640,0.001,-0.678348,-0.678348,-0.679177,0.000716609,0,0.5
1783082157718296576,0.001,-0.678348,-0.678348,-0.679176,0.000715326,0,0.5
1783082157719296512,0.001,-0.678348,-0.678348,-0.679176,0.000714104,0,0.5
1783082157720296448,0.001,-0.678348,-0.678348,-0.679175,0.000712939,0,0.5
1783082157721296384,0.001,-0.678348,-0.678348,-0.679174,0.000711831,0,0.5
1783082157722296320,0.001,-0.678348,-0.678348,-0.679174,0.000710775,0,0.5
1783082157723296256,0.001,-0.678348,-0.678348,-0.679173,0.000709768,0,0.5
1783082157724296192,0.001,-0.678348,-0.678348,-0.679172,0.000708809,0,0.5
1783082157725296128,0.001,-0.678348,-0.678348,-0.679172,0.000707896,0,0.5
1783082157726296064,0.001,-0.678348,-0.678348,-0.679171,0.000707025,0,0.5
1783082157727296000,0.001,-0.678348,-0.678348,-0.67917,0.000706195,0,0.5
1783082157728295936,0.001,-0.678348,-0.678348,-0.67917,0.000705404,0,0.5
1783082157729295872,0.001,-0.678348,-0.678348,-0.679169,0.00070465,0,0.5
1783082157730295808,0.001,-0.678348,-0.678348,-0.679168,0.000703931,0,0.5
1783082157731295744,0.001,-0.678348,-0.678348,-0.679168,0.000703246,0,0.5
1783082157732295680,0.001,-0.678348,-0.678348,-0.679167,0.000702593,0,0.5
1783082157733295616,0.001,-0.678348,-0.678348,-0.679166,0.000701969,0,0.5
1783082157734295552,0.001,-0.678348,-0.678348,-0.679165,0.000701375,0,0.5
1783082157735295488,0.001,-0.678348,-0.678348,-0.679165,0.000700808,0,0.5
1783082157736295424,0.001,-0.678348,-0.678348,-0.679164,0.000700268,0,0.5
1783082157737295360,0.001,-0.678348,-0.678348,-0.679163,0.000699752,0,0.5
1783082157738295296,0.001,-0.678348,-0.678348,-0.679163,0.00069926,0,0.5
1783082157739295232,0.001,-0.678348,-0.678348,-0.679162,0.000698791,0,0.5
1783082157740295168,0.001,-0.678348,-0.678348,-0.679161,0.000698343,0,0.5
1783082157741295104,0.001,-0.678348,-0.678348,-0.679161,0.000697915,0,0.5
1783082157742295040,0.001,-0.678348,-0.678348,-0.67916,0.000697507,0,0.5
1783082157743294976,0.001,-0.678348,-0.678348,-0.679159,0.000697118,0,0.5
1783082157744294912,0.001,-0.678348,-0.678348,-0.679159,0.000696746,0,0.5
1783082157745294848,0.001,-0.678348,-0.678348,-0.679158,0.000696392,0,0.5
1783082157746294784,0.001,-0.678348,-0.678348,-0.679157,0.000696053,0,0.5
1783082157747294720,0.001,-0.678348,-0.678348,-0.679157,0.000695729,0,0.5
1783082157748294656,0.001,-0.678348,-0.678348,-0.679156,0.000695421,0,0.5
1783082157749294592,0.001,-0.678348,-0.678348,-0.679155,0.000695126,0,0.5
1783082157750294528,0.001,-0.678348,-0.678348,-0.679155,0.000694844,0,0.5
1783082157751294464,0.001,-0.678348,-0.678348,-0.679154,0.000694575,0,0.5
1783082157752294400,0.001,-0.678348,-0.678348,-0.679153,0.000694318,0,0.5
1783082157753294336,0.001,-0.678348,-0.678348,-0.679153,0.000694072,0,0.5
1783082157754294272,0.001,-0.678348,-0.678348,-0.679152,0.000693837,0,0.5
1783082157755294208,0.001,-0.678348,-0.678348,-0.679151,0.000693613,0,0.5
1783082157756294144,0.001,-0.678348,-0.678348,-0.679151,0.000693399,0,0.5
1783082157757294080,0.001,-0.678348,-0.678348,-0.67915,0.000693194,0,0.5
1783082157758294016,0.001,-0.678348,-0.678348,-0.679149,0.000692998,0,0.5
1783082157759293952,0.001,-0.678348,-0.678348,-0.679148,0.00069281,0,0.5
1783082157760293888,0.001,-0.678348,-0.678348,-0.679148,0.000692631,0,0.5
1783082157761293824,0.001,-0.678348,-0.678348,-0.679147,0.00069246,0,0.5
1783082157762293760,0.001,-0.678348,-0.678348,-0.679146,0.000692296,0,0.5
1783082157763293696,0.001,-0.678348,-0.678348,-0.679146,0.000692139,0,0.5
1783082157764293632,0.001,-0.678348,-0.678348,-0.679145,0.000691989,0,0.5
1783082157765293568,0.001,-0.678348,-0.678348,-0.679144,0.000691845,0,0.5
1783082157766293504,0.001,-0.678348,-0.678348,-0.679144,0.000691707,0,0.5
1783082157767293440,0.001,-0.678348,-0.678348,-0.679143,0.000691576,0,0.5
1783082157768293376,0.001,-0.678348,-0.678348,-0.679142,0.00069145,0,0.5
1783082157769293312,0.001,-0.678348,-0.678348,-0.679142,0.000691329,0,0.5
1783082157770293248,0.001,-0.678348,-0.678348,-0.679141,0.000691213,0,0.5
1783082157771293184,0.001,-0.678348,-0.678348,-0.67914,0.000691102,0,0.5
1783082157772293120,0.001,-0.678348,-0.678348,-0.67914,0.000690996,0,0.5
1783082157773293056,0.001,-0.678348,-0.678348,-0.679139,0.000690894,0,0.5
1783082157774292992,0.001,-0.678348,-0.678348,-0.679138,0.000690796,0,0.5
1783082157775292928,0.001,-0.678348,-0.678348,-0.679138,0.000690703,0,0.5
1783082157776292864,0.001,-0.678348,-0.678348,-0.679137,0.000690613,0,0.5
1783082157777292800,0.001,-0.678348,-0.678348,-0.679136,0.000690527,0,0.5
1783082157778292736,0.001,-0.678348,-0.678348,-0.679136,0.000690444,0,0.5
1783082157779292672,0.001,0,0,-0.679135,0.000706795,0,0.5
1783082157780292608,0.001,-0.678348,-0.678348,-0.679134,0.000705948,0,0.5
1783082157781292544,0.001,-0.678348,-0.678348,-0.679134,0.00070514,0,0.5
1783082157782292480,0.001,-0.678348,-0.678348,-0.679133,0.00070437,0,0.5
1783082157783292416,0.001,-0.678348,-0.678348,-0.679133,0.000703637,0,0.5
1783082157784292352,0.001,-0.678348,-0.678348,-0.679132,0.000702937,0,0.5
1783082157785292288,0.001,-0.678348,-0.678348,-0.679131,0.00070227,0,0.5
1783082157786292224,0.001,-0.678348,-0.678348,-0.679131,0.000701634,0,0.5
1783082157787292160,0.001,-0.678348,-0.678348,-0.67913,0.000701028,0,0.5
1783082157788292096,0.001,-0.678348,-0.678348,-0.679129,0.000700449,0,0.5
1783082157789292032,0.001,-0.678348,-0.678348,-0.679129,0.000699898,0,0.5
1783082157790291968,0.001,-0.678348,-0.678348,-0.679128,0.000699372,0,0.5
1783082157791291904,0.001,-0.678348,-0.678348,-0.679127,0.00069887,0,0.5
1783082157792291840,0.001,-0.678348,-0.678348,-0.679127,0.000698391,0,0.5
1783082157793291776,0.001,-0.678348,-0.678348,-0.679126,0.000697935,0,0.5
1783082157794291712,0.001,-0.678348,-0.678348,-0.679125,0.000697499,0,0.5
1783082157795291648,0.001,-0.678348,-0.678348,-0.679125,0.000697083,0,0.5
1783082157796291584,0.001,-0.678348,-0.678348,-0.679124,0.000696687,0,0.5
1783082157797291520,0.001,0,0,-0.679123,0.000713037,0,0.5
1783082157798291456,0.001,-0.678348,-0.678348,-0.679123,0.000711884,0,0.5
1783082157799291392,0.001,-0.678348,-0.678348,-0.679122,0.000710785,0,0.5
1783082157800291328,0.001,-0.678348,-0.678348,-0.679122,0.000709739,0,0.5
1783082157801291264,0.001,-0.678348,-0.678348,-0.679121,0.000708742,0,0.5
1783082157802291200,0.001,-0.678348,-0.678348,-0.67912,0.000707792,0,0.5
1783082157803291136,0.001,-0.678348,-0.678348,-0.67912,0.000706887,0,0.5
1783082157804291072,0.001,-0.678348,-0.678348,-0.679119,0.000706025,0,0.5
1783082157805291008,0.001,-0.678348,-0.678348,-0.679118,0.000705203,0,0.5
1783082157806290944,0.001,-0.678348,-0.678348,-0.679118,0.00070442,0,0.5
1783082157807290880,0.001,-0.678348,-0.678348,-0.679117,0.000703673,0,0.5
1783082157808290816,0.001,-0.678348,-0.678348,-0.679117,0.000702961,0,0.5
1783082157809290752,0.001,-0.678348,-0.678348,-0.679116,0.000702283,0,0.5
1783082157810290688,0.001,-0.678348,-0.678348,-0.679115,0.000701636,0,0.5
1783082157811290624,0.001,-0.678348,-0.678348,-0.679115,0.000701019,0,0.5
1783082157812290560,0.001,-0.678348,-0.678348,-0.679114,0.000700431,0,0.5
1783082157813290496,0.001,-0.678348,-0.678348,-0.679113,0.00069987,0,0.5
1783082157814290432,0.001,-0.678348,-0.678348,-0.679113,0.000699335,0,0.5
1783082157815290368,0.001,-0.678348,-0.678348,-0.679112,0.000698825,0,0.5
1783082157816290304,0.001,-0.678348,-0.678348,-0.679112,0.000698338,0,0.5
1783082157817290240,0.001,-0.678348,-0.678348,-0.679111,0.000697874,0,0.5
1783082157818290176,0.001,-0.678348,-0.678348,-0.67911,0.000697431,0,0.5
1783082157819290112,0.001,-0.678348,-0.678348,-0.67911,0.000697008,0,0.5
1783082157820290048,0.001,-0.678348,-0.678348,-0.679109,0.000696605,0,0.5
1783082157821289984,0.001,-0.678348,-0.678348,-0.679108,0.00069622,0,0.5
1783082157822289920,0.001,-0.678348,-0.678348,-0.679108,0.000695853,0,0.5
1783082157823289856,0.001,-0.678348,-0.678348,-0.679107,0.000695502,0,0.5
1783082157824289792,0.001,-0.678348,-0.678348,-0.679107,0.000695167,0,0.5
1783082157825289728,0.001,-0.678348,-0.678348,-0.679106,0.000694848,0,0.5
1783082157826289664,0.001,-0.678348,-0.678348,-0.679105,0.000694543,0,0.5
1783082157827289600,0.001,-0.678348,-0.678348,-0.679105,0.000694252,0,0.5
1783082157828289536,0.001,-0.678348,-0.678348,-0.679104,0.000693974,0,0.5
1783082157829289472,0.001,-0.678348,-0.678348,-0.679103,0.000693708,0,0.5
1783082157830289408,0.001,-0.678348,-0.678348,-0.679103,0.000693455,0,0.5
1783082157831289344,0.001,-0.678348,-0.678348,-0.679102,0.000693212,0,0.5
1783082157832289280,0.001,-0.678348,-0.678348,-0.679102,0.000692981,0,0.5
1783082157833289216,0.001,-0.678348,-0.678348,-0.679101,0.00069276,0,0.5
1783082157834289152,0.001,-0.678348,-0.678348,-0.6791,0.000692549,0,0.5
1783082157835289088,0.001,-0.678348,-0.678348,-0.6791,0.000692347,0,0.5
1783082157836289024,0.001,-0.678348,-0.678348,-0.679099,0.000692154,0,0.5
1783082157837288960,0.001,-0.678348,-0.678348,-0.679099,0.00069197,0,0.5
1783082157838288896,0.001,-0.678348,-0.678348,-0.679098,0.000691793,0,0.5
1783082157839288832,0.001,-0.678348,-0.678348,-0.679097,0.000691625,0,0.5
1783082157840288768,0.001,-0.678348,-0.678348,-0.679097,0.000691463,0,0.5
1783082157841288704,0.001,-0.678348,-0.678348,-0.679096,0.000691309,0,0.5
1783082157842288640,0.001,-0.678348,-0.678348,-0.679096,0.000691162,0,0.5
1783082157843288576,0.001,-0.678348,-0.678348,-0.679095,0.000691021,0,0.5
1783082157844288512,0.001,-0.678348,-0.678348,-0.679094,0.000690886,0,0.5
1783082157845288448,0.001,-0.678348,-0.678348,-0.679094,0.000690757,0,0.5
1783082157846288384,0.001,-0.678348,-0.678348,-0.679093,0.000690633,0,0.5
1783082157847288320,0.001,-0.678348,-0.678348,-0.679092,0.000690515,0,0.5
1783082157848288256,0.001,-0.678348,-0.678348,-0.679092,0.000690402,0,0.5
1783082157849288192,0.001,-0.678348,-0.678348,-0.679091,0.000690293,0,0.5
1783082157850288128,0.001,-0.678348,-0.678348,-0.679091,0.000690189,0,0.5
1783082157851288064,0.001,-0.678348,-0.678348,-0.67909,0.00069009,0,0.5
1783082157852288000,0.001,-0.678348,-0.678348,-0.679089,0.000689994,0,0.5
1783082157853287936,0.001,-0.678348,-0.678348,-0.679089,0.000689903,0,0.5
1783082157854287872,0.001,-0.678348,-0.678348,-0.679088,0.000689815,0,0.5
1783082157855287808,0.001,-0.678348,-0.678348,-0.679088,0.000689731,0,0.5
1783082157856287744,0.001,-0.678348,-0.678348,-0.679087,0.00068965,0,0.5
1783082157857287680,0.001,-0.678348,-0.678348,-0.679086,0.000689573,0,0.5
1783082157858287616,0.001,-0.678348,-0.678348,-0.679086,0.000689499,0,0.5
1783082157859287552,0.001,-0.678348,-0.678348,-0.679085,0.000689428,0,0.5
1783082157860287488,0.001,-0.678348,-0.678348,-0.679085,0.000689359,0,0.5
1783082157861287424,0.001,-0.678348,-0.678348,-0.679084,0.000689294,0,0.5
1783082157862287360,0.001,-0.678348,-0.678348,-0.679083,0.000689231,0,0.5
1783082157863287296,0.001,-0.678348,-0.678348,-0.679083,0.00068917,0,0.5
1783082157864287232,0.001,-0.678348,-0.678348,-0.679082,0.000689112,0,0.5
1783082157865287168,0.001,-0.678348,-0.678348,-0.679082,0.000689056,0,0.5
1783082157866287104,0.001,-0.678348,-0.678348,-0.679081,0.000689002,0,0.5
1783082157867287040,0.001,-0.678348,-0.678348,-0.67908,0.00068895,0,0.5
1783082157868286976,0.001,-0.678348,-0.678348,-0.67908,0.0006889,0,0.5
1783082157869286912,0.001,-0.678348,-0.678348,-0.679079,0.000688852,0,0.5
1783082157870286848,0.001,-0.678348,-0.678348,-0.679079,0.000688806,0,0.5
1783082157871286784,0.001,-0.678348,-0.678348,-0.679078,0.000688761,0,0.5
1783082157872286720,0.001,-0.678348,-0.678348,-0.679077,0.000688719,0,0.5
1783082157873286656,0.001,-0.678348,-0.678348,-0.679077,0.000688677,0,0.5
1783082157874286592,0.001,-0.678348,-0.678348,-0.679076,0.000688637,0,0.5
1783082157875286528,0.001,-0.678348,-0.678348,-0.679076,0.000688599,0,0.5
1783082157876286464,0.001,-0.678348,-0.678348,-0.679075,0.000688562,0,0.5
1783082157877286400,0.001,-0.678348,-0.678348,-0.679074,0.000688526,0,0.5
1783082157878286336,0.001,-0.678348,-0.678348,-0.679074,0.000688491,0,0.5
1783082157879286272,0.001,-0.678348,-0.678348,-0.679073,0.000688458,0,0.5
1783082157880286208,0.001,-0.678348,-0.678348,-0.679073,0.000688425,0,0.5
1783082157881286144,0.001,-0.678348,-0.678348,-0.679072,0.000688394,0,0.5
1783082157882286080,0.001,-0.678348,-0.678348,-0.679072,0.000688363,0,0.5
1783082157883286016,0.001,-0.678348,-0.678348,-0.679071,0.000688334,0,0.5
1783082157884285952,0.001,-0.678348,-0.678348,-0.67907,0.000688306,0,0.5
1783082157885285888,0.001,-0.678348,-0.678348,-0.67907,0.000688278,0,0.5
1783082157886285824,0.001,-0.678348,-0.678348,-0.679069,0.000688251,0,0.5
1783082157887285760,0.001,-0.678348,-0.678348,-0.679069,0.000688225,0,0.5
1783082157888285696,0.001,-0.678348,-0.678348,-0.679068,0.0006882,0,0.5
1783082157889285632,0.001,-0.678348,-0.678348,-0.679067,0.000688176,0,0.5
1783082157890285568,0.001,-0.678348,-0.678348,-0.679067,0.000688152,0,0.5
1783082157891285504,0.001,-0.678348,-0.678348,-0.679066,0.000688129,0,0.5
1783082157892285440,0.001,-0.678348,-0.678348,-0.679066,0.000688107,0,0.5
1783082157893285376,0.001,-0.678348,-0.678348,-0.679065,0.000688085,0,0.5
1783082157894285312,0.001,-0.678348,-0.678348,-0.679065,0.000688064,0,0.5
1783082157895285248,0.001,-0.678348,-0.678348,-0.679064,0.000688043,0,0.5
1783082157896285184,0.001,-0.678348,-0.678348,-0.679063,0.000688023,0,0.5
1783082157897285120,0.001,0,0,-0.679063,0.000704365,0,0.5
1783082157898285056,0.001,-0.678348,-0.678348,-0.679062,0.000703579,0,0.5
1783082157899284992,0.001,-0.678348,-0.678348,-0.679062,0.00070283,0,0.5
1783082157900284928,0.001,-0.678348,-0.678348,-0.679061,0.000702117,0,0.5
1783082157901284864,0.001,-0.678348,-0.678348,-0.67906,0.000701436,0,0.5
1783082157902284800,0.001,-0.678348,-0.678348,-0.67906,0.000700787,0,0.5
1783082157903284736,0.001,-0.678348,-0.678348,-0.679059,0.000700169,0,0.5
1783082157904284672,0.001,-0.678348,-0.678348,-0.679059,0.000699579,0,0.5
1783082157905284608,0.001,-0.678348,-0.678348,-0.679058,0.000699017,0,0.5
1783082157906284544,0.001,-0.678348,-0.678348,-0.679058,0.000698481,0,0.5
1783082157907284480,0.001,-0.678348,-0.678348,-0.679057,0.000697969,0,0.5
1783082157908284416,0.001,-0.678348,-0.678348,-0.679057,0.000697482,0,0.5
1783082157909284352,0.001,-0.678348,-0.678348,-0.679056,0.000697017,0,0.5
1783082157910284288,0.001,-0.678348,-0.678348,-0.679055,0.000696573,0,0.5
1783082157911284224,0.001,-0.678348,-0.678348,-0.679055,0.00069615,0,0.5
1783082157912284160,0.001,-0.678348,-0.678348,-0.679054,0.000695746,0,0.5
1783082157913284096,0.001,-0.678348,-0.678348,-0.679054,0.000695361,0,0.5
1783082157914284032,0.001,-0.678348,-0.678348,-0.679053,0.000694993,0,0.5
1783082157915283968,0.001,-0.678348,-0.678348,-0.679053,0.000694642,0,0.5
1783082157916283904,0.001,-0.678348,-0.678348,-0.679052,0.000694308,0,0.5
1783082157917283840,0.001,-0.678348,-0.678348,-0.679052,0.000693988,0,0.5
1783082157918283776,0.001,-0.678348,-0.678348,-0.679051,0.000693683,0,0.5
1783082157919283712,0.001,-0.678348,-0.678348,-0.67905,0.000693392,0,0.5
1783082157920283648,0.001,-0.678348,-0.678348,-0.67905,0.000693114,0,0.5
1783082157921283584,0.001,-0.678348,-0.678348,-0.679049,0.000692849,0,0.5
1783082157922283520,0.001,-0.678348,-0.678348,-0.679049,0.000692596,0,0.5
1783082157923283456,0.001,-0.678348,-0.678348,-0.679048,0.000692354,0,0.5
1783082157924283392,0.001,-0.678348,-0.678348,-0.679048,0.000692123,0,0.5
1783082157925283328,0.001,-0.678348,-0.678348,-0.679047,0.000691902,0,0.5
1783082157926283264,0.001,-0.678348,-0.678348,-0.679047,0.000691692,0,0.5
1783082157927283200,0.001,-0.678348,-0.678348,-0.679046,0.00069149,0,0.5
1783082157928283136,0.001,-0.678348,-0.678348,-0.679045,0.000691298,0,0.5
1783082157929283072,0.001,-0.678348,-0.678348,-0.679045,0.000691114,0,0.5
1783082157930283008,0.001,-0.678348,-0.678348,-0.679044,0.000690939,0,0.5
1783082157931282944,0.001,-0.678348,-0.678348,-0.679044,0.000690771,0,0.5
1783082157932282880,0.001,-0.678348,-0.678348,-0.679043,0.000690611,0,0.5
1783082157933282816,0.001,-0.678348,-0.678348,-0.679043,0.000690457,0,0.5
1783082157934282752,0.001,-0.678348,-0.678348,-0.679042,0.000690311,0,0.5
1783082157935282688,0.001,-0.678348,-0.678348,-0.679042,0.000690171,0,0.5
1783082157936282624,0.001,-0.678348,-0.678348,-0.679041,0.000690037,0,0.5
1783082157937282560,0.001,-0.678348,-0.678348,-0.67904,0.000689908,0,0.5
1783082157938282496,0.001,-0.678348,-0.678348,-0.67904,0.000689786,0,0.5
1783082157939282432,0.001,-0.678348,-0.678348,-0.679039,0.000689668,0,0.5
1783082157940282368,0.001,-0.678348,-0.678348,-0.679039,0.000689556,0,0.5
1783082157941282304,0.001,-0.678348,-0.678348,-0.679038,0.000689448,0,0.5
1783082157942282240,0.001,-0.678348,-0.678348,-0.679038,0.000689346,0,0.5
1783082157943282176,0.001,-0.678348,-0.678348,-0.679037,0.000689247,0,0.5
1783082157944282112,0.001,-0.678348,-0.678348,-0.679037,0.000689153,0,0.5
1783082157945282048,0.001,-0.678348,-0.678348,-0.679036,0.000689062,0,0.5
1783082157946281984,0.001,-0.678348,-0.678348,-0.679036,0.000688976,0,0.5
1783082157947281920,0.001,-0.678348,-0.678348,-0.679035,0.000688893,0,0.5
1783082157948281856,0.001,-0.678348,-0.678348,-0.679034,0.000688813,0,0.5
1783082157949281792,0.001,-0.678348,-0.678348,-0.679034,0.000688737,0,0.5
1783082157950281728,0.001,-0.678348,-0.678348,-0.679033,0.000688664,0,0.5
1783082157951281664,0.001,-0.678348,-0.678348,-0.679033,0.000688594,0,0.5
1783082157952281600,0.001,-0.678348,-0.678348,-0.679032,0.000688527,0,0.5
1783082157953281536,0.001,-0.678348,-0.678348,-0.679032,0.000688462,0,0.5
1783082157954281472,0.001,-0.678348,-0.678348,-0.679031,0.000688401,0,0.5
1783082157955281408,0.001,-0.678348,-0.678348,-0.679031,0.000688341,0,0.5
1783082157956281344,0.001,-0.678348,-0.678348,-0.67903,0.000688284,0,0.5
1783082157957281280,0.001,-0.678348,-0.678348,-0.67903,0.000688229,0,0.5
1783082157958281216,0.001,-0.678348,-0.678348,-0.679029,0.000688177,0,0.5
1783082157959281152,0.001,-0.678348,-0.678348,-0.679029,0.000688126,0,0.5
1783082157960281088,0.001,-0.678348,-0.678348,-0.679028,0.000688077,0,0.5
1783082157961281024,0.001,-0.678348,-0.678348,-0.679027,0.000688031,0,0.5
1783082157962280960,0.001,-0.678348,-0.678348,-0.679027,0.000687985,0,0.5
1783082157963280896,0.001,-0.678348,-0.678348,-0.679026,0.000687942,0,0.5
1783082157964280832,0.001,-0.678348,-0.678348,-0.679026,0.0006879,0,0.5
1783082157965280768,0.001,-0.678348,-0.678348,-0.679025,0.00068786,0,0.5
1783082157966280704,0.001,-0.678348,-0.678348,-0.679025,0.000687821,0,0.5
1783082157967280640,0.001,-0.678348,-0.678348,-0.679024,0.000687784,0,0.5
1783082157968280576,0.001,-0.678348,-0.678348,-0.679024,0.000687748,0,0.5
1783082157969280512,0.001,-0.678348,-0.678348,-0.679023,0.000687714,0,0.5
1783082157970280448,0.001,-0.678348,-0.678348,-0.679023,0.00068768,0,0.5
1783082157971280384,0.001,-0.678348,-0.678348,-0.679022,0.000687648,0,0.5
1783082157972280320,0.001,-0.678348,-0.678348,-0.679022,0.000687616,0,0.5
1783082157973280256,0.001,-0.678348,-0.678348,-0.679021,0.000687586,0,0.5
1783082157974280192,0.001,-0.678348,-0.678348,-0.679021,0.000687557,0,0.5
1783082157975280128,0.001,-0.678348,-0.678348,-0.67902,0.000687529,0,0.5
1783082157976280064,0.001,-0.678348,-0.678348,-0.67902,0.000687502,0,0.5
1783082157977280000,0.001,-0.678348,-0.678348,-0.679019,0.000687475,0,0.5
1783082157978279936,0.001,-0.678348,-0.678348,-0.679018,0.00068745,0,0.5
1783082157979279872,0.001,-0.678348,-0.678348,-0.679018,0.000687425,0,0.5
1783082157980279808,0.001,-0.678348,-0.678348,-0.679017,0.000687401,0,0.5
1783082157981279744,0.001,-0.678348,-0.678348,-0.679017,0.000687378,0,0.5
1783082157982279680,0.001,-0.678348,-0.678348,-0.679016,0.000687355,0,0.5
1783082157983279616,0.001,-0.678348,-0.678348,-0.679016,0.000687333,0,0.5
1783082157984279552,0.001,-0.678348,-0.678348,-0.679015,0.000687312,0,0.5
1783082157985279488,0.001,-0.678348,-0.678348,-0.679015,0.000687291,0,0.5
1783082157986279424,0.001,-0.678348,-0.678348,-0.679014,0.000687271,0,0.5
1783082157987279360,0.001,-0.678348,-0.678348,-0.679014,0.000687251,0,0.5
1783082157988279296,0.001,-0.678348,-0.678348,-0.679013,0.000687232,0,0.5
1783082157989279232,0.001,-0.678348,-0.678348,-0.679013,0.000687214,0,0.5
1783082157990279168,0.001,-0.678348,-0.678348,-0.679012,0.000687196,0,0.5
1783082157991279104,0.001,-0.678348,-0.678348,-0.679012,0.000687178,0,0.5
1783082157992279040,0.001,-0.678348,-0.678348,-0.679011,0.000687161,0,0.5
1783082157993278976,0.001,-0.678348,-0.678348,-0.679011,0.000687144,0,0.5
1783082157994278912,0.001,-0.678348,-0.678348,-0.67901,0.000687128,0,0.5
1783082157995278848,0.001,-0.678348,-0.678348,-0.67901,0.000687112,0,0.5
1783082157996278784,0.001,-0.678348,-0.678348,-0.679009,0.000687096,0,0.5
1783082157997278720,0.001,-0.678348,-0.678348,-0.679009,0.000687081,0,0.5
1783082157998278656,0.001,0,0,-0.679008,0.000703415,0,0.5
1783082157999278592,0.001,-0.678348,-0.678348,-0.679007,0.000702635,0,0.5
1783082158000278528,0.001,-0.678348,-0.678348,-0.679007,0.000701891,0,0.5
1783082158001278464,0.001,-0.678348,-0.678348,-0.679006,0.000701182,0,0.5
1783082158002278400,0.001,-0.678348,-0.678348,-0.679006,0.000700506,0,0.5
1783082158003278336,0.001,-0.678348,-0.678348,-0.679005,0.000699861,0,0.5
1783082158004278272,0.001,-0.678348,-0.678348,-0.679005,0.000699247,0,0.5
1783082158005278208,0.001,-0.678348,-0.678348,-0.679004,0.000698661,0,0.5
1783082158006278144,0.001,-0.678348,-0.678348,-0.679004,0.000698103,0,0.5
1783082158007278080,0.001,-0.678348,-0.678348,-0.679003,0.000697571,0,0.5
1783082158008278016,0.001,-0.678348,-0.678348,-0.679003,0.000697063,0,0.5
1783082158009277952,0.001,-0.678348,-0.678348,-0.679002,0.000696579,0,0.5
1783082158010277888,0.001,-0.678348,-0.678348,-0.679002,0.000696117,0,0.5
1783082158011277824,0.001,-0.678348,-0.678348,-0.679002,0.000695677,0,0.5
1783082158012277760,0.001,-0.678348,-0.678348,-0.679001,0.000695257,0,0.5
1783082158013277696,0.001,-0.678348,-0.678348,-0.679,0.000694856,0,0.5
1783082158014277632,0.001,-0.678348,-0.678348,-0.679,0.000694473,0,0.5
1783082158015277568,0.001,-0.678348,-0.678348,-0.678999,0.000694109,0,0.5
1783082158016277504,0.001,-0.678348,-0.678348,-0.678999,0.000693761,0,0.5
1783082158017277440,0.001,-0.678348,-0.678348,-0.678999,0.000693429,0,0.5
1783082158018277376,0.001,-0.678348,-0.678348,-0.678998,0.000693112,0,0.5
1783082158019277312,0.001,-0.678348,-0.678348,-0.678998,0.000692809,0,0.5
1783082158020277248,0.001,-0.678348,-0.678348,-0.678997,0.000692521,0,0.5
1783082158021277184,0.001,-0.678348,-0.678348,-0.678997,0.000692245,0,0.5
1783082158022277120,0.001,-0.678348,-0.678348,-0.678996,0.000691982,0,0.5
1783082158023277056,0.001,-0.678348,-0.678348,-0.678996,0.000691731,0,0.5
1783082158024276992,0.001,-0.678348,-0.678348,-0.678995,0.000691491,0,0.5
1783082158025276928,0.001,-0.678348,-0.678348,-0.678995,0.000691263,0,0.5
1783082158026276864,0.001,-0.678348,-0.678348,-0.678994,0.000691044,0,0.5
1783082158027276800,0.001,-0.678348,-0.678348,-0.678994,0.000690835,0,0.5
1783082158028276736,0.001,-0.678348,-0.678348,-0.678993,0.000690636,0,0.5
1783082158029276672,0.001,-0.678348,-0.678348,-0.678993,0.000690445,0,0.5
1783082158030276608,0.001,-0.678348,-0.678348,-0.678992,0.000690263,0,0.5
1783082158031276544,0.001,-0.678348,-0.678348,-0.678992,0.00069009,0,0.5
1783082158032276480,0.001,-0.678348,-0.678348,-0.678991,0.000689924,0,0.5
1783082158033276416,0.001,-0.678348,-0.678348,-0.678991,0.000689765,0,0.5
1783082158034276352,0.001,-0.678348,-0.678348,-0.67899,0.000689613,0,0.5
1783082158035276288,0.001,-0.678348,-0.678348,-0.67899,0.000689468,0,0.5
1783082158036276224,0.001,-0.678348,-0.678348,-0.678989,0.00068933,0,0.5
1783082158037276160,0.001,-0.678348,-0.678348,-0.678989,0.000689197,0,0.5
1783082158038276096,0.001,-0.678348,-0.678348,-0.678988,0.00068907,0,0.5
1783082158039276032,0.001,-0.678348,-0.678348,-0.678988,0.000688949,0,0.5
1783082158040275968,0.001,-0.678348,-0.678348,-0.678987,0.000688833,0,0.5
1783082158041275904,0.001,-0.678348,-0.678348,-0.678987,0.000688722,0,0.5
1783082158042275840,0.001,-0.678348,-0.678348,-0.678986,0.000688616,0,0.5
1783082158043275776,0.001,-0.678348,-0.678348,-0.678986,0.000688515,0,0.5
1783082158044275712,0.001,-0.678348,-0.678348,-0.678985,0.000688418,0,0.5
1783082158045275648,0.001,-0.678348,-0.678348,-0.678985,0.000688324,0,0.5
1783082158046275584,0.001,-0.678348,-0.678348,-0.678984,0.000688235,0,0.5
1783082158047275520,0.001,-0.678348,-0.678348,-0.678984,0.00068815,0,0.5
1783082158048275456,0.001,-0.678348,-0.678348,-0.678983,0.000688068,0,0.5
1783082158049275392,0.001,-0.678348,-0.678348,-0.678983,0.00068799,0,0.5
1783082158050275328,0.001,-0.678348,-0.678348,-0.678982,0.000687915,0,0.5
1783082158051275264,0.001,-0.678348,-0.678348,-0.678982,0.000687843,0,0.5
1783082158052275200,0.001,-0.678348,-0.678348,-0.678981,0.000687774,0,0.5
1783082158053275136,0.001,-0.678348,-0.678348,-0.678981,0.000687708,0,0.5
1783082158054275072,0.001,-0.678348,-0.678348,-0.678981,0.000687645,0,0.5
1783082158055275008,0.001,-0.678348,-0.678348,-0.67898,0.000687584,0,0.5
1783082158056274944,0.001,-0.678348,-0.678348,-0.67898,0.000687526,0,0.5
1783082158057274880,0.001,-0.678348,-0.678348,-0.678979,0.00068747,0,0.5
1783082158058274816,0.001,-0.678348,-0.678348,-0.678979,0.000687416,0,0.5
1783082158059274752,0.001,-0.678348,-0.678348,-0.678978,0.000687364,0,0.5
1783082158060274688,0.001,-0.678348,-0.678348,-0.678978,0.000687315,0,0.5
1783082158061274624,0.001,-0.678348,-0.678348,-0.678977,0.000687267,0,0.5
1783082158062274560,0.001,-0.678348,-0.678348,-0.678977,0.000687221,0,0.5
1783082158063274496,0.001,-0.678348,-0.678348,-0.678976,0.000687177,0,0.5
1783082158064274432,0.001,-0.678348,-0.678348,-0.678976,0.000687135,0,0.5
1783082158065274368,0.001,-0.678348,-0.678348,-0.678975,0.000687094,0,0.5
1783082158066274304,0.001,-0.678348,-0.678348,-0.678975,0.000687055,0,0.5
1783082158067274240,0.001,-0.678348,-0.678348,-0.678974,0.000687017,0,0.5
1783082158068274176,0.001,-0.678348,-0.678348,-0.678974,0.00068698,0,0.5
1783082158069274112,0.001,-0.678348,-0.678348,-0.678973,0.000686945,0,0.5
1783082158070274048,0.001,-0.678348,-0.678348,-0.678973,0.000686911,0,0.5
1783082158071273984,0.001,-0.678348,-0.678348,-0.678972,0.000686879,0,0.5
1783082158072273920,0.001,-0.678348,-0.678348,-0.678972,0.000686847,0,0.5
1783082158073273856,0.001,-0.678348,-0.678348,-0.678971,0.000686817,0,0.5
1783082158074273792,0.001,-0.678348,-0.678348,-0.678971,0.000686788,0,0.5
1783082158075273728,0.001,-0.678348,-0.678348,-0.678971,0.000686759,0,0.5
1783082158076273664,0.001,-0.678348,-0.678348,-0.67897,0.000686732,0,0.5
1783082158077273600,0.001,-0.678348,-0.678348,-0.67897,0.000686706,0,0.5
1783082158078273536,0.001,-0.678348,-0.678348,-0.678969,0.00068668,0,0.5
1783082158079273472,0.001,-0.678348,-0.678348,-0.678969,0.000686655,0,0.5
1783082158080273408,0.001,-0.678348,-0.678348,-0.678968,0.000686631,0,0.5
1783082158081273344,0.001,-0.678348,-0.678348,-0.678968,0.000686608,0,0.5
1783082158082273280,0.001,-0.678348,-0.678348,-0.678967,0.000686585,0,0.5
1783082158083273216,0.001,-0.678348,-0.678348,-0.678967,0.000686564,0,0.5
1783082158084273152,0.001,-0.678348,-0.678348,-0.678966,0.000686542,0,0.5
1783082158085273088,0.001,-0.678348,-0.678348,-0.678966,0.000686522,0,0.5
1783082158086273024,0.001,-0.678348,-0.678348,-0.678965,0.000686502,0,0.5
1783082158087272960,0.001,-0.678348,-0.678348,-0.678965,0.000686483,0,0.5
1783082158088272896,0.001,-0.678348,-0.678348,-0.678964,0.000686464,0,0.5
1783082158089272832,0.001,-0.678348,-0.678348,-0.678964,0.000686445,0,0.5
1783082158090272768,0.001,-0.678348,-0.678348,-0.678964,0.000686428,0,0.5
1783082158091272704,0.001,-0.678348,-0.678348,-0.678963,0.00068641,0,0.5
1783082158092272640,0.001,-0.678348,-0.678348,-0.678963,0.000686393,0,0.5
1783082158093272576,0.001,-0.678348,-0.678348,-0.678962,0.000686377,0,0.5
1783082158094272512,0.001,-0.678348,-0.678348,-0.678962,0.000686361,0,0.5
1783082158095272448,0.001,-0.678348,-0.678348,-0.678961,0.000686345,0,0.5
1783082158096272384,0.001,-0.678348,-0.678348,-0.678961,0.00068633,0,0.5
1783082158097272320,0.001,-0.678348,-0.678348,-0.67896,0.000686315,0,0.5
1783082158098272256,0.001,-0.678348,-0.678348,-0.67896,0.0006863,0,0.5
1783082158099272192,0.001,0,0,-0.678959,0.000702627,0,0.5
1783082158100272128,0.001,-0.678348,-0.678348,-0.678959,0.000701848,0,0.5
1783082158101272064,0.001,-0.678348,-0.678348,-0.678958,0.000701105,0,0.5
1783082158102272000,0.001,-0.678348,-0.678348,-0.678958,0.000700397,0,0.5
1783082158103271936,0.001,-0.678348,-0.678348,-0.678957,0.000699722,0,0.5
1783082158104271872,0.001,-0.678348,-0.678348,-0.678957,0.000699078,0,0.5
1783082158105271808,0.001,-0.678348,-0.678348,-0.678957,0.000698465,0,0.5
1783082158106271744,0.001,-0.678348,-0.678348,-0.678956,0.00069788,0,0.5
1783082158107271680,0.001,-0.678348,-0.678348,-0.678956,0.000697323,0,0.5
1783082158108271616,0.001,-0.678348,-0.678348,-0.678955,0.000696791,0,0.5
1783082158109271552,0.001,-0.678348,-0.678348,-0.678955,0.000696284,0,0.5
1783082158110271488,0.001,-0.678348,-0.678348,-0.678954,0.000695801,0,0.5
1783082158111271424,0.001,-0.678348,-0.678348,-0.678954,0.00069534,0,0.5
1783082158112271360,0.001,-0.678348,-0.678348,-0.678953,0.0006949,0,0.5
1783082158113271296,0.001,-0.678348,-0.678348,-0.678953,0.000694481,0,0.5
1783082158114271232,0.001,-0.678348,-0.678348,-0.678953,0.000694081,0,0.5
1783082158115271168,0.001,-0.678348,-0.678348,-0.678952,0.0006937,0,0.5
1783082158116271104,0.001,-0.678348,-0.678348,-0.678952,0.000693336,0,0.5
1783082158117271040,0.001,-0.678348,-0.678348,-0.678951,0.000692988,0,0.5
1783082158118270976,0.001,-0.678348,-0.678348,-0.678951,0.000692657,0,0.5
1783082158119270912,0.001,-0.678348,-0.678348,-0.67895,0.000692341,0,0.5
1783082158120270848,0.001,-0.678348,-0.678348,-0.67895,0.000692039,0,0.5
1783082158121270784,0.001,-0.678348,-0.678348,-0.678949,0.000691751,0,0.5
1783082158122270720,0.001,-0.678348,-0.678348,-0.678949,0.000691476,0,0.5
1783082158123270656,0.001,-0.678348,-0.678348,-0.678949,0.000691214,0,0.5
1783082158124270592,0.001,-0.678348,-0.678348,-0.678948,0.000690964,0,0.5
1783082158125270528,0.001,-0.678348,-0.678348,-0.678948,0.000690725,0,0.5
1783082158126270464,0.001,-0.678348,-0.678348,-0.678947,0.000690496,0,0.5
1783082158127270400,0.001,-0.678348,-0.678348,-0.678947,0.000690278,0,0.5
1783082158128270336,0.001,-0.678348,-0.678348,-0.678946,0.00069007,0,0.5
1783082158129270272,0.001,-0.678348,-0.678348,-0.678946,0.000689872,0,0.5
1783082158130270208,0.001,0,0,-0.678945,0.000706196,0,0.5
1783082158131270144,0.001,-0.678348,-0.678348,-0.678945,0.000705237,0,0.5
1783082158132270080,0.001,-0.678348,-0.678348,-0.678944,0.000704324,0,0.5
1783082158133270016,0.001,-0.678348,-0.678348,-0.678944,0.000703453,0,0.5
1783082158134269952,0.001,-0.678348,-0.678348,-0.678944,0.000702624,0,0.5
1783082158135269888,0.001,-0.678348,-0.678348,-0.678943,0.000701834,0,0.5
1783082158136269824,0.001,-0.678348,-0.678348,-0.678943,0.00070108,0,0.5
1783082158137269760,0.001,-0.678348,-0.678348,-0.678942,0.000700362,0,0.5
1783082158138269696,0.001,-0.678348,-0.678348,-0.678942,0.000699678,0,0.5
1783082158139269632,0.001,-0.678348,-0.678348,-0.678941,0.000699026,0,0.5
1783082158140269568,0.001,-0.678348,-0.678348,-0.678941,0.000698404,0,0.5
1783082158141269504,0.001,-0.678348,-0.678348,-0.678941,0.000697812,0,0.5
1783082158142269440,0.001,-0.678348,-0.678348,-0.67894,0.000697247,0,0.5
1783082158143269376,0.001,-0.678348,-0.678348,-0.67894,0.000696708,0,0.5
1783082158144269312,0.001,-0.678348,-0.678348,-0.678939,0.000696194,0,0.5
1783082158145269248,0.001,-0.678348,-0.678348,-0.678939,0.000695704,0,0.5
1783082158146269184,0.001,-0.678348,-0.678348,-0.678939,0.000695237,0,0.5
1783082158147269120,0.001,-0.678348,-0.678348,-0.678938,0.000694792,0,0.5
1783082158148269056,0.001,-0.678348,-0.678348,-0.678938,0.000694367,0,0.5
1783082158149268992,0.001,-0.678348,-0.678348,-0.678937,0.000693961,0,0.5
1783082158150268928,0.001,-0.678348,-0.678348,-0.678937,0.000693575,0,0.5
1783082158151268864,0.001,-0.678348,-0.678348,-0.678936,0.000693206,0,0.5
1783082158152268800,0.001,-0.678348,-0.678348,-0.678936,0.000692854,0,0.5
1783082158153268736,0.001,-0.678348,-0.678348,-0.678936,0.000692518,0,0.5
1783082158154268672,0.001,-0.678348,-0.678348,-0.678935,0.000692198,0,0.5
1783082158155268608,0.001,-0.678348,-0.678348,-0.678935,0.000691892,0,0.5
1783082158156268544,0.001,-0.678348,-0.678348,-0.678934,0.0006916,0,0.5
1783082158157268480,0.001,-0.678348,-0.678348,-0.678934,0.000691322,0,0.5
1783082158158268416,0.001,-0.678348,-0.678348,-0.678933,0.000691056,0,0.5
1783082158159268352,0.001,-0.678348,-0.678348,-0.678933,0.000690802,0,0.5
1783082158160268288,0.001,-0.678348,-0.678348,-0.678933,0.00069056,0,0.5
1783082158161268224,0.001,-0.678348,-0.678348,-0.678932,0.000690329,0,0.5
1783082158162268160,0.001,-0.678348,-0.678348,-0.678932,0.000690108,0,0.5
1783082158163268096,0.001,-0.678348,-0.678348,-0.678931,0.000689897,0,0.5
1783082158164268032,0.001,-0.678348,-0.678348,-0.678931,0.000689696,0,0.5
1783082158165267968,0.001,-0.678348,-0.678348,-0.678931,0.000689503,0,0.5
1783082158166267904,0.001,-0.678348,-0.678348,-0.67893,0.00068932,0,0.5
1783082158167267840,0.001,-0.678348,-0.678348,-0.67893,0.000689144,0,0.5
1783082158168267776,0.001,-0.678348,-0.678348,-0.678929,0.000688976,0,0.5
1783082158169267712,0.001,-0.678348,-0.678348,-0.678929,0.000688816,0,0.5
1783082158170267648,0.001,-0.678348,-0.678348,-0.678928,0.000688663,0,0.5
1783082158171267584,0.001,-0.678348,-0.678348,-0.678928,0.000688517,0,0.5
1783082158172267520,0.001,-0.678348,-0.678348,-0.678928,0.000688377,0,0.5
1783082158173267456,0.001,-0.678348,-0.678348,-0.678927,0.000688244,0,0.5
1783082158174267392,0.001,-0.678348,-0.678348,-0.678927,0.000688116,0,0.5
1783082158175267328,0.001,-0.678348,-0.678348,-0.678926,0.000687994,0,0.5
1783082158176267264,0.001,-0.678348,-0.678348,-0.678926,0.000687877,0,0.5
1783082158177267200,0.001,-0.678348,-0.678348,-0.678925,0.000687765,0,0.5
1783082158178267136,0.001,-0.678348,-0.678348,-0.678925,0.000687658,0,0.5
1783082158179267072,0.001,-0.678348,-0.678348,-0.678925,0.000687556,0,0.5
1783082158180267008,0.001,-0.678348,-0.678348,-0.678924,0.000687458,0,0.5
1783082158181266944,0.001,-0.678348,-0.678348,-0.678924,0.000687364,0,0.5
1783082158182266880,0.001,-0.678348,-0.678348,-0.678923,0.000687275,0,0.5
1783082158183266816,0.001,-0.678348,-0.678348,-0.678923,0.000687189,0,0.5
1783082158184266752,0.001,-0.678348,-0.678348,-0.678923,0.000687107,0,0.5
1783082158185266688,0.001,-0.678348,-0.678348,-0.678922,0.000687028,0,0.5
1783082158186266624,0.001,-0.678348,-0.678348,-0.678922,0.000686952,0,0.5
1783082158187266560,0.001,-0.678348,-0.678348,-0.678921,0.00068688,0,0.5
1783082158188266496,0.001,-0.678348,-0.678348,-0.678921,0.000686811,0,0.5
1783082158189266432,0.001,0,0,-0.67892,0.000703131,0,0.5
1783082158190266368,0.001,0,0,-0.678919,0.000719452,0,0.5
1783082158191266304,0.001,0,0,-0.678919,0.000735772,0,0.5
1783082158192266240,0.001,0,0,-0.678918,0.000752093,0,0.5
1783082158193266176,0.001,0,0,-0.678917,0.000768413,0,0.5
1783082158194266112,0.001,0,0,-0.678917,0.000784734,0,0.5
1783082158195266048,0.001,0,0,-0.678916,0.000801054,0,0.5
1783082158196265984,0.001,0,0,-0.678915,0.000817375,0,0.5
1783082158197265920,0.001,0,0,-0.678914,0.000833695,0,0.5
1783082158198265856,0.001,0,0,-0.678913,0.000850015,0,0.5
1783082158199265792,0.001,-0.678348,-0.678348,-0.678913,0.000841524,0,0.5
1783082158200265728,0.001,-0.678348,-0.678348,-0.678913,0.000833513,0,0.5
1783082158201265664,0.001,0,0,-0.678912,0.000849833,0,0.5
1783082158202265600,0.001,-0.678348,-0.678348,-0.678912,0.000841353,0,0.5
1783082158203265536,0.001,-0.678348,-0.678348,-0.678912,0.000833352,0,0.5
1783082158204265472,0.001,-0.678348,-0.678348,-0.678911,0.0008258,0,0.5
1783082158205265408,0.001,-0.678348,-0.678348,-0.678911,0.000818667,0,0.5
1783082158206265344,0.001,-0.678348,-0.678348,-0.678911,0.000811927,0,0.5
1783082158207265280,0.001,-0.678348,-0.678348,-0.678911,0.000805556,0,0.5
1783082158208265216,0.001,-0.678348,-0.678348,-0.67891,0.000799529,0,0.5
1783082158209265152,0.001,-0.678348,-0.678348,-0.67891,0.000793828,0,0.5
1783082158210265088,0.001,-0.678348,-0.678348,-0.67891,0.00078843,0,0.5
1783082158211265024,0.001,-0.678348,-0.678348,-0.67891,0.00078332,0,0.5
1783082158212264960,0.001,-0.678348,-0.678348,-0.67891,0.000778479,0,0.5
1783082158213264896,0.001,-0.678348,-0.678348,-0.678909,0.000773891,0,0.5
1783082158214264832,0.001,-0.678348,-0.678348,-0.678909,0.000769543,0,0.5
1783082158215264768,0.001,-0.678348,-0.678348,-0.678909,0.00076542,0,0.5
1783082158216264704,0.001,-0.678348,-0.678348,-0.678908,0.00076151,0,0.5
1783082158217264640,0.001,-0.678348,-0.678348,-0.678908,0.000757801,0,0.5
1783082158218264576,0.001,-0.678348,-0.678348,-0.678908,0.00075428,0,0.5
1783082158219264512,0.001,-0.678348,-0.678348,-0.678908,0.000750939,0,0.5
1783082158220264448,0.001,-0.678348,-0.678348,-0.678907,0.000747767,0,0.5
1783082158221264384,0.001,-0.678348,-0.678348,-0.678907,0.000744754,0,0.5
1783082158222264320,0.001,-0.678348,-0.678348,-0.678907,0.000741893,0,0.5
1783082158223264256,0.001,-0.678348,-0.678348,-0.678907,0.000739174,0,0.5
1783082158224264192,0.001,-0.678348,-0.678348,-0.678906,0.000736591,0,0.5
1783082158225264128,0.001,-0.678348,-0.678348,-0.678906,0.000734136,0,0.5
1783082158226264064,0.001,-0.678348,-0.678348,-0.678906,0.000731802,0,0.5
1783082158227264000,0.001,-0.678348,-0.678348,-0.678905,0.000729584,0,0.5
1783082158228263936,0.001,-0.678348,-0.678348,-0.678905,0.000727474,0,0.5
1783082158229263872,0.001,-0.678348,-0.678348,-0.678905,0.000725468,0,0.5
1783082158230263808,0.001,-0.678348,-0.678348,-0.678904,0.000723559,0,0.5
1783082158231263744,0.001,-0.678348,-0.678348,-0.678904,0.000721744,0,0.5
1783082158232263680,0.001,-0.678348,-0.678348,-0.678904,0.000720016,0,0.5
1783082158233263616,0.001,-0.678348,-0.678348,-0.678903,0.000718373,0,0.5
1783082158234263552,0.001,-0.678348,-0.678348,-0.678903,0.000716808,0,0.5
1783082158235263488,0.001,-0.678348,-0.678348,-0.678903,0.000715319,0,0.5
1783082158236263424,0.001,-0.678348,-0.678348,-0.678902,0.000713902,0,0.5
1783082158237263360,0.001,-0.678348,-0.678348,-0.678902,0.000712553,0,0.5
1783082158238263296,0.001,-0.678348,-0.678348,-0.678902,0.000711268,0,0.5
1783082158239263232,0.001,-0.678348,-0.678348,-0.678901,0.000710045,0,0.5
1783082158240263168,0.001,-0.678348,-0.678348,-0.678901,0.000708879,0,0.5
1783082158241263104,0.001,-0.678348,-0.678348,-0.678901,0.00070777,0,0.5
1783082158242263040,0.001,-0.678348,-0.678348,-0.6789,0.000706713,0,0.5
1783082158243262976,0.001,-0.678348,-0.678348,-0.6789,0.000705706,0,0.5
1783082158244262912,0.001,-0.678348,-0.678348,-0.6789,0.000704747,0,0.5
1783082158245262848,0.001,-0.678348,-0.678348,-0.678899,0.000703833,0,0.5
1783082158246262784,0.001,-0.678348,-0.678348,-0.678899,0.000702962,0,0.5
1783082158247262720,0.001,-0.678348,-0.678348,-0.678899,0.000702132,0,0.5
1783082158248262656,0.001,-0.678348,-0.678348,-0.678898,0.000701341,0,0.5
1783082158249262592,0.001,-0.678348,-0.678348,-0.678898,0.000700587,0,0.5
1783082158250262528,0.001,-0.678348,-0.678348,-0.678898,0.000699868,0,0.5
1783082158251262464,0.001,-0.678348,-0.678348,-0.678897,0.000699183,0,0.5
1783082158252262400,0.001,-0.678348,-0.678348,-0.678897,0.00069853,0,0.5
1783082158253262336,0.001,-0.678348,-0.678348,-0.678897,0.000697907,0,0.5
1783082158254262272,0.001,-0.678348,-0.678348,-0.678896,0.000697313,0,0.5
1783082158255262208,0.001,-0.678348,-0.678348,-0.678896,0.000696747,0,0.5
1783082158256262144,0.001,-0.678348,-0.678348,-0.678896,0.000696207,0,0.5
1783082158257262080,0.001,-0.678348,-0.678348,-0.678895,0.000695692,0,0.5
1783082158258262016,0.001,-0.678348,-0.678348,-0.678895,0.000695201,0,0.5
1783082158259261952,0.001,-0.678348,-0.678348,-0.678895,0.000694733,0,0.5
1783082158260261888,0.001,-0.678348,-0.678348,-0.678894,0.000694286,0,0.5
1783082158261261824,0.001,-0.678348,-0.678348,-0.678894,0.000693859,0,0.5
1783082158262261760,0.001,-0.678348,-0.678348,-0.678894,0.000693452,0,0.5
1783082158263261696,0.001,-0.678348,-0.678348,-0.678893,0.000693064,0,0.5
1783082158264261632,0.001,-0.678348,-0.678348,-0.678893,0.000692694,0,0.5
1783082158265261568,0.001,-0.678348,-0.678348,-0.678892,0.00069234,0,0.5
1783082158266261504,0.001,-0.678348,-0.678348,-0.678892,0.000692003,0,0.5
1783082158267261440,0.001,-0.678348,-0.678348,-0.678892,0.000691681,0,0.5
1783082158268261376,0.001,-0.678348,-0.678348,-0.678891,0.000691373,0,0.5
1783082158269261312,0.001,-0.678348,-0.678348,-0.678891,0.00069108,0,0.5
1783082158270261248,0.001,-0.678348,-0.678348,-0.678891,0.0006908,0,0.5
1783082158271261184,0.001,-0.678348,-0.678348,-0.67889,0.000690532,0,0.5
1783082158272261120,0.001,-0.678348,-0.678348,-0.67889,0.000690277,0,0.5
1783082158273261056,0.001,-0.678348,-0.678348,-0.67889,0.000690033,0,0.5
1783082158274260992,0.001,-0.678348,-0.678348,-0.678889,0.000689799,0,0.5
1783082158275260928,0.001,-0.678348,-0.678348,-0.678889,0.000689577,0,0.5
1783082158276260864,0.001,-0.678348,-0.678348,-0.678889,0.000689364,0,0.5
1783082158277260800,0.001,-0.678348,-0.678348,-0.678888,0.000689161,0,0.5
1783082158278260736,0.001,-0.678348,-0.678348,-0.678888,0.000688967,0,0.5
1783082158279260672,0.001,-0.678348,-0.678348,-0.678887,0.000688781,0,0.5
1783082158280260608,0.001,-0.678348,-0.678348,-0.678887,0.000688604,0,0.5
1783082158281260544,0.001,-0.678348,-0.678348,-0.678887,0.000688434,0,0.5
1783082158282260480,0.001,-0.678348,-0.678348,-0.678886,0.000688272,0,0.5
1783082158283260416,0.001,-0.678348,-0.678348,-0.678886,0.000688117,0,0.5
1783082158284260352,0.001,-0.678348,-0.678348,-0.678886,0.000687969,0,0.5
1783082158285260288,0.001,-0.678348,-0.678348,-0.678885,0.000687827,0,0.5
1783082158286260224,0.001,-0.678348,-0.678348,-0.678885,0.000687692,0,0.5
1783082158287260160,0.001,-0.678348,-0.678348,-0.678885,0.000687562,0,0.5
1783082158288260096,0.001,-0.678348,-0.678348,-0.678884,0.000687438,0,0.5
1783082158289260032,0.001,-0.678348,-0.678348,-0.678884,0.000687319,0,0.5
1783082158290259968,0.001,-0.678348,-0.678348,-0.678883,0.000687206,0,0.5
1783082158291259904,0.001,0,0,-0.678883,0.000703518,0,0.5
1783082158292259840,0.001,-0.678348,-0.678348,-0.678882,0.000702643,0,0.5
1783082158293259776,0.001,-0.678348,-0.678348,-0.678882,0.000701808,0,0.5
1783082158294259712,0.001,-0.678348,-0.678348,-0.678882,0.000701013,0,0.5
1783082158295259648,0.001,-0.678348,-0.678348,-0.678881,0.000700255,0,0.5
1783082158296259584,0.001,-0.678348,-0.678348,-0.678881,0.000699532,0,0.5
1783082158297259520,0.001,-0.678348,-0.678348,-0.678881,0.000698844,0,0.5
1783082158298259456,0.001,-0.678348,-0.678348,-0.67888,0.000698187,0,0.5
1783082158299259392,0.001,0,0,-0.67888,0.000714499,0,0.5
1783082158300259328,0.001,-0.678348,-0.678348,-0.678879,0.000713095,0,0.5
1783082158301259264,0.001,0,0,-0.678879,0.000729407,0,0.5
1783082158302259200,0.001,-0.678348,-0.678348,-0.678878,0.000727276,0,0.5
1783082158303259136,0.001,-0.678348,-0.678348,-0.678878,0.00072525,0,0.5
1783082158304259072,0.001,-0.678348,-0.678348,-0.678878,0.000723322,0,0.5
1783082158305259008,0.001,-0.678348,-0.678348,-0.678877,0.000721489,0,0.5
1783082158306258944,0.001,-0.678348,-0.678348,-0.678877,0.000719744,0,0.5
1783082158307258880,0.001,-0.678348,-0.678348,-0.678877,0.000718084,0,0.5
1783082158308258816,0.001,-0.678348,-0.678348,-0.678876,0.000716504,0,0.5
1783082158309258752,0.001,-0.678348,-0.678348,-0.678876,0.000715001,0,0.5
1783082158310258688,0.001,-0.678348,-0.678348,-0.678876,0.000713569,0,0.5
1783082158311258624,0.001,-0.678348,-0.678348,-0.678875,0.000712207,0,0.5
1783082158312258560,0.001,-0.678348,-0.678348,-0.678875,0.00071091,0,0.5
1783082158313258496,0.001,-0.678348,-0.678348,-0.678875,0.000709674,0,0.5
1783082158314258432,0.001,-0.678348,-0.678348,-0.678874,0.000708498,0,0.5
1783082158315258368,0.001,-0.678348,-0.678348,-0.678874,0.000707378,0,0.5
1783082158316258304,0.001,-0.678348,-0.678348,-0.678874,0.00070631,0,0.5
1783082158317258240,0.001,-0.678348,-0.678348,-0.678873,0.000705294,0,0.5
1783082158318258176,0.001,-0.678348,-0.678348,-0.678873,0.000704325,0,0.5
1783082158319258112,0.001,-0.678348,-0.678348,-0.678873,0.000703403,0,0.5
1783082158320258048,0.001,-0.678348,-0.678348,-0.678872,0.000702524,0,0.5
1783082158321257984,0.001,-0.678348,-0.678348,-0.678872,0.000701686,0,0.5
1783082158322257920,0.001,-0.678348,-0.678348,-0.678872,0.000700888,0,0.5
1783082158323257856,0.001,-0.678348,-0.678348,-0.678871,0.000700127,0,0.5
1783082158324257792,0.001,-0.678348,-0.678348,-0.678871,0.000699402,0,0.5
1783082158325257728,0.001,-0.678348,-0.678348,-0.678871,0.000698711,0,0.5
1783082158326257664,0.001,-0.678348,-0.678348,-0.67887,0.000698052,0,0.5
1783082158327257600,0.001,-0.678348,-0.678348,-0.67887,0.000697424,0,0.5
1783082158328257536,0.001,-0.678348,-0.678348,-0.67887,0.000696825,0,0.5
1783082158329257472,0.001,-0.678348,-0.678348,-0.678869,0.000696254,0,0.5
1783082158330257408,0.001,-0.678348,-0.678348,-0.678869,0.000695709,0,0.5
1783082158331257344,0.001,-0.678348,-0.678348,-0.678869,0.00069519,0,0.5
1783082158332257280,0.001,-0.678348,-0.678348,-0.678868,0.000694695,0,0.5
1783082158333257216,0.001,-0.678348,-0.678348,-0.678868,0.000694222,0,0.5
1783082158334257152,0.001,-0.678348,-0.678348,-0.678868,0.000693772,0,0.5
1783082158335257088,0.001,-0.678348,-0.678348,-0.678867,0.000693342,0,0.5
1783082158336257024,0.001,-0.678348,-0.678348,-0.678867,0.000692932,0,0.5
1783082158337256960,0.001,-0.678348,-0.678348,-0.678867,0.000692541,0,0.5
1783082158338256896,0.001,-0.678348,-0.678348,-0.678866,0.000692168,0,0.5
1783082158339256832,0.001,-0.678348,-0.678348,-0.678866,0.000691812,0,0.5
1783082158340256768,0.001,-0.678348,-0.678348,-0.678866,0.000691472,0,0.5
1783082158341256704,0.001,-0.678348,-0.678348,-0.678865,0.000691148,0,0.5
1783082158342256640,0.001,-0.678348,-0.678348,-0.678865,0.000690839,0,0.5
1783082158343256576,0.001,-0.678348,-0.678348,-0.678865,0.000690543,0,0.5
1783082158344256512,0.001,-0.678348,-0.678348,-0.678864,0.000690262,0,0.5
1783082158345256448,0.001,-0.678348,-0.678348,-0.678864,0.000689992,0,0.5
1783082158346256384,0.001,-0.678348,-0.678348,-0.678863,0.000689735,0,0.5
1783082158347256320,0.001,-0.678348,-0.678348,-0.678863,0.00068949,0,0.5
1783082158348256256,0.001,-0.678348,-0.678348,-0.678863,0.000689256,0,0.5
1783082158349256192,0.001,-0.678348,-0.678348,-0.678862,0.000689032,0,0.5
1783082158350256128,0.001,-0.678348,-0.678348,-0.678862,0.000688819,0,0.5
1783082158351256064,0.001,-0.678348,-0.678348,-0.678862,0.000688615,0,0.5
1783082158352256000,0.001,-0.678348,-0.678348,-0.678861,0.00068842,0,0.5
1783082158353255936,0.001,-0.678348,-0.678348,-0.678861,0.000688233,0,0.5
1783082158354255872,0.001,-0.678348,-0.678348,-0.678861,0.000688056,0,0.5
1783082158355255808,0.001,-0.678348,-0.678348,-0.67886,0.000687886,0,0.5
1783082158356255744,0.001,-0.678348,-0.678348,-0.67886,0.000687723,0,0.5
1783082158357255680,0.001,-0.678348,-0.678348,-0.67886,0.000687568,0,0.5
1783082158358255616,0.001,-0.678348,-0.678348,-0.678859,0.000687419,0,0.5
1783082158359255552,0.001,-0.678348,-0.678348,-0.678859,0.000687278,0,0.5
1783082158360255488,0.001,-0.678348,-0.678348,-0.678859,0.000687142,0,0.5
1783082158361255424,0.001,-0.678348,-0.678348,-0.678858,0.000687012,0,0.5
1783082158362255360,0.001,-0.678348,-0.678348,-0.678858,0.000686888,0,0.5
1783082158363255296,0.001,-0.678348,-0.678348,-0.678858,0.00068677,0,0.5
1783082158364255232,0.001,-0.678348,-0.678348,-0.678857,0.000686656,0,0.5
1783082158365255168,0.001,-0.678348,-0.678348,-0.678857,0.000686547,0,0.5
1783082158366255104,0.001,-0.678348,-0.678348,-0.678857,0.000686444,0,0.5
1783082158367255040,0.001,-0.678348,-0.678348,-0.678856,0.000686344,0,0.5
1783082158368254976,0.001,-0.678348,-0.678348,-0.678856,0.000686249,0,0.5
1783082158369254912,0.001,-0.678348,-0.678348,-0.678856,0.000686158,0,0.5
1783082158370254848,0.001,-0.678348,-0.678348,-0.678855,0.00068607,0,0.5
1783082158371254784,0.001,-0.678348,-0.678348,-0.678855,0.000685987,0,0.5
1783082158372254720,0.001,-0.678348,-0.678348,-0.678854,0.000685907,0,0.5
1783082158373254656,0.001,-0.678348,-0.678348,-0.678854,0.00068583,0,0.5
1783082158374254592,0.001,-0.678348,-0.678348,-0.678854,0.000685757,0,0.5
1783082158375254528,0.001,-0.678348,-0.678348,-0.678853,0.000685686,0,0.5
1783082158376254464,0.001,-0.678348,-0.678348,-0.678853,0.000685619,0,0.5
1783082158377254400,0.001,-0.678348,-0.678348,-0.678853,0.000685554,0,0.5
1783082158378254336,0.001,-0.678348,-0.678348,-0.678852,0.000685492,0,0.5
1783082158379254272,0.001,-0.678348,-0.678348,-0.678852,0.000685432,0,0.5
1783082158380254208,0.001,-0.678348,-0.678348,-0.678852,0.000685375,0,0.5
1783082158381254144,0.001,-0.678348,-0.678348,-0.678851,0.00068532,0,0.5
1783082158382254080,0.001,-0.678348,-0.678348,-0.678851,0.000685267,0,0.5
1783082158383254016,0.001,-0.678348,-0.678348,-0.678851,0.000685217,0,0.5
1783082158384253952,0.001,-0.678348,-0.678348,-0.67885,0.000685168,0,0.5
1783082158385253888,0.001,-0.678348,-0.678348,-0.67885,0.000685121,0,0.5
1783082158386253824,0.001,-0.678348,-0.678348,-0.67885,0.000685076,0,0.5
1783082158387253760,0.001,-0.678348,-0.678348,-0.678849,0.000685033,0,0.5
1783082158388253696,0.001,-0.678348,-0.678348,-0.678849,0.000684992,0,0.5
1783082158389253632,0.001,-0.678348,-0.678348,-0.678849,0.000684952,0,0.5
1783082158390253568,0.001,-0.678348,-0.678348,-0.678848,0.000684913,0,0.5
1783082158391253504,0.001,-0.678348,-0.678348,-0.678848,0.000684876,0,0.5
1783082158392253440,0.001,-0.678348,-0.678348,-0.678848,0.000684841,0,0.5
1783082158393253376,0.001,-0.678348,-0.678348,-0.678847,0.000684806,0,0.5
1783082158394253312,0.001,-0.678348,-0.678348,-0.678847,0.000684773,0,0.5
1783082158395253248,0.001,-0.678348,-0.678348,-0.678847,0.000684741,0,0.5
1783082158396253184,0.001,-0.678348,-0.678348,-0.678846,0.00068471,0,0.5
1783082158397253120,0.001,0,0,-0.678846,0.000701015,0,0.5
1783082158398253056,0.001,0,0,-0.678845,0.00071732,0,0.5
1783082158399252992,0.001,0,0,-0.678844,0.000733624,0,0.5
1783082158400252928,0.001,0,0,-0.678843,0.000749929,0,0.5
1783082158401252864,0.001,-0.678348,-0.678348,-0.678843,0.000746739,0,0.5
1783082158402252800,0.001,0,0,-0.678842,0.000763043,0,0.5
1783082158403252736,0.001,-0.678348,-0.678348,-0.678842,0.000759184,0,0.5
1783082158404252672,0.001,-0.678348,-0.678348,-0.678842,0.000755523,0,0.5
1783082158405252608,0.001,-0.678348,-0.678348,-0.678842,0.000752048,0,0.5
1783082158406252544,0.001,-0.678348,-0.678348,-0.678841,0.00074875,0,0.5
1783082158407252480,0.001,-0.678348,-0.678348,-0.678841,0.000745619,0,0.5
1783082158408252416,0.001,-0.678348,-0.678348,-0.678841,0.000742645,0,0.5
1783082158409252352,0.001,-0.678348,-0.678348,-0.678841,0.00073982,0,0.5
1783082158410252288,0.001,-0.678348,-0.678348,-0.67884,0.000737136,0,0.5
1783082158411252224,0.001,-0.678348,-0.678348,-0.67884,0.000734586,0,0.5
1783082158412252160,0.001,-0.678348,-0.678348,-0.67884,0.000732162,0,0.5
1783082158413252096,0.001,-0.678348,-0.678348,-0.678839,0.000729858,0,0.5
1783082158414252032,0.001,-0.678348,-0.678348,-0.678839,0.000727667,0,0.5
1783082158415251968,0.001,-0.678348,-0.678348,-0.678839,0.000725584,0,0.5
1783082158416251904,0.001,-0.678348,-0.678348,-0.678839,0.000723603,0,0.5
1783082158417251840,0.001,-0.678348,-0.678348,-0.678838,0.000721719,0,0.5
1783082158418251776,0.001,-0.678348,-0.678348,-0.678838,0.000719926,0,0.5
1783082158419251712,0.001,-0.678348,-0.678348,-0.678838,0.000718221,0,0.5
1783082158420251648,0.001,-0.678348,-0.678348,-0.678837,0.000716598,0,0.5
1783082158421251584,0.001,-0.678348,-0.678348,-0.678837,0.000715053,0,0.5
1783082158422251520,0.001,-0.678348,-0.678348,-0.678837,0.000713583,0,0.5
1783082158423251456,0.001,-0.678348,-0.678348,-0.678837,0.000712184,0,0.5
1783082158424251392,0.001,-0.678348,-0.678348,-0.678836,0.000710852,0,0.5
1783082158425251328,0.001,-0.678348,-0.678348,-0.678836,0.000709583,0,0.5
1783082158426251264,0.001,-0.678348,-0.678348,-0.678836,0.000708376,0,0.5
1783082158427251200,0.001,-0.678348,-0.678348,-0.678835,0.000707225,0,0.5
1783082158428251136,0.001,-0.678348,-0.678348,-0.678835,0.00070613,0,0.5
1783082158429251072,0.001,-0.678348,-0.678348,-0.678835,0.000705087,0,0.5
1783082158430251008,0.001,-0.678348,-0.678348,-0.678835,0.000704093,0,0.5
1783082158431250944,0.001,-0.678348,-0.678348,-0.678834,0.000703146,0,0.5
1783082158432250880,0.001,-0.678348,-0.678348,-0.678834,0.000702244,0,0.5
1783082158433250816,0.001,-0.678348,-0.678348,-0.678834,0.000701385,0,0.5
1783082158434250752,0.001,-0.678348,-0.678348,-0.678833,0.000700566,0,0.5
1783082158435250688,0.001,-0.678348,-0.678348,-0.678833,0.000699786,0,0.5
1783082158436250624,0.001,-0.678348,-0.678348,-0.678833,0.000699042,0,0.5
1783082158437250560,0.001,-0.678348,-0.678348,-0.678832,0.000698333,0,0.5
1783082158438250496,0.001,-0.678348,-0.678348,-0.678832,0.000697658,0,0.5
1783082158439250432,0.001,-0.678348,-0.678348,-0.678832,0.000697014,0,0.5
1783082158440250368,0.001,-0.678348,-0.678348,-0.678832,0.0006964,0,0.5
1783082158441250304,0.001,-0.678348,-0.678348,-0.678831,0.000695814,0,0.5
1783082158442250240,0.001,-0.678348,-0.678348,-0.678831,0.000695256,0,0.5
1783082158443250176,0.001,-0.678348,-0.678348,-0.678831,0.000694724,0,0.5
1783082158444250112,0.001,-0.678348,-0.678348,-0.67883,0.000694217,0,0.5
1783082158445250048,0.001,-0.678348,-0.678348,-0.67883,0.000693733,0,0.5
1783082158446249984,0.001,-0.678348,-0.678348,-0.67883,0.000693272,0,0.5
1783082158447249920,0.001,-0.678348,-0.678348,-0.678829,0.000692832,0,0.5
1783082158448249856,0.001,-0.678348,-0.678348,-0.678829,0.000692412,0,0.5
1783082158449249792,0.001,-0.678348,-0.678348,-0.678829,0.000692011,0,0.5
1783082158450249728,0.001,-0.678348,-0.678348,-0.678828,0.000691629,0,0.5
1783082158451249664,0.001,-0.678348,-0.678348,-0.678828,0.000691265,0,0.5
1783082158452249600,0.001,-0.678348,-0.678348,-0.678828,0.000690917,0,0.5
1783082158453249536,0.001,-0.678348,-0.678348,-0.678828,0.000690585,0,0.5
1783082158454249472,0.001,-0.678348,-0.678348,-0.678827,0.000690269,0,0.5
1783082158455249408,0.001,-0.678348,-0.678348,-0.678827,0.000689967,0,0.5
1783082158456249344,0.001,-0.678348,-0.678348,-0.678827,0.000689678,0,0.5
1783082158457249280,0.001,-0.678348,-0.678348,-0.678826,0.000689403,0,0.5
1783082158458249216,0.001,-0.678348,-0.678348,-0.678826,0.00068914,0,0.5
1783082158459249152,0.001,-0.678348,-0.678348,-0.678826,0.00068889,0,0.5
1783082158460249088,0.001,-0.678348,-0.678348,-0.678825,0.00068865,0,0.5
1783082158461249024,0.001,-0.678348,-0.678348,-0.678825,0.000688422,0,0.5
1783082158462248960,0.001,-0.678348,-0.678348,-0.678825,0.000688203,0,0.5
1783082158463248896,0.001,-0.678348,-0.678348,-0.678824,0.000687995,0,0.5
1783082158464248832,0.001,-0.678348,-0.678348,-0.678824,0.000687796,0,0.5
1783082158465248768,0.001,-0.678348,-0.678348,-0.678824,0.000687606,0,0.5
1783082158466248704,0.001,-0.678348,-0.678348,-0.678824,0.000687424,0,0.5
1783082158467248640,0.001,-0.678348,-0.678348,-0.678823,0.000687251,0,0.5
1783082158468248576,0.001,-0.678348,-0.678348,-0.678823,0.000687085,0,0.5
1783082158469248512,0.001,-0.678348,-0.678348,-0.678823,0.000686926,0,0.5
1783082158470248448,0.001,-0.678348,-0.678348,-0.678822,0.000686775,0,0.5
1783082158471248384,0.001,-0.678348,-0.678348,-0.678822,0.00068663,0,0.5
1783082158472248320,0.001,-0.678348,-0.678348,-0.678822,0.000686492,0,0.5
1783082158473248256,0.001,-0.678348,-0.678348,-0.678821,0.00068636,0,0.5
1783082158474248192,0.001,-0.678348,-0.678348,-0.678821,0.000686234,0,0.5
1783082158475248128,0.001,-0.678348,-0.678348,-0.678821,0.000686113,0,0.5
1783082158476248064,0.001,-0.678348,-0.678348,-0.67882,0.000685997,0,0.5
1783082158477248000,0.001,-0.678348,-0.678348,-0.67882,0.000685887,0,0.5
1783082158478247936,0.001,-0.678348,-0.678348,-0.67882,0.000685781,0,0.5
1783082158479247872,0.001,-0.678348,-0.678348,-0.678819,0.00068568,0,0.5
1783082158480247808,0.001,-0.678348,-0.678348,-0.678819,0.000685583,0,0.5
1783082158481247744,0.001,-0.678348,-0.678348,-0.678819,0.00068549,0,0.5
1783082158482247680,0.001,-0.678348,-0.678348,-0.678819,0.000685402,0,0.5
1783082158483247616,0.001,-0.678348,-0.678348,-0.678818,0.000685317,0,0.5
1783082158484247552,0.001,-0.678348,-0.678348,-0.678818,0.000685235,0,0.5
1783082158485247488,0.001,-0.678348,-0.678348,-0.678818,0.000685158,0,0.5
1783082158486247424,0.001,-0.678348,-0.678348,-0.678817,0.000685083,0,0.5
1783082158487247360,0.001,-0.678348,-0.678348,-0.678817,0.000685012,0,0.5
1783082158488247296,0.001,-0.678348,-0.678348,-0.678817,0.000684943,0,0.5
1783082158489247232,0.001,-0.678348,-0.678348,-0.678816,0.000684877,0,0.5
1783082158490247168,0.001,-0.678348,-0.678348,-0.678816,0.000684815,0,0.5
1783082158491247104,0.001,-0.678348,-0.678348,-0.678816,0.000684754,0,0.5
1783082158492247040,0.001,-0.678348,-0.678348,-0.678815,0.000684696,0,0.5
1783082158493246976,0.001,-0.678348,-0.678348,-0.678815,0.000684641,0,0.5
1783082158494246912,0.001,-0.678348,-0.678348,-0.678815,0.000684587,0,0.5
1783082158495246848,0.001,-0.678348,-0.678348,-0.678815,0.000684536,0,0.5
1783082158496246784,0.001,-0.678348,-0.678348,-0.678814,0.000684487,0,0.5
1783082158497246720,0.001,-0.678348,-0.678348,-0.678814,0.00068444,0,0.5
1783082158498246656,0.001,-0.678348,-0.678348,-0.678814,0.000684395,0,0.5
1783082158499246592,0.001,-0.678348,-0.678348,-0.678813,0.000684351,0,0.5
1783082158500246528,0.001,-0.678348,-0.678348,-0.678813,0.000684309,0,0.5
1783082158501246464,0.001,-0.678348,-0.678348,-0.678813,0.000684269,0,0.5
1783082158502246400,0.001,-0.678348,-0.678348,-0.678812,0.00068423,0,0.5
1783082158503246336,0.001,0,0,-0.678812,0.000700527,0,0.5
1783082158504246272,0.001,-0.678348,-0.678348,-0.678811,0.000699725,0,0.5
1783082158505246208,0.001,-0.678348,-0.678348,-0.678811,0.000698961,0,0.5
1783082158506246144,0.001,-0.678348,-0.678348,-0.678811,0.000698233,0,0.5
1783082158507246080,0.001,-0.678348,-0.678348,-0.67881,0.000697539,0,0.5
1783082158508246016,0.001,-0.678348,-0.678348,-0.67881,0.000696878,0,0.5
1783082158509245952,0.001,-0.678348,-0.678348,-0.67881,0.000696247,0,0.5
1783082158510245888,0.001,-0.678348,-0.678348,-0.67881,0.000695646,0,0.5
1783082158511245824,0.001,-0.678348,-0.678348,-0.678809,0.000695073,0,0.5
1783082158512245760,0.001,-0.678348,-0.678348,-0.678809,0.000694527,0,0.5
1783082158513245696,0.001,-0.678348,-0.678348,-0.678809,0.000694006,0,0.5
1783082158514245632,0.001,-0.678348,-0.678348,-0.678808,0.000693509,0,0.5
1783082158515245568,0.001,-0.678348,-0.678348,-0.678808,0.000693036,0,0.5
1783082158516245504,0.001,-0.678348,-0.678348,-0.678808,0.000692584,0,0.5
1783082158517245440,0.001,-0.678348,-0.678348,-0.678807,0.000692153,0,0.5
1783082158518245376,0.001,-0.678348,-0.678348,-0.678807,0.000691742,0,0.5
1783082158519245312,0.001,-0.678348,-0.678348,-0.678807,0.00069135,0,0.5
1783082158520245248,0.001,-0.678348,-0.678348,-0.678807,0.000690976,0,0.5
1783082158521245184,0.001,-0.678348,-0.678348,-0.678806,0.00069062,0,0.5
1783082158522245120,0.001,-0.678348,-0.678348,-0.678806,0.000690279,0,0.5
1783082158523245056,0.001,-0.678348,-0.678348,-0.678806,0.000689955,0,0.5
1783082158524244992,0.001,-0.678348,-0.678348,-0.678805,0.000689645,0,0.5
1783082158525244928,0.001,-0.678348,-0.678348,-0.678805,0.000689349,0,0.5
1783082158526244864,0.001,-0.678348,-0.678348,-0.678805,0.000689067,0,0.5
1783082158527244800,0.001,-0.678348,-0.678348,-0.678805,0.000688798,0,0.5
1783082158528244736,0.001,-0.678348,-0.678348,-0.678804,0.000688541,0,0.5
1783082158529244672,0.001,-0.678348,-0.678348,-0.678804,0.000688296,0,0.5
1783082158530244608,0.001,-0.678348,-0.678348,-0.678804,0.000688062,0,0.5
1783082158531244544,0.001,-0.678348,-0.678348,-0.678803,0.000687838,0,0.5
1783082158532244480,0.001,-0.678348,-0.678348,-0.678803,0.000687625,0,0.5
1783082158533244416,0.001,-0.678348,-0.678348,-0.678803,0.000687421,0,0.5
1783082158534244352,0.001,-0.678348,-0.678348,-0.678802,0.000687227,0,0.5
1783082158535244288,0.001,-0.678348,-0.678348,-0.678802,0.000687041,0,0.5
1783082158536244224,0.001,-0.678348,-0.678348,-0.678802,0.000686863,0,0.5
1783082158537244160,0.001,-0.678348,-0.678348,-0.678801,0.000686694,0,0.5
1783082158538244096,0.001,-0.678348,-0.678348,-0.678801,0.000686532,0,0.5
1783082158539244032,0.001,-0.678348,-0.678348,-0.678801,0.000686377,0,0.5
1783082158540243968,0.001,-0.678348,-0.678348,-0.678801,0.00068623,0,0.5
1783082158541243904,0.001,-0.678348,-0.678348,-0.6788,0.000686089,0,0.5
1783082158542243840,0.001,-0.678348,-0.678348,-0.6788,0.000685954,0,0.5
1783082158543243776,0.001,-0.678348,-0.678348,-0.6788,0.000685825,0,0.5
1783082158544243712,0.001,-0.678348,-0.678348,-0.678799,0.000685701,0,0.5
1783082158545243648,0.001,-0.678348,-0.678348,-0.678799,0.000685584,0,0.5
1783082158546243584,0.001,-0.678348,-0.678348,-0.678799,0.000685471,0,0.5
1783082158547243520,0.001,-0.678348,-0.678348,-0.678798,0.000685363,0,0.5
1783082158548243456,0.001,-0.678348,-0.678348,-0.678798,0.00068526,0,0.5
1783082158549243392,0.001,-0.678348,-0.678348,-0.678798,0.000685162,0,0.5
1783082158550243328,0.001,-0.678348,-0.678348,-0.678798,0.000685067,0,0.5
1783082158551243264,0.001,-0.678348,-0.678348,-0.678797,0.000684977,0,0.5
1783082158552243200,0.001,-0.678348,-0.678348,-0.678797,0.000684891,0,0.5
1783082158553243136,0.001,-0.678348,-0.678348,-0.678797,0.000684808,0,0.5
1783082158554243072,0.001,-0.678348,-0.678348,-0.678796,0.000684729,0,0.5
1783082158555243008,0.001,-0.678348,-0.678348,-0.678796,0.000684653,0,0.5
1783082158556242944,0.001,-0.678348,-0.678348,-0.678796,0.000684581,0,0.5
1783082158557242880,0.001,-0.678348,-0.678348,-0.678796,0.000684511,0,0.5
1783082158558242816,0.001,-0.678348,-0.678348,-0.678795,0.000684445,0,0.5
1783082158559242752,0.001,-0.678348,-0.678348,-0.678795,0.000684381,0,0.5
1783082158560242688,0.001,-0.678348,-0.678348,-0.678795,0.00068432,0,0.5
1783082158561242624,0.001,-0.678348,-0.678348,-0.678794,0.000684262,0,0.5
1783082158562242560,0.001,-0.678348,-0.678348,-0.678794,0.000684206,0,0.5
1783082158563242496,0.001,-0.678348,-0.678348,-0.678794,0.000684152,0,0.5
1783082158564242432,0.001,-0.678348,-0.678348,-0.678793,0.0006841,0,0.5
1783082158565242368,0.001,-0.678348,-0.678348,-0.678793,0.00068405,0,0.5
1783082158566242304,0.001,-0.678348,-0.678348,-0.678793,0.000684003,0,0.5
1783082158567242240,0.001,-0.678348,-0.678348,-0.678793,0.000683957,0,0.5
1783082158568242176,0.001,-0.678348,-0.678348,-0.678792,0.000683914,0,0.5
1783082158569242112,0.001,-0.678348,-0.678348,-0.678792,0.000683872,0,0.5
1783082158570242048,0.001,-0.678348,-0.678348,-0.678792,0.000683831,0,0.5
1783082158571241984,0.001,-0.678348,-0.678348,-0.678791,0.000683792,0,0.5
1783082158572241920,0.001,-0.678348,-0.678348,-0.678791,0.000683755,0,0.5
1783082158573241856,0.001,-0.678348,-0.678348,-0.678791,0.000683719,0,0.5
1783082158574241792,0.001,-0.678348,-0.678348,-0.678791,0.000683684,0,0.5
1783082158575241728,0.001,-0.678348,-0.678348,-0.67879,0.000683651,0,0.5
1783082158576241664,0.001,-0.678348,-0.678348,-0.67879,0.000683619,0,0.5
1783082158577241600,0.001,-0.678348,-0.678348,-0.67879,0.000683588,0,0.5
1783082158578241536,0.001,-0.678348,-0.678348,-0.678789,0.000683559,0,0.5
1783082158579241472,0.001,-0.678348,-0.678348,-0.678789,0.00068353,0,0.5
1783082158580241408,0.001,-0.678348,-0.678348,-0.678789,0.000683503,0,0.5
1783082158581241344,0.001,-0.678348,-0.678348,-0.678788,0.000683476,0,0.5
1783082158582241280,0.001,-0.678348,-0.678348,-0.678788,0.00068345,0,0.5
1783082158583241216,0.001,-0.678348,-0.678348,-0.678788,0.000683426,0,0.5
1783082158584241152,0.001,-0.678348,-0.678348,-0.678788,0.000683402,0,0.5
1783082158585241088,0.001,-0.678348,-0.678348,-0.678787,0.000683379,0,0.5
1783082158586241024,0.001,-0.678348,-0.678348,-0.678787,0.000683356,0,0.5
1783082158587240960,0.001,-0.678348,-0.678348,-0.678787,0.000683335,0,0.5
1783082158588240896,0.001,-0.678348,-0.678348,-0.678786,0.000683314,0,0.5
1783082158589240832,0.001,-0.678348,-0.678348,-0.678786,0.000683294,0,0.5
1783082158590240768,0.001,-0.678348,-0.678348,-0.678786,0.000683274,0,0.5
1783082158591240704,0.001,-0.678348,-0.678348,-0.678786,0.000683255,0,0.5
1783082158592240640,0.001,-0.678348,-0.678348,-0.678785,0.000683237,0,0.5
1783082158593240576,0.001,-0.678348,-0.678348,-0.678785,0.000683219,0,0.5
1783082158594240512,0.001,-0.678348,-0.678348,-0.678785,0.000683202,0,0.5
1783082158595240448,0.001,-0.678348,-0.678348,-0.678784,0.000683185,0,0.5
1783082158596240384,0.001,-0.678348,-0.678348,-0.678784,0.000683169,0,0.5
1783082158597240320,0.001,-0.678348,-0.678348,-0.678784,0.000683153,0,0.5
1783082158598240256,0.001,-0.678348,-0.678348,-0.678783,0.000683138,0,0.5
1783082158599240192,0.001,-0.678348,-0.678348,-0.678783,0.000683123,0,0.5
1783082158600240128,0.001,-0.678348,-0.678348,-0.678783,0.000683108,0,0.5
1783082158601240064,0.001,-0.678348,-0.678348,-0.678783,0.000683094,0,0.5
1783082158602240000,0.001,-0.678348,-0.678348,-0.678782,0.00068308,0,0.5
1783082158603239936,0.001,-0.678348,-0.678348,-0.678782,0.000683067,0,0.5
1783082158604239872,0.001,0,0,-0.678781,0.000699356,0,0.5
1783082158605239808,0.001,-0.678348,-0.678348,-0.678781,0.000698579,0,0.5
1783082158606239744,0.001,-0.678348,-0.678348,-0.678781,0.000697839,0,0.5
1783082158607239680,0.001,-0.678348,-0.678348,-0.67878,0.000697134,0,0.5
1783082158608239616,0.001,-0.678348,-0.678348,-0.67878,0.000696462,0,0.5
1783082158609239552,0.001,-0.678348,-0.678348,-0.67878,0.000695821,0,0.5
1783082158610239488,0.001,-0.678348,-0.678348,-0.67878,0.00069521,0,0.5
1783082158611239424,0.001,-0.678348,-0.678348,-0.678779,0.000694628,0,0.5
1783082158612239360,0.001,-0.678348,-0.678348,-0.678779,0.000694073,0,0.5
1783082158613239296,0.001,-0.678348,-0.678348,-0.678779,0.000693544,0,0.5
1783082158614239232,0.001,-0.678348,-0.678348,-0.678779,0.000693039,0,0.5
1783082158615239168,0.001,-0.678348,-0.678348,-0.678778,0.000692558,0,0.5
1783082158616239104,0.001,-0.678348,-0.678348,-0.678778,0.000692099,0,0.5
1783082158617239040,0.001,-0.678348,-0.678348,-0.678778,0.000691662,0,0.5
1783082158618238976,0.001,-0.678348,-0.678348,-0.678777,0.000691245,0,0.5
1783082158619238912,0.001,-0.678348,-0.678348,-0.678777,0.000690847,0,0.5
1783082158620238848,0.001,-0.678348,-0.678348,-0.678777,0.000690467,0,0.5
1783082158621238784,0.001,-0.678348,-0.678348,-0.678777,0.000690105,0,0.5
1783082158622238720,0.001,-0.678348,-0.678348,-0.678776,0.00068976,0,0.5
1783082158623238656,0.001,-0.678348,-0.678348,-0.678776,0.000689431,0,0.5
1783082158624238592,0.001,-0.678348,-0.678348,-0.678776,0.000689116,0,0.5
1783082158625238528,0.001,-0.678348,-0.678348,-0.678776,0.000688816,0,0.5
1783082158626238464,0.001,-0.678348,-0.678348,-0.678775,0.00068853,0,0.5
1783082158627238400,0.001,-0.678348,-0.678348,-0.678775,0.000688257,0,0.5
1783082158628238336,0.001,-0.678348,-0.678348,-0.678775,0.000687997,0,0.5
1783082158629238272,0.001,-0.678348,-0.678348,-0.678774,0.000687748,0,0.5
1783082158630238208,0.001,-0.678348,-0.678348,-0.678774,0.000687511,0,0.5
1783082158631238144,0.001,-0.678348,-0.678348,-0.678774,0.000687284,0,0.5
1783082158632238080,0.001,-0.678348,-0.678348,-0.678774,0.000687068,0,0.5
1783082158633238016,0.001,-0.678348,-0.678348,-0.678773,0.000686862,0,0.5
1783082158634237952,0.001,-0.678348,-0.678348,-0.678773,0.000686665,0,0.5
1783082158635237888,0.001,-0.678348,-0.678348,-0.678773,0.000686477,0,0.5
1783082158636237824,0.001,-0.678348,-0.678348,-0.678773,0.000686297,0,0.5
1783082158637237760,0.001,-0.678348,-0.678348,-0.678772,0.000686125,0,0.5
1783082158638237696,0.001,-0.678348,-0.678348,-0.678772,0.000685961,0,0.5
1783082158639237632,0.001,-0.678348,-0.678348,-0.678772,0.000685805,0,0.5
1783082158640237568,0.001,-0.678348,-0.678348,-0.678771,0.000685656,0,0.5
1783082158641237504,0.001,-0.678348,-0.678348,-0.678771,0.000685513,0,0.5
1783082158642237440,0.001,-0.678348,-0.678348,-0.678771,0.000685376,0,0.5
1783082158643237376,0.001,-0.678348,-0.678348,-0.678771,0.000685246,0,0.5
1783082158644237312,0.001,-0.678348,-0.678348,-0.67877,0.000685121,0,0.5
1783082158645237248,0.001,-0.678348,-0.678348,-0.67877,0.000685002,0,0.5
1783082158646237184,0.001,-0.678348,-0.678348,-0.67877,0.000684889,0,0.5
1783082158647237120,0.001,-0.678348,-0.678348,-0.678769,0.00068478,0,0.5
1783082158648237056,0.001,-0.678348,-0.678348,-0.678769,0.000684676,0,0.5
1783082158649236992,0.001,-0.678348,-0.678348,-0.678769,0.000684576,0,0.5
1783082158650236928,0.001,-0.678348,-0.678348,-0.678769,0.000684481,0,0.5
1783082158651236864,0.001,-0.678348,-0.678348,-0.678768,0.00068439,0,0.5
1783082158652236800,0.001,-0.678348,-0.678348,-0.678768,0.000684303,0,0.5
1783082158653236736,0.001,-0.678348,-0.678348,-0.678768,0.00068422,0,0.5
1783082158654236672,0.001,-0.678348,-0.678348,-0.678768,0.00068414,0,0.5
1783082158655236608,0.001,-0.678348,-0.678348,-0.678767,0.000684064,0,0.5
1783082158656236544,0.001,-0.678348,-0.678348,-0.678767,0.000683991,0,0.5
1783082158657236480,0.001,-0.678348,-0.678348,-0.678767,0.000683921,0,0.5
1783082158658236416,0.001,-0.678348,-0.678348,-0.678766,0.000683854,0,0.5
1783082158659236352,0.001,-0.678348,-0.678348,-0.678766,0.00068379,0,0.5
1783082158660236288,0.001,-0.678348,-0.678348,-0.678766,0.000683729,0,0.5
1783082158661236224,0.001,-0.678348,-0.678348,-0.678766,0.00068367,0,0.5
1783082158662236160,0.001,-0.678348,-0.678348,-0.678765,0.000683614,0,0.5
1783082158663236096,0.001,-0.678348,-0.678348,-0.678765,0.00068356,0,0.5
1783082158664236032,0.001,-0.678348,-0.678348,-0.678765,0.000683508,0,0.5
1783082158665235968,0.001,-0.678348,-0.678348,-0.678765,0.000683458,0,0.5
1783082158666235904,0.001,-0.678348,-0.678348,-0.678764,0.000683411,0,0.5
1783082158667235840,0.001,-0.678348,-0.678348,-0.678764,0.000683365,0,0.5
1783082158668235776,0.001,-0.678348,-0.678348,-0.678764,0.000683321,0,0.5
1783082158669235712,0.001,-0.678348,-0.678348,-0.678763,0.000683279,0,0.5
1783082158670235648,0.001,-0.678348,-0.678348,-0.678763,0.000683239,0,0.5
1783082158671235584,0.001,-0.678348,-0.678348,-0.678763,0.0006832,0,0.5
1783082158672235520,0.001,-0.678348,-0.678348,-0.678763,0.000683163,0,0.5
1783082158673235456,0.001,-0.678348,-0.678348,-0.678762,0.000683127,0,0.5
1783082158674235392,0.001,-0.678348,-0.678348,-0.678762,0.000683093,0,0.5
1783082158675235328,0.001,-0.678348,-0.678348,-0.678762,0.000683059,0,0.5
1783082158676235264,0.001,-0.678348,-0.678348,-0.678761,0.000683028,0,0.5
1783082158677235200,0.001,-0.678348,-0.678348,-0.678761,0.000682997,0,0.5
1783082158678235136,0.001,-0.678348,-0.678348,-0.678761,0.000682967,0,0.5
1783082158679235072,0.001,-0.678348,-0.678348,-0.678761,0.000682939,0,0.5
1783082158680235008,0.001,-0.678348,-0.678348,-0.67876,0.000682912,0,0.5
1783082158681234944,0.001,-0.678348,-0.678348,-0.67876,0.000682885,0,0.5
1783082158682234880,0.001,-0.678348,-0.678348,-0.67876,0.00068286,0,0.5
1783082158683234816,0.001,-0.678348,-0.678348,-0.67876,0.000682835,0,0.5
1783082158684234752,0.001,-0.678348,-0.678348,-0.678759,0.000682812,0,0.5
1783082158685234688,0.001,-0.678348,-0.678348,-0.678759,0.000682789,0,0.5
1783082158686234624,0.001,-0.678348,-0.678348,-0.678759,0.000682767,0,0.5
1783082158687234560,0.001,-0.678348,-0.678348,-0.678759,0.000682745,0,0.5
1783082158688234496,0.001,-0.678348,-0.678348,-0.678758,0.000682725,0,0.5
1783082158689234432,0.001,-0.678348,-0.678348,-0.678758,0.000682705,0,0.5
1783082158690234368,0.001,-0.678348,-0.678348,-0.678758,0.000682686,0,0.5
1783082158691234304,0.001,-0.678348,-0.678348,-0.678757,0.000682667,0,0.5
1783082158692234240,0.001,-0.678348,-0.678348,-0.678757,0.000682649,0,0.5
1783082158693234176,0.001,-0.678348,-0.678348,-0.678757,0.000682632,0,0.5
1783082158694234112,0.001,-0.678348,-0.678348,-0.678757,0.000682615,0,0.5
1783082158695234048,0.001,-0.678348,-0.678348,-0.678756,0.000682598,0,0.5
1783082158696233984,0.001,-0.678348,-0.678348,-0.678756,0.000682582,0,0.5
1783082158697233920,0.001,-0.678348,-0.678348,-0.678756,0.000682567,0,0.5
1783082158698233856,0.001,-0.678348,-0.678348,-0.678756,0.000682552,0,0.5
1783082158699233792,0.001,-0.678348,-0.678348,-0.678755,0.000682537,0,0.5
1783082158700233728,0.001,-0.678348,-0.678348,-0.678755,0.000682523,0,0.5
1783082158701233664,0.001,-0.678348,-0.678348,-0.678755,0.000682509,0,0.5
1783082158702233600,0.001,0,0,-0.678754,0.000698791,0,0.5
1783082158703233536,0.001,0,0,-0.678753,0.000715072,0,0.5
1783082158704233472,0.001,-0.678348,-0.678348,-0.678753,0.000713515,0,0.5
1783082158705233408,0.001,0,0,-0.678752,0.000729797,0,0.5
1783082158706233344,0.001,-0.678348,-0.678348,-0.678752,0.00072752,0,0.5
1783082158707233280,0.001,-0.678348,-0.678348,-0.678752,0.000725354,0,0.5
1783082158708233216,0.001,-0.678348,-0.678348,-0.678752,0.000723295,0,0.5
1783082158709233152,0.001,-0.678348,-0.678348,-0.678752,0.000721337,0,0.5
1783082158710233088,0.001,-0.678348,-0.678348,-0.678751,0.000719474,0,0.5
1783082158711233024,0.001,-0.678348,-0.678348,-0.678751,0.000717703,0,0.5
1783082158712232960,0.001,-0.678348,-0.678348,-0.678751,0.000716017,0,0.5
1783082158713232896,0.001,-0.678348,-0.678348,-0.678751,0.000714413,0,0.5
1783082158714232832,0.001,-0.678348,-0.678348,-0.67875,0.000712886,0,0.5
1783082158715232768,0.001,-0.678348,-0.678348,-0.67875,0.000711433,0,0.5
1783082158716232704,0.001,-0.678348,-0.678348,-0.67875,0.00071005,0,0.5
1783082158717232640,0.001,-0.678348,-0.678348,-0.67875,0.000708733,0,0.5
1783082158718232576,0.001,-0.678348,-0.678348,-0.67875,0.00070748,0,0.5
1783082158719232512,0.001,-0.678348,-0.678348,-0.678749,0.000706286,0,0.5
1783082158720232448,0.001,-0.678348,-0.678348,-0.678749,0.000705149,0,0.5
1783082158721232384,0.001,-0.678348,-0.678348,-0.678749,0.000704067,0,0.5
1783082158722232320,0.001,-0.678348,-0.678348,-0.678749,0.000703036,0,0.5
1783082158723232256,0.001,-0.678348,-0.678348,-0.678748,0.000702054,0,0.5
1783082158724232192,0.001,-0.678348,-0.678348,-0.678748,0.000701118,0,0.5
1783082158725232128,0.001,-0.678348,-0.678348,-0.678748,0.000700227,0,0.5
1783082158726232064,0.001,-0.678348,-0.678348,-0.678748,0.000699378,0,0.5
1783082158727232000,0.001,-0.678348,-0.678348,-0.678747,0.000698569,0,0.5
1783082158728231936,0.001,-0.678348,-0.678348,-0.678747,0.000697798,0,0.5
1783082158729231872,0.001,-0.678348,-0.678348,-0.678747,0.000697064,0,0.5
1783082158730231808,0.001,-0.678348,-0.678348,-0.678747,0.000696364,0,0.5
1783082158731231744,0.001,-0.678348,-0.678348,-0.678746,0.000695697,0,0.5
1783082158732231680,0.001,-0.678348,-0.678348,-0.678746,0.000695061,0,0.5
1783082158733231616,0.001,-0.678348,-0.678348,-0.678746,0.000694455,0,0.5
1783082158734231552,0.001,-0.678348,-0.678348,-0.678746,0.000693877,0,0.5
1783082158735231488,0.001,-0.678348,-0.678348,-0.678746,0.000693326,0,0.5
1783082158736231424,0.001,-0.678348,-0.678348,-0.678745,0.000692801,0,0.5
1783082158737231360,0.001,-0.678348,-0.678348,-0.678745,0.0006923,0,0.5
1783082158738231296,0.001,-0.678348,-0.678348,-0.678745,0.000691822,0,0.5
1783082158739231232,0.001,-0.678348,-0.678348,-0.678745,0.000691367,0,0.5
1783082158740231168,0.001,-0.678348,-0.678348,-0.678744,0.000690933,0,0.5
1783082158741231104,0.001,-0.678348,-0.678348,-0.678744,0.000690519,0,0.5
1783082158742231040,0.001,-0.678348,-0.678348,-0.678744,0.000690124,0,0.5
1783082158743230976,0.001,-0.678348,-0.678348,-0.678744,0.000689747,0,0.5
1783082158744230912,0.001,-0.678348,-0.678348,-0.678743,0.000689388,0,0.5
1783082158745230848,0.001,-0.678348,-0.678348,-0.678743,0.000689045,0,0.5
1783082158746230784,0.001,-0.678348,-0.678348,-0.678743,0.000688718,0,0.5
1783082158747230720,0.001,-0.678348,-0.678348,-0.678743,0.000688406,0,0.5
1783082158748230656,0.001,-0.678348,-0.678348,-0.678742,0.000688109,0,0.5
1783082158749230592,0.001,-0.678348,-0.678348,-0.678742,0.000687825,0,0.5
1783082158750230528,0.001,-0.678348,-0.678348,-0.678742,0.000687554,0,0.5
1783082158751230464,0.001,-0.678348,-0.678348,-0.678742,0.000687295,0,0.5
1783082158752230400,0.001,-0.678348,-0.678348,-0.678741,0.000687049,0,0.5
1783082158753230336,0.001,-0.678348,-0.678348,-0.678741,0.000686813,0,0.5
1783082158754230272,0.001,-0.678348,-0.678348,-0.678741,0.000686588,0,0.5
1783082158755230208,0.001,-0.678348,-0.678348,-0.678741,0.000686374,0,0.5
1783082158756230144,0.001,-0.678348,-0.678348,-0.67874,0.000686169,0,0.5
1783082158757230080,0.001,-0.678348,-0.678348,-0.67874,0.000685973,0,0.5
1783082158758230016,0.001,-0.678348,-0.678348,-0.67874,0.000685786,0,0.5
1783082158759229952,0.001,-0.678348,-0.678348,-0.67874,0.000685608,0,0.5
1783082158760229888,0.001,-0.678348,-0.678348,-0.678739,0.000685438,0,0.5
1783082158761229824,0.001,-0.678348,-0.678348,-0.678739,0.000685275,0,0.5
1783082158762229760,0.001,-0.678348,-0.678348,-0.678739,0.00068512,0,0.5
1783082158763229696,0.001,-0.678348,-0.678348,-0.678739,0.000684971,0,0.5
1783082158764229632,0.001,-0.678348,-0.678348,-0.678738,0.00068483,0,0.5
1783082158765229568,0.001,-0.678348,-0.678348,-0.678738,0.000684694,0,0.5
1783082158766229504,0.001,-0.678348,-0.678348,-0.678738,0.000684565,0,0.5
1783082158767229440,0.001,-0.678348,-0.678348,-0.678738,0.000684441,0,0.5
1783082158768229376,0.001,-0.678348,-0.678348,-0.678738,0.000684323,0,0.5
1783082158769229312,0.001,-0.678348,-0.678348,-0.678737,0.00068421,0,0.5
1783082158770229248,0.001,-0.678348,-0.678348,-0.678737,0.000684102,0,0.5
1783082158771229184,0.001,-0.678348,-0.678348,-0.678737,0.000683999,0,0.5
1783082158772229120,0.001,-0.678348,-0.678348,-0.678737,0.0006839,0,0.5
1783082158773229056,0.001,-0.678348,-0.678348,-0.678736,0.000683805,0,0.5
1783082158774228992,0.001,-0.678348,-0.678348,-0.678736,0.000683715,0,0.5
1783082158775228928,0.001,-0.678348,-0.678348,-0.678736,0.000683629,0,0.5
1783082158776228864,0.001,-0.678348,-0.678348,-0.678736,0.000683546,0,0.5
1783082158777228800,0.001,-0.678348,-0.678348,-0.678735,0.000683467,0,0.5
1783082158778228736,0.001,-0.678348,-0.678348,-0.678735,0.000683391,0,0.5
1783082158779228672,0.001,-0.678348,-0.678348,-0.678735,0.000683319,0,0.5
1783082158780228608,0.001,-0.678348,-0.678348,-0.678735,0.000683249,0,0.5
1783082158781228544,0.001,-0.678348,-0.678348,-0.678734,0.000683183,0,0.5
1783082158782228480,0.001,-0.678348,-0.678348,-0.678734,0.000683119,0,0.5
1783082158783228416,0.001,-0.678348,-0.678348,-0.678734,0.000683058,0,0.5
1783082158784228352,0.001,-0.678348,-0.678348,-0.678734,0.000683,0,0.5
1783082158785228288,0.001,-0.678348,-0.678348,-0.678733,0.000682944,0,0.5
1783082158786228224,0.001,-0.678348,-0.678348,-0.678733,0.00068289,0,0.5
1783082158787228160,0.001,-0.678348,-0.678348,-0.678733,0.000682839,0,0.5
1783082158788228096,0.001,-0.678348,-0.678348,-0.678733,0.00068279,0,0.5
1783082158789228032,0.001,-0.678348,-0.678348,-0.678732,0.000682742,0,0.5
1783082158790227968,0.001,-0.678348,-0.678348,-0.678732,0.000682697,0,0.5
1783082158791227904,0.001,-0.678348,-0.678348,-0.678732,0.000682653,0,0.5
1783082158792227840,0.001,-0.678348,-0.678348,-0.678732,0.000682611,0,0.5
1783082158793227776,0.001,-0.678348,-0.678348,-0.678731,0.000682571,0,0.5
1783082158794227712,0.001,-0.678348,-0.678348,-0.678731,0.000682533,0,0.5
1783082158795227648,0.001,-0.678348,-0.678348,-0.678731,0.000682496,0,0.5
1783082158796227584,0.001,-0.678348,-0.678348,-0.678731,0.00068246,0,0.5
1783082158797227520,0.001,-0.678348,-0.678348,-0.67873,0.000682426,0,0.5
1783082158798227456,0.001,-0.678348,-0.678348,-0.67873,0.000682393,0,0.5
1783082158799227392,0.001,-0.678348,-0.678348,-0.67873,0.000682361,0,0.5
1783082158800227328,0.001,-0.678348,-0.678348,-0.67873,0.000682331,0,0.5
1783082158801227264,0.001,-0.678348,-0.678348,-0.678729,0.000682301,0,0.5
1783082158802227200,0.001,0,0,-0.678729,0.000698575,0,0.5
1783082158803227136,0.001,0,0,-0.678728,0.00071485,0,0.5
1783082158804227072,0.001,0,0,-0.678727,0.000731123,0,0.5
1783082158805227008,0.001,-0.678348,-0.678348,-0.678727,0.000728755,0,0.5
1783082158806226944,0.001,-0.678348,-0.678348,-0.678727,0.000726502,0,0.5
1783082158807226880,0.001,-0.678348,-0.678348,-0.678727,0.000724361,0,0.5
1783082158808226816,0.001,0,0,-0.678726,0.000740635,0,0.5
1783082158809226752,0.001,-0.678348,-0.678348,-0.678726,0.000737792,0,0.5
1783082158810226688,0.001,-0.678348,-0.678348,-0.678726,0.00073509,0,0.5
1783082158811226624,0.001,-0.678348,-0.678348,-0.678725,0.000732524,0,0.5
1783082158812226560,0.001,-0.678348,-0.678348,-0.678725,0.000730084,0,0.5
1783082158813226496,0.001,-0.678348,-0.678348,-0.678725,0.000727766,0,0.5
1783082158814226432,0.001,-0.678348,-0.678348,-0.678725,0.000725561,0,0.5
1783082158815226368,0.001,-0.678348,-0.678348,-0.678725,0.000723465,0,0.5
1783082158816226304,0.001,-0.678348,-0.678348,-0.678725,0.000721472,0,0.5
1783082158817226240,0.001,-0.678348,-0.678348,-0.678724,0.000719576,0,0.5
1783082158818226176,0.001,-0.678348,-0.678348,-0.678724,0.000717772,0,0.5
1783082158819226112,0.001,-0.678348,-0.678348,-0.678724,0.000716056,0,0.5
1783082158820226048,0.001,-0.678348,-0.678348,-0.678724,0.000714423,0,0.5
1783082158821225984,0.001,-0.678348,-0.678348,-0.678724,0.00071287,0,0.5
1783082158822225920,0.001,-0.678348,-0.678348,-0.678723,0.000711391,0,0.5
1783082158823225856,0.001,-0.678348,-0.678348,-0.678723,0.000709983,0,0.5
1783082158824225792,0.001,-0.678348,-0.678348,-0.678723,0.000708643,0,0.5
1783082158825225728,0.001,-0.678348,-0.678348,-0.678723,0.000707368,0,0.5
1783082158826225664,0.001,-0.678348,-0.678348,-0.678723,0.000706153,0,0.5
1783082158827225600,0.001,-0.678348,-0.678348,-0.678722,0.000704996,0,0.5
1783082158828225536,0.001,-0.678348,-0.678348,-0.678722,0.000703895,0,0.5
1783082158829225472,0.001,-0.678348,-0.678348,-0.678722,0.000702846,0,0.5
1783082158830225408,0.001,-0.678348,-0.678348,-0.678722,0.000701847,0,0.5
1783082158831225344,0.001,-0.678348,-0.678348,-0.678722,0.000700895,0,0.5
1783082158832225280,0.001,-0.678348,-0.678348,-0.678721,0.000699988,0,0.5
1783082158833225216,0.001,-0.678348,-0.678348,-0.678721,0.000699124,0,0.5
1783082158834225152,0.001,-0.678348,-0.678348,-0.678721,0.000698301,0,0.5
1783082158835225088,0.001,-0.678348,-0.678348,-0.678721,0.000697517,0,0.5
1783082158836225024,0.001,-0.678348,-0.678348,-0.67872,0.00069677,0,0.5
1783082158837224960,0.001,-0.678348,-0.678348,-0.67872,0.000696057,0,0.5
1783082158838224896,0.001,-0.678348,-0.678348,-0.67872,0.000695379,0,0.5
1783082158839224832,0.001,-0.678348,-0.678348,-0.67872,0.000694732,0,0.5
1783082158840224768,0.001,-0.678348,-0.678348,-0.67872,0.000694115,0,0.5
1783082158841224704,0.001,-0.678348,-0.678348,-0.678719,0.000693527,0,0.5
1783082158842224640,0.001,-0.678348,-0.678348,-0.678719,0.000692967,0,0.5
1783082158843224576,0.001,-0.678348,-0.678348,-0.678719,0.000692432,0,0.5
1783082158844224512,0.001,-0.678348,-0.678348,-0.678719,0.000691923,0,0.5
1783082158845224448,0.001,-0.678348,-0.678348,-0.678719,0.000691437,0,0.5
1783082158846224384,0.001,-0.678348,-0.678348,-0.678718,0.000690974,0,0.5
1783082158847224320,0.001,-0.678348,-0.678348,-0.678718,0.000690532,0,0.5
1783082158848224256,0.001,-0.678348,-0.678348,-0.678718,0.000690111,0,0.5
1783082158849224192,0.001,-0.678348,-0.678348,-0.678718,0.000689709,0,0.5
1783082158850224128,0.001,-0.678348,-0.678348,-0.678717,0.000689326,0,0.5
1783082158851224064,0.001,-0.678348,-0.678348,-0.678717,0.000688961,0,0.5
1783082158852224000,0.001,-0.678348,-0.678348,-0.678717,0.000688612,0,0.5
1783082158853223936,0.001,-0.678348,-0.678348,-0.678717,0.000688279,0,0.5
1783082158854223872,0.001,0,0,-0.678716,0.00070455,0,0.5
1783082158855223808,0.001,-0.678348,-0.678348,-0.678716,0.000703463,0,0.5
1783082158856223744,0.001,-0.678348,-0.678348,-0.678716,0.000702427,0,0.5
1783082158857223680,0.001,-0.678348,-0.678348,-0.678716,0.000701441,0,0.5
1783082158858223616,0.001,-0.678348,-0.678348,-0.678715,0.000700502,0,0.5
1783082158859223552,0.001,-0.678348,-0.678348,-0.678715,0.000699607,0,0.5
1783082158860223488,0.001,-0.678348,-0.678348,-0.678715,0.000698755,0,0.5
1783082158861223424,0.001,-0.678348,-0.678348,-0.678715,0.000697942,0,0.5
1783082158862223360,0.001,-0.678348,-0.678348,-0.678715,0.000697168,0,0.5
1783082158863223296,0.001,-0.678348,-0.678348,-0.678714,0.000696431,0,0.5
1783082158864223232,0.001,-0.678348,-0.678348,-0.678714,0.000695728,0,0.5
1783082158865223168,0.001,-0.678348,-0.678348,-0.678714,0.000695058,0,0.5
1783082158866223104,0.001,-0.678348,-0.678348,-0.678714,0.000694419,0,0.5
1783082158867223040,0.001,-0.678348,-0.678348,-0.678714,0.00069381,0,0.5
1783082158868222976,0.001,-0.678348,-0.678348,-0.678713,0.00069323,0,0.5
1783082158869222912,0.001,-0.678348,-0.678348,-0.678713,0.000692677,0,0.5
1783082158870222848,0.001,-0.678348,-0.678348,-0.678713,0.000692149,0,0.5
1783082158871222784,0.001,-0.678348,-0.678348,-0.678713,0.000691646,0,0.5
1783082158872222720,0.001,-0.678348,-0.678348,-0.678712,0.000691167,0,0.5
1783082158873222656,0.001,-0.678348,-0.678348,-0.678712,0.000690709,0,0.5
1783082158874222592,0.001,-0.678348,-0.678348,-0.678712,0.000690273,0,0.5
1783082158875222528,0.001,-0.678348,-0.678348,-0.678712,0.000689857,0,0.5
1783082158876222464,0.001,-0.678348,-0.678348,-0.678712,0.000689461,0,0.5
1783082158877222400,0.001,-0.678348,-0.678348,-0.678711,0.000689082,0,0.5
1783082158878222336,0.001,-0.678348,-0.678348,-0.678711,0.000688722,0,0.5
1783082158879222272,0.001,-0.678348,-0.678348,-0.678711,0.000688377,0,0.5
1783082158880222208,0.001,-0.678348,-0.678348,-0.678711,0.000688049,0,0.5
1783082158881222144,0.001,-0.678348,-0.678348,-0.678711,0.000687736,0,0.5
1783082158882222080,0.001,-0.678348,-0.678348,-0.67871,0.000687437,0,0.5
1783082158883222016,0.001,-0.678348,-0.678348,-0.67871,0.000687151,0,0.5
1783082158884221952,0.001,-0.678348,-0.678348,-0.67871,0.000686879,0,0.5
1783082158885221888,0.001,-0.678348,-0.678348,-0.67871,0.000686619,0,0.5
1783082158886221824,0.001,-0.678348,-0.678348,-0.678709,0.000686372,0,0.5
1783082158887221760,0.001,-0.678348,-0.678348,-0.678709,0.000686135,0,0.5
1783082158888221696,0.001,-0.678348,-0.678348,-0.678709,0.000685909,0,0.5
1783082158889221632,0.001,-0.678348,-0.678348,-0.678709,0.000685694,0,0.5
1783082158890221568,0.001,-0.678348,-0.678348,-0.678709,0.000685488,0,0.5
1783082158891221504,0.001,-0.678348,-0.678348,-0.678708,0.000685291,0,0.5
1783082158892221440,0.001,-0.678348,-0.678348,-0.678708,0.000685104,0,0.5
1783082158893221376,0.001,-0.678348,-0.678348,-0.678708,0.000684924,0,0.5
1783082158894221312,0.001,-0.678348,-0.678348,-0.678708,0.000684753,0,0.5
1783082158895221248,0.001,-0.678348,-0.678348,-0.678707,0.00068459,0,0.5
1783082158896221184,0.001,-0.678348,-0.678348,-0.678707,0.000684434,0,0.5
1783082158897221120,0.001,-0.678348,-0.678348,-0.678707,0.000684285,0,0.5
1783082158898221056,0.001,0,0,-0.678706,0.000700552,0,0.5
1783082158899220992,0.001,0,0,-0.678706,0.000716818,0,0.5
1783082158900220928,0.001,0,0,-0.678705,0.000733085,0,0.5
1783082158901220864,0.001,0,0,-0.678704,0.000749352,0,0.5
1783082158902220800,0.001,0,0,-0.678703,0.000765619,0,0.5
1783082158903220736,0.001,0,0,-0.678703,0.000781885,0,0.5
1783082158904220672,0.001,0,0,-0.678702,0.000798152,0,0.5
1783082158905220608,0.001,0,0,-0.678701,0.000814419,0,0.5
1783082158906220544,0.001,-0.678348,-0.678348,-0.678701,0.000807678,0,0.5
1783082158907220480,0.001,-0.678348,-0.678348,-0.678701,0.000801306,0,0.5
1783082158908220416,0.001,-0.678348,-0.678348,-0.678701,0.000795279,0,0.5
1783082158909220352,0.001,0,0,-0.6787,0.000811546,0,0.5
1783082158910220288,0.001,-0.678348,-0.678348,-0.6787,0.000804962,0,0.5
1783082158911220224,0.001,-0.678348,-0.678348,-0.6787,0.000798738,0,0.5
1783082158912220160,0.001,-0.678348,-0.678348,-0.6787,0.000792849,0,0.5
1783082158913220096,0.001,-0.678348,-0.678348,-0.6787,0.000787277,0,0.5
1783082158914220032,0.001,-0.678348,-0.678348,-0.6787,0.000782002,0,0.5
1783082158915219968,0.001,-0.678348,-0.678348,-0.6787,0.000777006,0,0.5
1783082158916219904,0.001,-0.678348,-0.678348,-0.6787,0.000772273,0,0.5
1783082158917219840,0.001,-0.678348,-0.678348,-0.678699,0.000767787,0,0.5
1783082158918219776,0.001,-0.678348,-0.678348,-0.678699,0.000763535,0,0.5
1783082158919219712,0.001,-0.678348,-0.678348,-0.678699,0.000759503,0,0.5
1783082158920219648,0.001,-0.678348,-0.678348,-0.678699,0.000755678,0,0.5
1783082158921219584,0.001,-0.678348,-0.678348,-0.678699,0.000752049,0,0.5
1783082158922219520,0.001,-0.678348,-0.678348,-0.678699,0.000748605,0,0.5
1783082158923219456,0.001,-0.678348,-0.678348,-0.678699,0.000745336,0,0.5
1783082158924219392,0.001,-0.678348,-0.678348,-0.678699,0.000742232,0,0.5
1783082158925219328,0.001,-0.678348,-0.678348,-0.678699,0.000739284,0,0.5
1783082158926219264,0.001,-0.678348,-0.678348,-0.678699,0.000736484,0,0.5
1783082158927219200,0.001,-0.678348,-0.678348,-0.678698,0.000733823,0,0.5
1783082158928219136,0.001,-0.678348,-0.678348,-0.678698,0.000731295,0,0.5
1783082158929219072,0.001,-0.678348,-0.678348,-0.678698,0.000728892,0,0.5
1783082158930219008,0.001,-0.678348,-0.678348,-0.678698,0.000726608,0,0.5
1783082158931218944,0.001,-0.678348,-0.678348,-0.678698,0.000724436,0,0.5
1783082158932218880,0.001,-0.678348,-0.678348,-0.678698,0.000722371,0,0.5
1783082158933218816,0.001,-0.678348,-0.678348,-0.678698,0.000720407,0,0.5
1783082158934218752,0.001,-0.678348,-0.678348,-0.678698,0.000718539,0,0.5
1783082158935218688,0.001,-0.678348,-0.678348,-0.678697,0.000716761,0,0.5
1783082158936218624,0.001,-0.678348,-0.678348,-0.678697,0.00071507,0,0.5
1783082158937218560,0.001,-0.678348,-0.678348,-0.678697,0.000713461,0,0.5
1783082158938218496,0.001,-0.678348,-0.678348,-0.678697,0.00071193,0,0.5
1783082158939218432,0.001,-0.678348,-0.678348,-0.678697,0.000710472,0,0.5
1783082158940218368,0.001,-0.678348,-0.678348,-0.678697,0.000709085,0,0.5
1783082158941218304,0.001,-0.678348,-0.678348,-0.678696,0.000707764,0,0.5
1783082158942218240,0.001,-0.678348,-0.678348,-0.678696,0.000706506,0,0.5
1783082158943218176,0.001,-0.678348,-0.678348,-0.678696,0.000705309,0,0.5
1783082158944218112,0.001,-0.678348,-0.678348,-0.678696,0.000704169,0,0.5
1783082158945218048,0.001,-0.678348,-0.678348,-0.678696,0.000703083,0,0.5
1783082158946217984,0.001,-0.678348,-0.678348,-0.678696,0.000702048,0,0.5
1783082158947217920,0.001,-0.678348,-0.678348,-0.678695,0.000701063,0,0.5
1783082158948217856,0.001,-0.678348,-0.678348,-0.678695,0.000700124,0,0.5
1783082158949217792,0.001,-0.678348,-0.678348,-0.678695,0.00069923,0,0.5
1783082158950217728,0.001,-0.678348,-0.678348,-0.678695,0.000698378,0,0.5
1783082158951217664,0.001,-0.678348,-0.678348,-0.678695,0.000697566,0,0.5
1783082158952217600,0.001,-0.678348,-0.678348,-0.678695,0.000696792,0,0.5
1783082158953217536,0.001,-0.678348,-0.678348,-0.678694,0.000696055,0,0.5
1783082158954217472,0.001,-0.678348,-0.678348,-0.678694,0.000695352,0,0.5
1783082158955217408,0.001,-0.678348,-0.678348,-0.678694,0.000694682,0,0.5
1783082158956217344,0.001,-0.678348,-0.678348,-0.678694,0.000694044,0,0.5
1783082158957217280,0.001,-0.678348,-0.678348,-0.678694,0.000693435,0,0.5
1783082158958217216,0.001,-0.678348,-0.678348,-0.678694,0.000692855,0,0.5
1783082158959217152,0.001,-0.678348,-0.678348,-0.678693,0.000692302,0,0.5
1783082158960217088,0.001,-0.678348,-0.678348,-0.678693,0.000691774,0,0.5
1783082158961217024,0.001,-0.678348,-0.678348,-0.678693,0.000691271,0,0.5
1783082158962216960,0.001,-0.678348,-0.678348,-0.678693,0.000690792,0,0.5
1783082158963216896,0.001,-0.678348,-0.678348,-0.678693,0.000690334,0,0.5
1783082158964216832,0.001,-0.678348,-0.678348,-0.678693,0.000689898,0,0.5
1783082158965216768,0.001,-0.678348,-0.678348,-0.678692,0.000689482,0,0.5
1783082158966216704,0.001,-0.678348,-0.678348,-0.678692,0.000689085,0,0.5
1783082158967216640,0.001,-0.678348,-0.678348,-0.678692,0.000688707,0,0.5
1783082158968216576,0.001,-0.678348,-0.678348,-0.678692,0.000688345,0,0.5
1783082158969216512,0.001,-0.678348,-0.678348,-0.678692,0.000688001,0,0.5
1783082158970216448,0.001,-0.678348,-0.678348,-0.678691,0.000687672,0,0.5
1783082158971216384,0.001,-0.678348,-0.678348,-0.678691,0.000687358,0,0.5
1783082158972216320,0.001,-0.678348,-0.678348,-0.678691,0.000687059,0,0.5
1783082158973216256,0.001,-0.678348,-0.678348,-0.678691,0.000686774,0,0.5
1783082158974216192,0.001,-0.678348,-0.678348,-0.678691,0.000686501,0,0.5
1783082158975216128,0.001,-0.678348,-0.678348,-0.67869,0.000686241,0,0.5
1783082158976216064,0.001,-0.678348,-0.678348,-0.67869,0.000685992,0,0.5
1783082158977216000,0.001,-0.678348,-0.678348,-0.67869,0.000685755,0,0.5
1783082158978215936,0.001,-0.678348,-0.678348,-0.67869,0.000685529,0,0.5
1783082158979215872,0.001,-0.678348,-0.678348,-0.67869,0.000685313,0,0.5
1783082158980215808,0.001,-0.678348,-0.678348,-0.678689,0.000685107,0,0.5
1783082158981215744,0.001,-0.678348,-0.678348,-0.678689,0.00068491,0,0.5
1783082158982215680,0.001,-0.678348,-0.678348,-0.678689,0.000684721,0,0.5
1783082158983215616,0.001,-0.678348,-0.678348,-0.678689,0.000684542,0,0.5
1783082158984215552,0.001,-0.678348,-0.678348,-0.678689,0.00068437,0,0.5
1783082158985215488,0.001,-0.678348,-0.678348,-0.678689,0.000684206,0,0.5
1783082158986215424,0.001,-0.678348,-0.678348,-0.678688,0.000684049,0,0.5
1783082158987215360,0.001,-0.678348,-0.678348,-0.678688,0.0006839,0,0.5
1783082158988215296,0.001,-0.678348,-0.678348,-0.678688,0.000683757,0,0.5
1783082158989215232,0.001,-0.678348,-0.678348,-0.678688,0.00068362,0,0.5
1783082158990215168,0.001,-0.678348,-0.678348,-0.678688,0.000683489,0,0.5
1783082158991215104,0.001,-0.678348,-0.678348,-0.678687,0.000683365,0,0.5
1783082158992215040,0.001,-0.678348,-0.678348,-0.678687,0.000683245,0,0.5
1783082158993214976,0.001,-0.678348,-0.678348,-0.678687,0.000683131,0,0.5
1783082158994214912,0.001,-0.678348,-0.678348,-0.678687,0.000683022,0,0.5
1783082158995214848,0.001,-0.678348,-0.678348,-0.678687,0.000682918,0,0.5
1783082158996214784,0.001,-0.678348,-0.678348,-0.678686,0.000682818,0,0.5
1783082158997214720,0.001,-0.678348,-0.678348,-0.678686,0.000682722,0,0.5
1783082158998214656,0.001,-0.678348,-0.678348,-0.678686,0.000682631,0,0.5
1783082158999214592,0.001,-0.678348,-0.678348,-0.678686,0.000682544,0,0.5
1783082159000214528,0.001,-0.678348,-0.678348,-0.678686,0.00068246,0,0.5
1783082159001214464,0.001,-0.678348,-0.678348,-0.678685,0.00068238,0,0.5
1783082159002214400,0.001,-0.678348,-0.678348,-0.678685,0.000682303,0,0.5
1783082159003214336,0.001,-0.678348,-0.678348,-0.678685,0.00068223,0,0.5
1783082159004214272,0.001,-0.678348,-0.678348,-0.678685,0.00068216,0,0.5
1783082159005214208,0.001,-0.678348,-0.678348,-0.678685,0.000682092,0,0.5
1783082159006214144,0.001,0,0,-0.678684,0.000698351,0,0.5
1783082159007214080,0.001,-0.678348,-0.678348,-0.678684,0.000697523,0,0.5
1783082159008214016,0.001,0,0,-0.678683,0.000713781,0,0.5
1783082159009213952,0.001,-0.678348,-0.678348,-0.678683,0.000712213,0,0.5
1783082159010213888,0.001,-0.678348,-0.678348,-0.678683,0.00071072,0,0.5
1783082159011213824,0.001,-0.678348,-0.678348,-0.678682,0.000709299,0,0.5
1783082159012213760,0.001,-0.678348,-0.678348,-0.678682,0.000707947,0,0.5
1783082159013213696,0.001,-0.678348,-0.678348,-0.678682,0.000706659,0,0.5
1783082159014213632,0.001,-0.678348,-0.678348,-0.678682,0.000705433,0,0.5
1783082159015213568,0.001,-0.678348,-0.678348,-0.678682,0.000704265,0,0.5
1783082159016213504,0.001,-0.678348,-0.678348,-0.678682,0.000703153,0,0.5
1783082159017213440,0.001,-0.678348,-0.678348,-0.678681,0.000702094,0,0.5
1783082159018213376,0.001,-0.678348,-0.678348,-0.678681,0.000701086,0,0.5
1783082159019213312,0.001,-0.678348,-0.678348,-0.678681,0.000700125,0,0.5
1783082159020213248,0.001,-0.678348,-0.678348,-0.678681,0.00069921,0,0.5
1783082159021213184,0.001,-0.678348,-0.678348,-0.678681,0.000698338,0,0.5
1783082159022213120,0.001,-0.678348,-0.678348,-0.67868,0.000697507,0,0.5
1783082159023213056,0.001,-0.678348,-0.678348,-0.67868,0.000696715,0,0.5
1783082159024212992,0.001,-0.678348,-0.678348,-0.67868,0.00069596,0,0.5
1783082159025212928,0.001,-0.678348,-0.678348,-0.67868,0.000695241,0,0.5
1783082159026212864,0.001,-0.678348,-0.678348,-0.67868,0.000694556,0,0.5
1783082159027212800,0.001,-0.678348,-0.678348,-0.67868,0.000693903,0,0.5
1783082159028212736,0.001,-0.678348,-0.678348,-0.678679,0.00069328,0,0.5
1783082159029212672,0.001,-0.678348,-0.678348,-0.678679,0.000692687,0,0.5
1783082159030212608,0.001,-0.678348,-0.678348,-0.678679,0.000692121,0,0.5
1783082159031212544,0.001,-0.678348,-0.678348,-0.678679,0.000691582,0,0.5
1783082159032212480,0.001,-0.678348,-0.678348,-0.678679,0.000691067,0,0.5
1783082159033212416,0.001,-0.678348,-0.678348,-0.678678,0.000690577,0,0.5
1783082159034212352,0.001,-0.678348,-0.678348,-0.678678,0.000690109,0,0.5
1783082159035212288,0.001,-0.678348,-0.678348,-0.678678,0.000689663,0,0.5
1783082159036212224,0.001,-0.678348,-0.678348,-0.678678,0.000689238,0,0.5
1783082159037212160,0.001,-0.678348,-0.678348,-0.678678,0.000688832,0,0.5
1783082159038212096,0.001,-0.678348,-0.678348,-0.678677,0.000688446,0,0.5
1783082159039212032,0.001,-0.678348,-0.678348,-0.678677,0.000688077,0,0.5
1783082159040211968,0.001,-0.678348,-0.678348,-0.678677,0.000687725,0,0.5
1783082159041211904,0.001,-0.678348,-0.678348,-0.678677,0.000687389,0,0.5
1783082159042211840,0.001,-0.678348,-0.678348,-0.678677,0.000687068,0,0.5
1783082159043211776,0.001,-0.678348,-0.678348,-0.678677,0.000686763,0,0.5
1783082159044211712,0.001,-0.678348,-0.678348,-0.678676,0.000686471,0,0.5
1783082159045211648,0.001,-0.678348,-0.678348,-0.678676,0.000686193,0,0.5
1783082159046211584,0.001,-0.678348,-0.678348,-0.678676,0.000685927,0,0.5
1783082159047211520,0.001,-0.678348,-0.678348,-0.678676,0.000685674,0,0.5
1783082159048211456,0.001,-0.678348,-0.678348,-0.678676,0.000685432,0,0.5
1783082159049211392,0.001,-0.678348,-0.678348,-0.678675,0.000685201,0,0.5
1783082159050211328,0.001,-0.678348,-0.678348,-0.678675,0.000684981,0,0.5
1783082159051211264,0.001,-0.678348,-0.678348,-0.678675,0.00068477,0,0.5
1783082159052211200,0.001,-0.678348,-0.678348,-0.678675,0.00068457,0,0.5
1783082159053211136,0.001,-0.678348,-0.678348,-0.678675,0.000684378,0,0.5
1783082159054211072,0.001,-0.678348,-0.678348,-0.678674,0.000684195,0,0.5
1783082159055211008,0.001,-0.678348,-0.678348,-0.678674,0.00068402,0,0.5
1783082159056210944,0.001,-0.678348,-0.678348,-0.678674,0.000683853,0,0.5
1783082159057210880,0.001,-0.678348,-0.678348,-0.678674,0.000683693,0,0.5
1783082159058210816,0.001,-0.678348,-0.678348,-0.678674,0.000683541,0,0.5
1783082159059210752,0.001,-0.678348,-0.678348,-0.678673,0.000683396,0,0.5
1783082159060210688,0.001,-0.678348,-0.678348,-0.678673,0.000683257,0,0.5
1783082159061210624,0.001,-0.678348,-0.678348,-0.678673,0.000683124,0,0.5
1783082159062210560,0.001,-0.678348,-0.678348,-0.678673,0.000682997,0,0.5
1783082159063210496,0.001,-0.678348,-0.678348,-0.678673,0.000682876,0,0.5
1783082159064210432,0.001,-0.678348,-0.678348,-0.678672,0.00068276,0,0.5
1783082159065210368,0.001,-0.678348,-0.678348,-0.678672,0.000682649,0,0.5
1783082159066210304,0.001,-0.678348,-0.678348,-0.678672,0.000682543,0,0.5
1783082159067210240,0.001,-0.678348,-0.678348,-0.678672,0.000682442,0,0.5
1783082159068210176,0.001,-0.678348,-0.678348,-0.678672,0.000682345,0,0.5
1783082159069210112,0.001,-0.678348,-0.678348,-0.678671,0.000682252,0,0.5
1783082159070210048,0.001,-0.678348,-0.678348,-0.678671,0.000682164,0,0.5
1783082159071209984,0.001,-0.678348,-0.678348,-0.678671,0.000682079,0,0.5
1783082159072209920,0.001,-0.678348,-0.678348,-0.678671,0.000681998,0,0.5
1783082159073209856,0.001,-0.678348,-0.678348,-0.678671,0.00068192,0,0.5
1783082159074209792,0.001,-0.678348,-0.678348,-0.678671,0.000681846,0,0.5
1783082159075209728,0.001,-0.678348,-0.678348,-0.67867,0.000681775,0,0.5
1783082159076209664,0.001,-0.678348,-0.678348,-0.67867,0.000681707,0,0.5
1783082159077209600,0.001,-0.678348,-0.678348,-0.67867,0.000681642,0,0.5
1783082159078209536,0.001,-0.678348,-0.678348,-0.67867,0.00068158,0,0.5
1783082159079209472,0.001,-0.678348,-0.678348,-0.67867,0.00068152,0,0.5
1783082159080209408,0.001,-0.678348,-0.678348,-0.678669,0.000681463,0,0.5
1783082159081209344,0.001,-0.678348,-0.678348,-0.678669,0.000681408,0,0.5
1783082159082209280,0.001,-0.678348,-0.678348,-0.678669,0.000681355,0,0.5
1783082159083209216,0.001,-0.678348,-0.678348,-0.678669,0.000681305,0,0.5
1783082159084209152,0.001,-0.678348,-0.678348,-0.678668,0.000681256,0,0.5
1783082159085209088,0.001,-0.678348,-0.678348,-0.678668,0.00068121,0,0.5
1783082159086209024,0.001,-0.678348,-0.678348,-0.678668,0.000681165,0,0.5
1783082159087208960,0.001,-0.678348,-0.678348,-0.678668,0.000681123,0,0.5
1783082159088208896,0.001,-0.678348,-0.678348,-0.678668,0.000681082,0,0.5
1783082159089208832,0.001,-0.678348,-0.678348,-0.678668,0.000681043,0,0.5
1783082159090208768,0.001,-0.678348,-0.678348,-0.678667,0.000681005,0,0.5
1783082159091208704,0.001,-0.678348,-0.678348,-0.678667,0.000680969,0,0.5
1783082159092208640,0.001,-0.678348,-0.678348,-0.678667,0.000680934,0,0.5
1783082159093208576,0.001,-0.678348,-0.678348,-0.678667,0.0006809,0,0.5
1783082159094208512,0.001,-0.678348,-0.678348,-0.678667,0.000680868,0,0.5
1783082159095208448,0.001,-0.678348,-0.678348,-0.678666,0.000680837,0,0.5
1783082159096208384,0.001,-0.678348,-0.678348,-0.678666,0.000680807,0,0.5
1783082159097208320,0.001,-0.678348,-0.678348,-0.678666,0.000680779,0,0.5
1783082159098208256,0.001,-0.678348,-0.678348,-0.678666,0.000680751,0,0.5
1783082159099208192,0.001,-0.678348,-0.678348,-0.678666,0.000680724,0,0.5
1783082159100208128,0.001,-0.678348,-0.678348,-0.678665,0.000680699,0,0.5
1783082159101208064,0.001,-0.678348,-0.678348,-0.678665,0.000680674,0,0.5
1783082159102208000,0.001,0,0,-0.678664,0.000696925,0,0.5
1783082159103207936,0.001,0,0,-0.678664,0.000713177,0,0.5
1783082159104207872,0.001,0,0,-0.678663,0.000729428,0,0.5
1783082159105207808,0.001,0,0,-0.678662,0.000745679,0,0.5
1783082159106207744,0.001,0,0,-0.678662,0.000761931,0,0.5
1783082159107207680,0.001,0,0,-0.678661,0.000778182,0,0.5
1783082159108207616,0.001,-0.678348,-0.678348,-0.678661,0.000773331,0,0.5
1783082159109207552,0.001,0,0,-0.67866,0.000789582,0,0.5
1783082159110207488,0.001,-0.678348,-0.678348,-0.67866,0.000784128,0,0.5
1783082159111207424,0.001,-0.678348,-0.678348,-0.67866,0.000778963,0,0.5
1783082159112207360,0.001,-0.678348,-0.678348,-0.67866,0.000774071,0,0.5
1783082159113207296,0.001,-0.678348,-0.678348,-0.67866,0.000769436,0,0.5
1783082159114207232,0.001,-0.678348,-0.678348,-0.67866,0.000765043,0,0.5
1783082159115207168,0.001,-0.678348,-0.678348,-0.678659,0.000760877,0,0.5
1783082159116207104,0.001,-0.678348,-0.678348,-0.678659,0.000756927,0,0.5
1783082159117207040,0.001,-0.678348,-0.678348,-0.678659,0.00075318,0,0.5
1783082159118206976,0.001,-0.678348,-0.678348,-0.678659,0.000749624,0,0.5
1783082159119206912,0.001,-0.678348,-0.678348,-0.678659,0.000746249,0,0.5
1783082159120206848,0.001,-0.678348,-0.678348,-0.678659,0.000743046,0,0.5
1783082159121206784,0.001,-0.678348,-0.678348,-0.678659,0.000740003,0,0.5
1783082159122206720,0.001,-0.678348,-0.678348,-0.678659,0.000737114,0,0.5
1783082159123206656,0.001,-0.678348,-0.678348,-0.678659,0.000734369,0,0.5
1783082159124206592,0.001,-0.678348,-0.678348,-0.678659,0.000731761,0,0.5
1783082159125206528,0.001,-0.678348,-0.678348,-0.678658,0.000729282,0,0.5
1783082159126206464,0.001,-0.678348,-0.678348,-0.678658,0.000726926,0,0.5
1783082159127206400,0.001,-0.678348,-0.678348,-0.678658,0.000724687,0,0.5
1783082159128206336,0.001,-0.678348,-0.678348,-0.678658,0.000722558,0,0.5
1783082159129206272,0.001,-0.678348,-0.678348,-0.678658,0.000720533,0,0.5
1783082159130206208,0.001,-0.678348,-0.678348,-0.678658,0.000718607,0,0.5
1783082159131206144,0.001,-0.678348,-0.678348,-0.678658,0.000716775,0,0.5
1783082159132206080,0.001,-0.678348,-0.678348,-0.678658,0.000715032,0,0.5
1783082159133206016,0.001,-0.678348,-0.678348,-0.678657,0.000713373,0,0.5
1783082159134205952,0.001,-0.678348,-0.678348,-0.678657,0.000711795,0,0.5
1783082159135205888,0.001,-0.678348,-0.678348,-0.678657,0.000710294,0,0.5
1783082159136205824,0.001,-0.678348,-0.678348,-0.678657,0.000708864,0,0.5
1783082159137205760,0.001,-0.678348,-0.678348,-0.678657,0.000707503,0,0.5
1783082159138205696,0.001,-0.678348,-0.678348,-0.678657,0.000706208,0,0.5
1783082159139205632,0.001,-0.678348,-0.678348,-0.678657,0.000704975,0,0.5
1783082159140205568,0.001,-0.678348,-0.678348,-0.678657,0.0007038,0,0.5
1783082159141205504,0.001,-0.678348,-0.678348,-0.678656,0.000702682,0,0.5
1783082159142205440,0.001,-0.678348,-0.678348,-0.678656,0.000701616,0,0.5
1783082159143205376,0.001,-0.678348,-0.678348,-0.678656,0.000700602,0,0.5
1783082159144205312,0.001,-0.678348,-0.678348,-0.678656,0.000699635,0,0.5
1783082159145205248,0.001,-0.678348,-0.678348,-0.678656,0.000698715,0,0.5
1783082159146205184,0.001,-0.678348,-0.678348,-0.678656,0.000697838,0,0.5
1783082159147205120,0.001,-0.678348,-0.678348,-0.678656,0.000697002,0,0.5
1783082159148205056,0.001,-0.678348,-0.678348,-0.678655,0.000696206,0,0.5
1783082159149204992,0.001,-0.678348,-0.678348,-0.678655,0.000695447,0,0.5
1783082159150204928,0.001,-0.678348,-0.678348,-0.678655,0.000694724,0,0.5
1783082159151204864,0.001,-0.678348,-0.678348,-0.678655,0.000694035,0,0.5
1783082159152204800,0.001,-0.678348,-0.678348,-0.678655,0.000693378,0,0.5
1783082159153204736,0.001,-0.678348,-0.678348,-0.678655,0.000692752,0,0.5
1783082159154204672,0.001,-0.678348,-0.678348,-0.678654,0.000692155,0,0.5
1783082159155204608,0.001,-0.678348,-0.678348,-0.678654,0.000691586,0,0.5
1783082159156204544,0.001,-0.678348,-0.678348,-0.678654,0.000691044,0,0.5
1783082159157204480,0.001,-0.678348,-0.678348,-0.678654,0.000690527,0,0.5
1783082159158204416,0.001,-0.678348,-0.678348,-0.678654,0.000690034,0,0.5
1783082159159204352,0.001,-0.678348,-0.678348,-0.678654,0.000689564,0,0.5
1783082159160204288,0.001,-0.678348,-0.678348,-0.678653,0.000689115,0,0.5
1783082159161204224,0.001,-0.678348,-0.678348,-0.678653,0.000688688,0,0.5
1783082159162204160,0.001,-0.678348,-0.678348,-0.678653,0.00068828,0,0.5
1783082159163204096,0.001,-0.678348,-0.678348,-0.678653,0.000687891,0,0.5
1783082159164204032,0.001,-0.678348,-0.678348,-0.678653,0.00068752,0,0.5
1783082159165203968,0.001,-0.678348,-0.678348,-0.678653,0.000687166,0,0.5
1783082159166203904,0.001,-0.678348,-0.678348,-0.678652,0.000686829,0,0.5
1783082159167203840,0.001,-0.678348,-0.678348,-0.678652,0.000686507,0,0.5
1783082159168203776,0.001,-0.678348,-0.678348,-0.678652,0.0006862,0,0.5
1783082159169203712,0.001,-0.678348,-0.678348,-0.678652,0.000685906,0,0.5
1783082159170203648,0.001,-0.678348,-0.678348,-0.678652,0.000685627,0,0.5
1783082159171203584,0.001,-0.678348,-0.678348,-0.678652,0.00068536,0,0.5
1783082159172203520,0.001,-0.678348,-0.678348,-0.678651,0.000685105,0,0.5
1783082159173203456,0.001,-0.678348,-0.678348,-0.678651,0.000684862,0,0.5
1783082159174203392,0.001,-0.678348,-0.678348,-0.678651,0.00068463,0,0.5
1783082159175203328,0.001,-0.678348,-0.678348,-0.678651,0.000684408,0,0.5
1783082159176203264,0.001,-0.678348,-0.678348,-0.678651,0.000684197,0,0.5
1783082159177203200,0.001,-0.678348,-0.678348,-0.678651,0.000683995,0,0.5
1783082159178203136,0.001,-0.678348,-0.678348,-0.67865,0.000683802,0,0.5
1783082159179203072,0.001,-0.678348,-0.678348,-0.67865,0.000683618,0,0.5
1783082159180203008,0.001,-0.678348,-0.678348,-0.67865,0.000683443,0,0.5
1783082159181202944,0.001,-0.678348,-0.678348,-0.67865,0.000683275,0,0.5
1783082159182202880,0.001,-0.678348,-0.678348,-0.67865,0.000683114,0,0.5
1783082159183202816,0.001,-0.678348,-0.678348,-0.67865,0.000682961,0,0.5
1783082159184202752,0.001,-0.678348,-0.678348,-0.678649,0.000682815,0,0.5
1783082159185202688,0.001,-0.678348,-0.678348,-0.678649,0.000682675,0,0.5
1783082159186202624,0.001,-0.678348,-0.678348,-0.678649,0.000682542,0,0.5
1783082159187202560,0.001,-0.678348,-0.678348,-0.678649,0.000682414,0,0.5
1783082159188202496,0.001,-0.678348,-0.678348,-0.678649,0.000682293,0,0.5
1783082159189202432,0.001,-0.678348,-0.678348,-0.678649,0.000682176,0,0.5
1783082159190202368,0.001,-0.678348,-0.678348,-0.678648,0.000682065,0,0.5
1783082159191202304,0.001,-0.678348,-0.678348,-0.678648,0.000681958,0,0.5
1783082159192202240,0.001,-0.678348,-0.678348,-0.678648,0.000681856,0,0.5
1783082159193202176,0.001,-0.678348,-0.678348,-0.678648,0.000681759,0,0.5
1783082159194202112,0.001,-0.678348,-0.678348,-0.678648,0.000681666,0,0.5
1783082159195202048,0.001,-0.678348,-0.678348,-0.678647,0.000681577,0,0.5
1783082159196201984,0.001,-0.678348,-0.678348,-0.678647,0.000681492,0,0.5
1783082159197201920,0.001,-0.678348,-0.678348,-0.678647,0.00068141,0,0.5
1783082159198201856,0.001,-0.678348,-0.678348,-0.678647,0.000681332,0,0.5
1783082159199201792,0.001,-0.678348,-0.678348,-0.678647,0.000681258,0,0.5
1783082159200201728,0.001,-0.678348,-0.678348,-0.678647,0.000681186,0,0.5
1783082159201201664,0.001,-0.678348,-0.678348,-0.678646,0.000681118,0,0.5
1783082159202201600,0.001,-0.678348,-0.678348,-0.678646,0.000681053,0,0.5
1783082159203201536,0.001,-0.678348,-0.678348,-0.678646,0.00068099,0,0.5
1783082159204201472,0.001,-0.678348,-0.678348,-0.678646,0.00068093,0,0.5
1783082159205201408,0.001,-0.678348,-0.678348,-0.678646,0.000680872,0,0.5
1783082159206201344,0.001,-0.678348,-0.678348,-0.678645,0.000680817,0,0.5
1783082159207201280,0.001,-0.678348,-0.678348,-0.678645,0.000680764,0,0.5
1783082159208201216,0.001,-0.678348,-0.678348,-0.678645,0.000680714,0,0.5
1783082159209201152,0.001,-0.678348,-0.678348,-0.678645,0.000680665,0,0.5
1783082159210201088,0.001,0,0,-0.678644,0.000696908,0,0.5
1783082159211201024,0.001,-0.678348,-0.678348,-0.678644,0.000696099,0,0.5
1783082159212200960,0.001,-0.678348,-0.678348,-0.678644,0.000695329,0,0.5
1783082159213200896,0.001,-0.678348,-0.678348,-0.678644,0.000694594,0,0.5
1783082159214200832,0.001,-0.678348,-0.678348,-0.678644,0.000693894,0,0.5
1783082159215200768,0.001,-0.678348,-0.678348,-0.678643,0.000693227,0,0.5
1783082159216200704,0.001,-0.678348,-0.678348,-0.678643,0.000692591,0,0.5
1783082159217200640,0.001,-0.678348,-0.678348,-0.678643,0.000691985,0,0.5
1783082159218200576,0.001,-0.678348,-0.678348,-0.678643,0.000691407,0,0.5
1783082159219200512,0.001,-0.678348,-0.678348,-0.678643,0.000690857,0,0.5
1783082159220200448,0.001,-0.678348,-0.678348,-0.678643,0.000690332,0,0.5
1783082159221200384,0.001,-0.678348,-0.678348,-0.678642,0.000689831,0,0.5
1783082159222200320,0.001,-0.678348,-0.678348,-0.678642,0.000689354,0,0.5
1783082159223200256,0.001,-0.678348,-0.678348,-0.678642,0.000688898,0,0.5
1783082159224200192,0.001,-0.678348,-0.678348,-0.678642,0.000688464,0,0.5
1783082159225200128,0.001,-0.678348,-0.678348,-0.678642,0.00068805,0,0.5
1783082159226200064,0.001,-0.678348,-0.678348,-0.678642,0.000687656,0,0.5
1783082159227200000,0.001,-0.678348,-0.678348,-0.678641,0.000687279,0,0.5
1783082159228199936,0.001,-0.678348,-0.678348,-0.678641,0.00068692,0,0.5
1783082159229199872,0.001,-0.678348,-0.678348,-0.678641,0.000686577,0,0.5
1783082159230199808,0.001,-0.678348,-0.678348,-0.678641,0.000686251,0,0.5
1783082159231199744,0.001,-0.678348,-0.678348,-0.678641,0.000685939,0,0.5
1783082159232199680,0.001,-0.678348,-0.678348,-0.678641,0.000685641,0,0.5
1783082159233199616,0.001,-0.678348,-0.678348,-0.67864,0.000685358,0,0.5
1783082159234199552,0.001,-0.678348,-0.678348,-0.67864,0.000685087,0,0.5
1783082159235199488,0.001,-0.678348,-0.678348,-0.67864,0.000684829,0,0.5
1783082159236199424,0.001,-0.678348,-0.678348,-0.67864,0.000684582,0,0.5
1783082159237199360,0.001,-0.678348,-0.678348,-0.67864,0.000684347,0,0.5
1783082159238199296,0.001,-0.678348,-0.678348,-0.67864,0.000684122,0,0.5
1783082159239199232,0.001,-0.678348,-0.678348,-0.678639,0.000683908,0,0.5
1783082159240199168,0.001,-0.678348,-0.678348,-0.678639,0.000683703,0,0.5
1783082159241199104,0.001,-0.678348,-0.678348,-0.678639,0.000683508,0,0.5
1783082159242199040,0.001,-0.678348,-0.678348,-0.678639,0.000683321,0,0.5
1783082159243198976,0.001,-0.678348,-0.678348,-0.678639,0.000683143,0,0.5
1783082159244198912,0.001,-0.678348,-0.678348,-0.678639,0.000682973,0,0.5
1783082159245198848,0.001,-0.678348,-0.678348,-0.678638,0.000682811,0,0.5
1783082159246198784,0.001,-0.678348,-0.678348,-0.678638,0.000682656,0,0.5
1783082159247198720,0.001,-0.678348,-0.678348,-0.678638,0.000682508,0,0.5
1783082159248198656,0.001,-0.678348,-0.678348,-0.678638,0.000682367,0,0.5
1783082159249198592,0.001,-0.678348,-0.678348,-0.678638,0.000682232,0,0.5
1783082159250198528,0.001,-0.678348,-0.678348,-0.678638,0.000682102,0,0.5
1783082159251198464,0.001,-0.678348,-0.678348,-0.678637,0.000681979,0,0.5
1783082159252198400,0.001,-0.678348,-0.678348,-0.678637,0.000681861,0,0.5
1783082159253198336,0.001,-0.678348,-0.678348,-0.678637,0.000681749,0,0.5
1783082159254198272,0.001,-0.678348,-0.678348,-0.678637,0.000681641,0,0.5
1783082159255198208,0.001,-0.678348,-0.678348,-0.678637,0.000681538,0,0.5
1783082159256198144,0.001,-0.678348,-0.678348,-0.678636,0.00068144,0,0.5
1783082159257198080,0.001,-0.678348,-0.678348,-0.678636,0.000681346,0,0.5
1783082159258198016,0.001,-0.678348,-0.678348,-0.678636,0.000681256,0,0.5
1783082159259197952,0.001,-0.678348,-0.678348,-0.678636,0.00068117,0,0.5
1783082159260197888,0.001,-0.678348,-0.678348,-0.678636,0.000681088,0,0.5
1783082159261197824,0.001,-0.678348,-0.678348,-0.678636,0.000681009,0,0.5
1783082159262197760,0.001,-0.678348,-0.678348,-0.678635,0.000680934,0,0.5
1783082159263197696,0.001,-0.678348,-0.678348,-0.678635,0.000680862,0,0.5
1783082159264197632,0.001,-0.678348,-0.678348,-0.678635,0.000680793,0,0.5
1783082159265197568,0.001,-0.678348,-0.678348,-0.678635,0.000680727,0,0.5
1783082159266197504,0.001,-0.678348,-0.678348,-0.678635,0.000680664,0,0.5
1783082159267197440,0.001,-0.678348,-0.678348,-0.678635,0.000680604,0,0.5
1783082159268197376,0.001,-0.678348,-0.678348,-0.678634,0.000680546,0,0.5
1783082159269197312,0.001,-0.678348,-0.678348,-0.678634,0.000680491,0,0.5
1783082159270197248,0.001,-0.678348,-0.678348,-0.678634,0.000680437,0,0.5
1783082159271197184,0.001,-0.678348,-0.678348,-0.678634,0.000680387,0,0.5
1783082159272197120,0.001,-0.678348,-0.678348,-0.678634,0.000680338,0,0.5
1783082159273197056,0.001,-0.678348,-0.678348,-0.678633,0.000680291,0,0.5
1783082159274196992,0.001,-0.678348,-0.678348,-0.678633,0.000680246,0,0.5
1783082159275196928,0.001,-0.678348,-0.678348,-0.678633,0.000680203,0,0.5
1783082159276196864,0.001,-0.678348,-0.678348,-0.678633,0.000680162,0,0.5
1783082159277196800,0.001,-0.678348,-0.678348,-0.678633,0.000680122,0,0.5
1783082159278196736,0.001,-0.678348,-0.678348,-0.678633,0.000680084,0,0.5
1783082159279196672,0.001,-0.678348,-0.678348,-0.678632,0.000680048,0,0.5
1783082159280196608,0.001,0,-0.678348,-0.678632,0.000679996,0,0.5
1783082159281196544,0.001,-0.678348,-0.678348,-0.678632,0.000679963,0,0.5
1783082159282196480,0.001,-0.678348,-0.678348,-0.678632,0.000679931,0,0.5
1783082159283196416,0.001,-0.678348,-0.678348,-0.678632,0.0006799,0,0.5
1783082159284196352,0.001,-0.678348,-0.678348,-0.678632,0.00067987,0,0.5
1783082159285196288,0.001,-0.678348,-0.678348,-0.678631,0.000679842,0,0.5
1783082159286196224,0.001,-0.678348,-0.678348,-0.678631,0.000679815,0,0.5
1783082159287196160,0.001,-0.678348,-0.678348,-0.678631,0.000679789,0,0.5
1783082159288196096,0.001,-0.678348,-0.678348,-0.678631,0.000679763,0,0.5
1783082159289196032,0.001,-0.678348,-0.678348,-0.678631,0.000679739,0,0.5
1783082159290195968,0.001,-0.678348,-0.678348,-0.678631,0.000679716,0,0.5
1783082159291195904,0.001,-0.678348,-0.678348,-0.67863,0.000679693,0,0.5
1783082159292195840,0.001,-0.678348,-0.678348,-0.67863,0.000679671,0,0.5
1783082159293195776,0.001,-0.678348,-0.678348,-0.67863,0.00067965,0,0.5
1783082159294195712,0.001,-0.678348,-0.678348,-0.67863,0.00067963,0,0.5
1783082159295195648,0.001,-0.678348,-0.678348,-0.67863,0.000679611,0,0.5
1783082159296195584,0.001,-0.678348,-0.678348,-0.678629,0.000679592,0,0.5
1783082159297195520,0.001,-0.678348,-0.678348,-0.678629,0.000679573,0,0.5
1783082159298195456,0.001,-0.678348,-0.678348,-0.678629,0.000679556,0,0.5
1783082159299195392,0.001,-0.678348,-0.678348,-0.678629,0.000679539,0,0.5
1783082159300195328,0.001,-0.678348,-0.678348,-0.678629,0.000679522,0,0.5
1783082159301195264,0.001,-0.678348,-0.678348,-0.678629,0.000679506,0,0.5
1783082159302195200,0.001,-0.678348,-0.678348,-0.678628,0.000679491,0,0.5
1783082159303195136,0.001,-0.678348,-0.678348,-0.678628,0.000679476,0,0.5
1783082159304195072,0.001,-0.678348,-0.678348,-0.678628,0.000679462,0,0.5
1783082159305195008,0.001,-0.678348,-0.678348,-0.678628,0.000679448,0,0.5
1783082159306194944,0.001,-0.678348,-0.678348,-0.678628,0.000679434,0,0.5
1783082159307194880,0.001,-0.678348,-0.678348,-0.678628,0.000679421,0,0.5
1783082159308194816,0.001,-0.678348,-0.678348,-0.678627,0.000679408,0,0.5
1783082159309194752,0.001,-0.678348,-0.678348,-0.678627,0.000679396,0,0.5
1783082159310194688,0.001,-0.678348,-0.678348,-0.678627,0.000679383,0,0.5
1783082159311194624,0.001,0,0,-0.678626,0.000695619,0,0.5
1783082159312194560,0.001,-0.678348,-0.678348,-0.678626,0.000694846,0,0.5
1783082159313194496,0.001,-0.678348,-0.678348,-0.678626,0.000694109,0,0.5
1783082159314194432,0.001,-0.678348,-0.678348,-0.678626,0.000693408,0,0.5
1783082159315194368,0.001,-0.678348,-0.678348,-0.678626,0.000692739,0,0.5
1783082159316194304,0.001,-0.678348,-0.678348,-0.678626,0.000692101,0,0.5
1783082159317194240,0.001,-0.678348,-0.678348,-0.678625,0.000691494,0,0.5
1783082159318194176,0.001,-0.678348,-0.678348,-0.678625,0.000690915,0,0.5
1783082159319194112,0.001,-0.678348,-0.678348,-0.678625,0.000690362,0,0.5
1783082159320194048,0.001,-0.678348,-0.678348,-0.678625,0.000689836,0,0.5
1783082159321193984,0.001,-0.678348,-0.678348,-0.678625,0.000689334,0,0.5
1783082159322193920,0.001,-0.678348,-0.678348,-0.678625,0.000688856,0,0.5
1783082159323193856,0.001,-0.678348,-0.678348,-0.678624,0.0006884,0,0.5
1783082159324193792,0.001,-0.678348,-0.678348,-0.678624,0.000687965,0,0.5
1783082159325193728,0.001,-0.678348,-0.678348,-0.678624,0.00068755,0,0.5
1783082159326193664,0.001,-0.678348,-0.678348,-0.678624,0.000687155,0,0.5
1783082159327193600,0.001,-0.678348,-0.678348,-0.678624,0.000686778,0,0.5
1783082159328193536,0.001,-0.678348,-0.678348,-0.678624,0.000686418,0,0.5
1783082159329193472,0.001,-0.678348,-0.678348,-0.678623,0.000686075,0,0.5
1783082159330193408,0.001,-0.678348,-0.678348,-0.678623,0.000685747,0,0.5
1783082159331193344,0.001,-0.678348,-0.678348,-0.678623,0.000685435,0,0.5
1783082159332193280,0.001,-0.678348,-0.678348,-0.678623,0.000685137,0,0.5
1783082159333193216,0.001,-0.678348,-0.678348,-0.678623,0.000684853,0,0.5
1783082159334193152,0.001,-0.678348,-0.678348,-0.678623,0.000684582,0,0.5
1783082159335193088,0.001,-0.678348,-0.678348,-0.678622,0.000684324,0,0.5
1783082159336193024,0.001,-0.678348,-0.678348,-0.678622,0.000684077,0,0.5
1783082159337192960,0.001,-0.678348,-0.678348,-0.678622,0.000683841,0,0.5
1783082159338192896,0.001,-0.678348,-0.678348,-0.678622,0.000683617,0,0.5
1783082159339192832,0.001,-0.678348,-0.678348,-0.678622,0.000683402,0,0.5
1783082159340192768,0.001,-0.678348,-0.678348,-0.678622,0.000683198,0,0.5
1783082159341192704,0.001,-0.678348,-0.678348,-0.678621,0.000683002,0,0.5
1783082159342192640,0.001,-0.678348,-0.678348,-0.678621,0.000682816,0,0.5
1783082159343192576,0.001,-0.678348,-0.678348,-0.678621,0.000682638,0,0.5
1783082159344192512,0.001,-0.678348,-0.678348,-0.678621,0.000682468,0,0.5
1783082159345192448,0.001,-0.678348,-0.678348,-0.678621,0.000682306,0,0.5
1783082159346192384,0.001,-0.678348,-0.678348,-0.678621,0.000682151,0,0.5
1783082159347192320,0.001,-0.678348,-0.678348,-0.67862,0.000682003,0,0.5
1783082159348192256,0.001,-0.678348,-0.678348,-0.67862,0.000681861,0,0.5
1783082159349192192,0.001,-0.678348,-0.678348,-0.67862,0.000681726,0,0.5
1783082159350192128,0.001,-0.678348,-0.678348,-0.67862,0.000681598,0,0.5
1783082159351192064,0.001,-0.678348,-0.678348,-0.67862,0.000681475,0,0.5
1783082159352192000,0.001,-0.678348,-0.678348,-0.67862,0.000681357,0,0.5
1783082159353191936,0.001,-0.678348,-0.678348,-0.67862,0.000681245,0,0.5
1783082159354191872,0.001,-0.678348,-0.678348,-0.678619,0.000681137,0,0.5
1783082159355191808,0.001,-0.678348,-0.678348,-0.678619,0.000681035,0,0.5
1783082159356191744,0.001,-0.678348,-0.678348,-0.678619,0.000680937,0,0.5
1783082159357191680,0.001,-0.678348,-0.678348,-0.678619,0.000680843,0,0.5
1783082159358191616,0.001,-0.678348,-0.678348,-0.678619,0.000680753,0,0.5
1783082159359191552,0.001,-0.678348,-0.678348,-0.678618,0.000680668,0,0.5
1783082159360191488,0.001,-0.678348,-0.678348,-0.678618,0.000680586,0,0.5
1783082159361191424,0.001,-0.678348,-0.678348,-0.678618,0.000680507,0,0.5
1783082159362191360,0.001,-0.678348,-0.678348,-0.678618,0.000680432,0,0.5
1783082159363191296,0.001,-0.678348,-0.678348,-0.678618,0.000680361,0,0.5
1783082159364191232,0.001,-0.678348,-0.678348,-0.678618,0.000680292,0,0.5
1783082159365191168,0.001,-0.678348,-0.678348,-0.678618,0.000680227,0,0.5
1783082159366191104,0.001,-0.678348,-0.678348,-0.678617,0.000680164,0,0.5
1783082159367191040,0.001,-0.678348,-0.678348,-0.678617,0.000680104,0,0.5
1783082159368190976,0.001,-0.678348,-0.678348,-0.678617,0.000680046,0,0.5
1783082159369190912,0.001,-0.678348,-0.678348,-0.678617,0.000679991,0,0.5
1783082159370190848,0.001,-0.678348,-0.678348,-0.678617,0.000679938,0,0.5
1783082159371190784,0.001,-0.678348,-0.678348,-0.678617,0.000679888,0,0.5
1783082159372190720,0.001,-0.678348,-0.678348,-0.678616,0.000679839,0,0.5
1783082159373190656,0.001,-0.678348,-0.678348,-0.678616,0.000679793,0,0.5
1783082159374190592,0.001,-0.678348,-0.678348,-0.678616,0.000679749,0,0.5
1783082159375190528,0.001,-0.678348,-0.678348,-0.678616,0.000679706,0,0.5
1783082159376190464,0.001,-0.678348,-0.678348,-0.678616,0.000679665,0,0.5
1783082159377190400,0.001,-0.678348,-0.678348,-0.678616,0.000679626,0,0.5
1783082159378190336,0.001,-0.678348,-0.678348,-0.678615,0.000679588,0,0.5
1783082159379190272,0.001,-0.678348,-0.678348,-0.678615,0.000679552,0,0.5
1783082159380190208,0.001,-0.678348,-0.678348,-0.678615,0.000679517,0,0.5
1783082159381190144,0.001,-0.678348,-0.678348,-0.678615,0.000679484,0,0.5
1783082159382190080,0.001,-0.678348,-0.678348,-0.678615,0.000679452,0,0.5
1783082159383190016,0.001,-0.678348,-0.678348,-0.678615,0.000679422,0,0.5
1783082159384189952,0.001,-0.678348,-0.678348,-0.678614,0.000679392,0,0.5
1783082159385189888,0.001,-0.678348,-0.678348,-0.678614,0.000679364,0,0.5
1783082159386189824,0.001,-0.678348,-0.678348,-0.678614,0.000679336,0,0.5
1783082159387189760,0.001,-0.678348,-0.678348,-0.678614,0.00067931,0,0.5
1783082159388189696,0.001,-0.678348,-0.678348,-0.678614,0.000679285,0,0.5
1783082159389189632,0.001,-0.678348,-0.678348,-0.678614,0.000679261,0,0.5
1783082159390189568,0.001,-0.678348,-0.678348,-0.678613,0.000679237,0,0.5
1783082159391189504,0.001,-0.678348,-0.678348,-0.678613,0.000679215,0,0.5
1783082159392189440,0.001,-0.678348,-0.678348,-0.678613,0.000679193,0,0.5
1783082159393189376,0.001,-0.678348,-0.678348,-0.678613,0.000679172,0,0.5
1783082159394189312,0.001,-0.678348,-0.678348,-0.678613,0.000679152,0,0.5
1783082159395189248,0.001,-0.678348,-0.678348,-0.678613,0.000679133,0,0.5
1783082159396189184,0.001,-0.678348,-0.678348,-0.678612,0.000679114,0,0.5
1783082159397189120,0.001,-0.678348,-0.678348,-0.678612,0.000679096,0,0.5
1783082159398189056,0.001,-0.678348,-0.678348,-0.678612,0.000679078,0,0.5
1783082159399188992,0.001,-0.678348,-0.678348,-0.678612,0.000679061,0,0.5
1783082159400188928,0.001,-0.678348,-0.678348,-0.678612,0.000679045,0,0.5
1783082159401188864,0.001,-0.678348,-0.678348,-0.678612,0.000679029,0,0.5
1783082159402188800,0.001,0,0,-0.678611,0.000695258,0,0.5
1783082159403188736,0.001,0,0,-0.67861,0.000711486,0,0.5
1783082159404188672,0.001,0,0,-0.678609,0.000727715,0,0.5
1783082159405188608,0.001,0,0,-0.678609,0.000743943,0,0.5
1783082159406188544,0.001,0,0,-0.678608,0.000760172,0,0.5
1783082159407188480,0.001,0,0,-0.678607,0.0007764,0,0.5
1783082159408188416,0.001,0,0,-0.678606,0.000792629,0,0.5
1783082159409188352,0.001,0,0,-0.678606,0.000808857,0,0.5
1783082159410188288,0.001,0,0,-0.678605,0.000825086,0,0.5
1783082159411188224,0.001,-0.678348,-0.678348,-0.678605,0.000817615,0,0.5
1783082159412188160,0.001,0,0,-0.678604,0.000833843,0,0.5
1783082159413188096,0.001,-0.678348,-0.678348,-0.678604,0.000825881,0,0.5
1783082159414188032,0.001,-0.678348,-0.678348,-0.678604,0.000818366,0,0.5
1783082159415187968,0.001,-0.678348,-0.678348,-0.678604,0.000811267,0,0.5
1783082159416187904,0.001,-0.678348,-0.678348,-0.678604,0.00080456,0,0.5
1783082159417187840,0.001,-0.678348,-0.678348,-0.678604,0.000798218,0,0.5
1783082159418187776,0.001,-0.678348,-0.678348,-0.678604,0.000792221,0,0.5
1783082159419187712,0.001,-0.678348,-0.678348,-0.678604,0.000786546,0,0.5
1783082159420187648,0.001,-0.678348,-0.678348,-0.678604,0.000781174,0,0.5
1783082159421187584,0.001,-0.678348,-0.678348,-0.678604,0.000776088,0,0.5
1783082159422187520,0.001,-0.678348,-0.678348,-0.678604,0.00077127,0,0.5
1783082159423187456,0.001,-0.678348,-0.678348,-0.678604,0.000766704,0,0.5
1783082159424187392,0.001,-0.678348,-0.678348,-0.678604,0.000762377,0,0.5
1783082159425187328,0.001,-0.678348,-0.678348,-0.678604,0.000758273,0,0.5
1783082159426187264,0.001,-0.678348,-0.678348,-0.678604,0.000754381,0,0.5
1783082159427187200,0.001,-0.678348,-0.678348,-0.678604,0.000750689,0,0.5
1783082159428187136,0.001,-0.678348,-0.678348,-0.678604,0.000747186,0,0.5
1783082159429187072,0.001,-0.678348,-0.678348,-0.678604,0.00074386,0,0.5
1783082159430187008,0.001,-0.678348,-0.678348,-0.678604,0.000740703,0,0.5
1783082159431186944,0.001,-0.678348,-0.678348,-0.678604,0.000737704,0,0.5
1783082159432186880,0.001,-0.678348,-0.678348,-0.678604,0.000734857,0,0.5
1783082159433186816,0.001,-0.678348,-0.678348,-0.678604,0.000732151,0,0.5
1783082159434186752,0.001,-0.678348,-0.678348,-0.678604,0.000729581,0,0.5
1783082159435186688,0.001,-0.678348,-0.678348,-0.678604,0.000727137,0,0.5
1783082159436186624,0.001,-0.678348,-0.678348,-0.678603,0.000724815,0,0.5
1783082159437186560,0.001,-0.678348,-0.678348,-0.678603,0.000722608,0,0.5
1783082159438186496,0.001,-0.678348,-0.678348,-0.678603,0.000720508,0,0.5
1783082159439186432,0.001,-0.678348,-0.678348,-0.678603,0.000718512,0,0.5
1783082159440186368,0.001,-0.678348,-0.678348,-0.678603,0.000716613,0,0.5
1783082159441186304,0.001,-0.678348,-0.678348,-0.678603,0.000714807,0,0.5
1783082159442186240,0.001,-0.678348,-0.678348,-0.678603,0.000713089,0,0.5
1783082159443186176,0.001,-0.678348,-0.678348,-0.678603,0.000711454,0,0.5
1783082159444186112,0.001,-0.678348,-0.678348,-0.678603,0.000709898,0,0.5
1783082159445186048,0.001,-0.678348,-0.678348,-0.678603,0.000708417,0,0.5
1783082159446185984,0.001,-0.678348,-0.678348,-0.678603,0.000707007,0,0.5
1783082159447185920,0.001,-0.678348,-0.678348,-0.678603,0.000705665,0,0.5
1783082159448185856,0.001,-0.678348,-0.678348,-0.678603,0.000704388,0,0.5
1783082159449185792,0.001,-0.678348,-0.678348,-0.678602,0.000703172,0,0.5
1783082159450185728,0.001,-0.678348,-0.678348,-0.678602,0.000702014,0,0.5
1783082159451185664,0.001,-0.678348,-0.678348,-0.678602,0.000700911,0,0.5
1783082159452185600,0.001,-0.678348,-0.678348,-0.678602,0.00069986,0,0.5
1783082159453185536,0.001,-0.678348,-0.678348,-0.678602,0.00069886,0,0.5
1783082159454185472,0.001,-0.678348,-0.678348,-0.678602,0.000697907,0,0.5
1783082159455185408,0.001,-0.678348,-0.678348,-0.678602,0.000696999,0,0.5
1783082159456185344,0.001,-0.678348,-0.678348,-0.678602,0.000696134,0,0.5
1783082159457185280,0.001,-0.678348,-0.678348,-0.678602,0.000695309,0,0.5
1783082159458185216,0.001,-0.678348,-0.678348,-0.678602,0.000694524,0,0.5
1783082159459185152,0.001,-0.678348,-0.678348,-0.678601,0.000693776,0,0.5
1783082159460185088,0.001,-0.678348,-0.678348,-0.678601,0.000693063,0,0.5
1783082159461185024,0.001,-0.678348,-0.678348,-0.678601,0.000692383,0,0.5
1783082159462184960,0.001,-0.678348,-0.678348,-0.678601,0.000691735,0,0.5
1783082159463184896,0.001,-0.678348,-0.678348,-0.678601,0.000691118,0,0.5
1783082159464184832,0.001,-0.678348,-0.678348,-0.678601,0.000690529,0,0.5
1783082159465184768,0.001,-0.678348,-0.678348,-0.678601,0.000689968,0,0.5
1783082159466184704,0.001,-0.678348,-0.678348,-0.678601,0.000689433,0,0.5
1783082159467184640,0.001,-0.678348,-0.678348,-0.678601,0.000688923,0,0.5
1783082159468184576,0.001,-0.678348,-0.678348,-0.6786,0.000688437,0,0.5
1783082159469184512,0.001,-0.678348,-0.678348,-0.6786,0.000687973,0,0.5
1783082159470184448,0.001,-0.678348,-0.678348,-0.6786,0.000687531,0,0.5
1783082159471184384,0.001,-0.678348,-0.678348,-0.6786,0.000687109,0,0.5
1783082159472184320,0.001,-0.678348,-0.678348,-0.6786,0.000686707,0,0.5
1783082159473184256,0.001,-0.678348,-0.678348,-0.6786,0.000686324,0,0.5
1783082159474184192,0.001,-0.678348,-0.678348,-0.6786,0.000685958,0,0.5
1783082159475184128,0.001,-0.678348,-0.678348,-0.6786,0.000685609,0,0.5
1783082159476184064,0.001,-0.678348,-0.678348,-0.678599,0.000685276,0,0.5
1783082159477184000,0.001,-0.678348,-0.678348,-0.678599,0.000684958,0,0.5
1783082159478183936,0.001,-0.678348,-0.678348,-0.678599,0.000684655,0,0.5
1783082159479183872,0.001,-0.678348,-0.678348,-0.678599,0.000684366,0,0.5
1783082159480183808,0.001,-0.678348,-0.678348,-0.678599,0.00068409,0,0.5
1783082159481183744,0.001,-0.678348,-0.678348,-0.678599,0.000683827,0,0.5
1783082159482183680,0.001,-0.678348,-0.678348,-0.678599,0.000683576,0,0.5
1783082159483183616,0.001,-0.678348,-0.678348,-0.678599,0.000683336,0,0.5
1783082159484183552,0.001,-0.678348,-0.678348,-0.678598,0.000683107,0,0.5
1783082159485183488,0.001,-0.678348,-0.678348,-0.678598,0.000682889,0,0.5
1783082159486183424,0.001,-0.678348,-0.678348,-0.678598,0.000682681,0,0.5
1783082159487183360,0.001,-0.678348,-0.678348,-0.678598,0.000682482,0,0.5
1783082159488183296,0.001,-0.678348,-0.678348,-0.678598,0.000682291,0,0.5
1783082159489183232,0.001,-0.678348,-0.678348,-0.678598,0.00068211,0,0.5
1783082159490183168,0.001,-0.678348,-0.678348,-0.678598,0.000681937,0,0.5
1783082159491183104,0.001,-0.678348,-0.678348,-0.678598,0.000681771,0,0.5
1783082159492183040,0.001,-0.678348,-0.678348,-0.678597,0.000681613,0,0.5
1783082159493182976,0.001,-0.678348,-0.678348,-0.678597,0.000681462,0,0.5
1783082159494182912,0.001,-0.678348,-0.678348,-0.678597,0.000681318,0,0.5
1783082159495182848,0.001,-0.678348,-0.678348,-0.678597,0.000681181,0,0.5
1783082159496182784,0.001,-0.678348,-0.678348,-0.678597,0.000681049,0,0.5
1783082159497182720,0.001,-0.678348,-0.678348,-0.678597,0.000680923,0,0.5
1783082159498182656,0.001,-0.678348,-0.678348,-0.678597,0.000680803,0,0.5
1783082159499182592,0.001,-0.678348,-0.678348,-0.678596,0.000680688,0,0.5
1783082159500182528,0.001,-0.678348,-0.678348,-0.678596,0.000680579,0,0.5
1783082159501182464,0.001,-0.678348,-0.678348,-0.678596,0.000680474,0,0.5
1783082159502182400,0.001,-0.678348,-0.678348,-0.678596,0.000680374,0,0.5
1783082159503182336,0.001,-0.678348,-0.678348,-0.678596,0.000680278,0,0.5
1783082159504182272,0.001,-0.678348,-0.678348,-0.678596,0.000680186,0,0.5
1783082159505182208,0.001,-0.678348,-0.678348,-0.678596,0.000680098,0,0.5
1783082159506182144,0.001,-0.678348,-0.678348,-0.678595,0.000680015,0,0.5
1783082159507182080,0.001,-0.678348,-0.678348,-0.678595,0.000679934,0,0.5
1783082159508182016,0.001,-0.678348,-0.678348,-0.678595,0.000679858,0,0.5
1783082159509181952,0.001,-0.678348,-0.678348,-0.678595,0.000679784,0,0.5
1783082159510181888,0.001,-0.678348,-0.678348,-0.678595,0.000679714,0,0.5
1783082159511181824,0.001,-0.678348,-0.678348,-0.678595,0.000679647,0,0.5
1783082159512181760,0.001,-0.678348,-0.678348,-0.678595,0.000679582,0,0.5
1783082159513181696,0.001,0,0,-0.678594,0.000695802,0,0.5
1783082159514181632,0.001,-0.678348,-0.678348,-0.678594,0.000694979,0,0.5
1783082159515181568,0.001,-0.678348,-0.678348,-0.678594,0.000694195,0,0.5
1783082159516181504,0.001,-0.678348,-0.678348,-0.678594,0.000693447,0,0.5
1783082159517181440,0.001,-0.678348,-0.678348,-0.678593,0.000692735,0,0.5
1783082159518181376,0.001,-0.678348,-0.678348,-0.678593,0.000692056,0,0.5
1783082159519181312,0.001,-0.678348,-0.678348,-0.678593,0.000691409,0,0.5
1783082159520181248,0.001,-0.678348,-0.678348,-0.678593,0.000690792,0,0.5
1783082159521181184,0.001,-0.678348,-0.678348,-0.678593,0.000690204,0,0.5
1783082159522181120,0.001,-0.678348,-0.678348,-0.678593,0.000689644,0,0.5
1783082159523181056,0.001,-0.678348,-0.678348,-0.678593,0.00068911,0,0.5
1783082159524180992,0.001,-0.678348,-0.678348,-0.678592,0.0006886,0,0.5
1783082159525180928,0.001,-0.678348,-0.678348,-0.678592,0.000688115,0,0.5
1783082159526180864,0.001,-0.678348,-0.678348,-0.678592,0.000687651,0,0.5
1783082159527180800,0.001,-0.678348,-0.678348,-0.678592,0.00068721,0,0.5
1783082159528180736,0.001,-0.678348,-0.678348,-0.678592,0.000686789,0,0.5
1783082159529180672,0.001,-0.678348,-0.678348,-0.678592,0.000686387,0,0.5
1783082159530180608,0.001,-0.678348,-0.678348,-0.678592,0.000686004,0,0.5
1783082159531180544,0.001,-0.678348,-0.678348,-0.678592,0.000685639,0,0.5
1783082159532180480,0.001,-0.678348,-0.678348,-0.678591,0.00068529,0,0.5
1783082159533180416,0.001,-0.678348,-0.678348,-0.678591,0.000684958,0,0.5
1783082159534180352,0.001,-0.678348,-0.678348,-0.678591,0.000684641,0,0.5
1783082159535180288,0.001,-0.678348,-0.678348,-0.678591,0.000684339,0,0.5
1783082159536180224,0.001,-0.678348,-0.678348,-0.678591,0.00068405,0,0.5
1783082159537180160,0.001,-0.678348,-0.678348,-0.678591,0.000683775,0,0.5
1783082159538180096,0.001,-0.678348,-0.678348,-0.678591,0.000683512,0,0.5
1783082159539180032,0.001,-0.678348,-0.678348,-0.67859,0.000683261,0,0.5
1783082159540179968,0.001,-0.678348,-0.678348,-0.67859,0.000683022,0,0.5
1783082159541179904,0.001,-0.678348,-0.678348,-0.67859,0.000682794,0,0.5
1783082159542179840,0.001,-0.678348,-0.678348,-0.67859,0.000682576,0,0.5
1783082159543179776,0.001,-0.678348,-0.678348,-0.67859,0.000682368,0,0.5
1783082159544179712,0.001,-0.678348,-0.678348,-0.67859,0.000682169,0,0.5
1783082159545179648,0.001,-0.678348,-0.678348,-0.67859,0.00068198,0,0.5
1783082159546179584,0.001,-0.678348,-0.678348,-0.678589,0.000681799,0,0.5
1783082159547179520,0.001,-0.678348,-0.678348,-0.678589,0.000681626,0,0.5
1783082159548179456,0.001,-0.678348,-0.678348,-0.678589,0.000681461,0,0.5
1783082159549179392,0.001,-0.678348,-0.678348,-0.678589,0.000681304,0,0.5
1783082159550179328,0.001,-0.678348,-0.678348,-0.678589,0.000681153,0,0.5
1783082159551179264,0.001,-0.678348,-0.678348,-0.678589,0.00068101,0,0.5
1783082159552179200,0.001,-0.678348,-0.678348,-0.678589,0.000680872,0,0.5
1783082159553179136,0.001,-0.678348,-0.678348,-0.678589,0.000680741,0,0.5
1783082159554179072,0.001,-0.678348,-0.678348,-0.678588,0.000680616,0,0.5
1783082159555179008,0.001,-0.678348,-0.678348,-0.678588,0.000680497,0,0.5
1783082159556178944,0.001,-0.678348,-0.678348,-0.678588,0.000680382,0,0.5
1783082159557178880,0.001,-0.678348,-0.678348,-0.678588,0.000680273,0,0.5
1783082159558178816,0.001,-0.678348,-0.678348,-0.678588,0.000680169,0,0.5
1783082159559178752,0.001,-0.678348,-0.678348,-0.678588,0.000680069,0,0.5
1783082159560178688,0.001,-0.678348,-0.678348,-0.678587,0.000679974,0,0.5
1783082159561178624,0.001,-0.678348,-0.678348,-0.678587,0.000679882,0,0.5
1783082159562178560,0.001,-0.678348,-0.678348,-0.678587,0.000679795,0,0.5
1783082159563178496,0.001,-0.678348,-0.678348,-0.678587,0.000679712,0,0.5
1783082159564178432,0.001,-0.678348,-0.678348,-0.678587,0.000679632,0,0.5
1783082159565178368,0.001,-0.678348,-0.678348,-0.678587,0.000679556,0,0.5
1783082159566178304,0.001,-0.678348,-0.678348,-0.678587,0.000679483,0,0.5
1783082159567178240,0.001,-0.678348,-0.678348,-0.678586,0.000679413,0,0.5
1783082159568178176,0.001,-0.678348,-0.678348,-0.678586,0.000679346,0,0.5
1783082159569178112,0.001,-0.678348,-0.678348,-0.678586,0.000679282,0,0.5
1783082159570178048,0.001,-0.678348,-0.678348,-0.678586,0.000679221,0,0.5
1783082159571177984,0.001,-0.678348,-0.678348,-0.678586,0.000679163,0,0.5
1783082159572177920,0.001,-0.678348,-0.678348,-0.678586,0.000679107,0,0.5
1783082159573177856,0.001,-0.678348,-0.678348,-0.678586,0.000679053,0,0.5
1783082159574177792,0.001,-0.678348,-0.678348,-0.678585,0.000679001,0,0.5
1783082159575177728,0.001,-0.678348,-0.678348,-0.678585,0.000678952,0,0.5
1783082159576177664,0.001,-0.678348,-0.678348,-0.678585,0.000678905,0,0.5
1783082159577177600,0.001,-0.678348,-0.678348,-0.678585,0.000678859,0,0.5
1783082159578177536,0.001,-0.678348,-0.678348,-0.678585,0.000678816,0,0.5
1783082159579177472,0.001,-0.678348,-0.678348,-0.678585,0.000678774,0,0.5
1783082159580177408,0.001,-0.678348,-0.678348,-0.678585,0.000678734,0,0.5
1783082159581177344,0.001,-0.678348,-0.678348,-0.678585,0.000678696,0,0.5
1783082159582177280,0.001,-0.678348,-0.678348,-0.678584,0.000678659,0,0.5
1783082159583177216,0.001,-0.678348,-0.678348,-0.678584,0.000678624,0,0.5
1783082159584177152,0.001,-0.678348,-0.678348,-0.678584,0.00067859,0,0.5
1783082159585177088,0.001,-0.678348,-0.678348,-0.678584,0.000678558,0,0.5
1783082159586177024,0.001,-0.678348,-0.678348,-0.678584,0.000678526,0,0.5
1783082159587176960,0.001,-0.678348,-0.678348,-0.678584,0.000678496,0,0.5
1783082159588176896,0.001,-0.678348,-0.678348,-0.678584,0.000678467,0,0.5
1783082159589176832,0.001,-0.678348,-0.678348,-0.678583,0.00067844,0,0.5
1783082159590176768,0.001,-0.678348,-0.678348,-0.678583,0.000678413,0,0.5
1783082159591176704,0.001,-0.678348,-0.678348,-0.678583,0.000678387,0,0.5
1783082159592176640,0.001,-0.678348,-0.678348,-0.678583,0.000678362,0,0.5
1783082159593176576,0.001,-0.678348,-0.678348,-0.678583,0.000678339,0,0.5
1783082159594176512,0.001,-0.678348,-0.678348,-0.678583,0.000678316,0,0.5
1783082159595176448,0.001,-0.678348,-0.678348,-0.678582,0.000678293,0,0.5
1783082159596176384,0.001,-0.678348,-0.678348,-0.678582,0.000678272,0,0.5
1783082159597176320,0.001,-0.678348,-0.678348,-0.678582,0.000678252,0,0.5
1783082159598176256,0.001,-0.678348,-0.678348,-0.678582,0.000678232,0,0.5
1783082159599176192,0.001,-0.678348,-0.678348,-0.678582,0.000678213,0,0.5
1783082159600176128,0.001,-0.678348,-0.678348,-0.678582,0.000678194,0,0.5
1783082159601176064,0.001,-0.678348,-0.678348,-0.678582,0.000678176,0,0.5
1783082159602176000,0.001,-0.678348,-0.678348,-0.678581,0.000678159,0,0.5
1783082159603175936,0.001,-0.678348,-0.678348,-0.678581,0.000678142,0,0.5
1783082159604175872,0.001,-0.678348,-0.678348,-0.678581,0.000678126,0,0.5
1783082159605175808,0.001,-0.678348,-0.678348,-0.678581,0.000678111,0,0.5
1783082159606175744,0.001,-0.678348,-0.678348,-0.678581,0.000678096,0,0.5
1783082159607175680,0.001,-0.678348,-0.678348,-0.678581,0.000678081,0,0.5
1783082159608175616,0.001,-0.678348,-0.678348,-0.678581,0.000678067,0,0.5
1783082159609175552,0.001,-0.678348,-0.678348,-0.67858,0.000678053,0,0.5
1783082159610175488,0.001,-0.678348,-0.678348,-0.67858,0.00067804,0,0.5
1783082159611175424,0.001,-0.678348,-0.678348,-0.67858,0.000678027,0,0.5
1783082159612175360,0.001,-0.678348,-0.678348,-0.67858,0.000678014,0,0.5
1783082159613175296,0.001,-0.678348,-0.678348,-0.67858,0.000678002,0,0.5
1783082159614175232,0.001,0,0,-0.678579,0.000694214,0,0.5
1783082159615175168,0.001,-0.678348,-0.678348,-0.678579,0.000693443,0,0.5
1783082159616175104,0.001,-0.678348,-0.678348,-0.678579,0.000692707,0,0.5
1783082159617175040,0.001,-0.678348,-0.678348,-0.678579,0.000692006,0,0.5
1783082159618174976,0.001,-0.678348,-0.678348,-0.678579,0.000691338,0,0.5
1783082159619174912,0.001,-0.678348,-0.678348,-0.678579,0.000690701,0,0.5
1783082159620174848,0.001,-0.678348,-0.678348,-0.678578,0.000690095,0,0.5
1783082159621174784,0.001,-0.678348,-0.678348,-0.678578,0.000689516,0,0.5
1783082159622174720,0.001,-0.678348,-0.678348,-0.678578,0.000688965,0,0.5
1783082159623174656,0.001,-0.678348,-0.678348,-0.678578,0.000688439,0,0.5
1783082159624174592,0.001,-0.678348,-0.678348,-0.678578,0.000687938,0,0.5
1783082159625174528,0.001,-0.678348,-0.678348,-0.678578,0.00068746,0,0.5
1783082159626174464,0.001,-0.678348,-0.678348,-0.678578,0.000687005,0,0.5
1783082159627174400,0.001,-0.678348,-0.678348,-0.678577,0.000686571,0,0.5
1783082159628174336,0.001,-0.678348,-0.678348,-0.678577,0.000686156,0,0.5
1783082159629174272,0.001,-0.678348,-0.678348,-0.678577,0.000685762,0,0.5
1783082159630174208,0.001,-0.678348,-0.678348,-0.678577,0.000685385,0,0.5
1783082159631174144,0.001,-0.678348,-0.678348,-0.678577,0.000685026,0,0.5
1783082159632174080,0.001,-0.678348,-0.678348,-0.678577,0.000684683,0,0.5
1783082159633174016,0.001,-0.678348,-0.678348,-0.678577,0.000684356,0,0.5
1783082159634173952,0.001,-0.678348,-0.678348,-0.678577,0.000684044,0,0.5
1783082159635173888,0.001,-0.678348,-0.678348,-0.678576,0.000683747,0,0.5
1783082159636173824,0.001,-0.678348,-0.678348,-0.678576,0.000683463,0,0.5
1783082159637173760,0.001,-0.678348,-0.678348,-0.678576,0.000683193,0,0.5
1783082159638173696,0.001,-0.678348,-0.678348,-0.678576,0.000682935,0,0.5
1783082159639173632,0.001,-0.678348,-0.678348,-0.678576,0.000682688,0,0.5
1783082159640173568,0.001,-0.678348,-0.678348,-0.678576,0.000682453,0,0.5
1783082159641173504,0.001,-0.678348,-0.678348,-0.678576,0.000682229,0,0.5
1783082159642173440,0.001,-0.678348,-0.678348,-0.678576,0.000682015,0,0.5
1783082159643173376,0.001,-0.678348,-0.678348,-0.678575,0.000681811,0,0.5
1783082159644173312,0.001,-0.678348,-0.678348,-0.678575,0.000681616,0,0.5
1783082159645173248,0.001,-0.678348,-0.678348,-0.678575,0.000681429,0,0.5
1783082159646173184,0.001,-0.678348,-0.678348,-0.678575,0.000681252,0,0.5
1783082159647173120,0.001,-0.678348,-0.678348,-0.678575,0.000681082,0,0.5
1783082159648173056,0.001,-0.678348,-0.678348,-0.678575,0.00068092,0,0.5
1783082159649172992,0.001,-0.678348,-0.678348,-0.678575,0.000680766,0,0.5
1783082159650172928,0.001,-0.678348,-0.678348,-0.678574,0.000680618,0,0.5
1783082159651172864,0.001,-0.678348,-0.678348,-0.678574,0.000680477,0,0.5
1783082159652172800,0.001,-0.678348,-0.678348,-0.678574,0.000680342,0,0.5
1783082159653172736,0.001,-0.678348,-0.678348,-0.678574,0.000680214,0,0.5
1783082159654172672,0.001,-0.678348,-0.678348,-0.678574,0.000680091,0,0.5
1783082159655172608,0.001,-0.678348,-0.678348,-0.678574,0.000679974,0,0.5
1783082159656172544,0.001,-0.678348,-0.678348,-0.678574,0.000679862,0,0.5
1783082159657172480,0.001,-0.678348,-0.678348,-0.678573,0.000679755,0,0.5
1783082159658172416,0.001,-0.678348,-0.678348,-0.678573,0.000679652,0,0.5
1783082159659172352,0.001,-0.678348,-0.678348,-0.678573,0.000679555,0,0.5
1783082159660172288,0.001,-0.678348,-0.678348,-0.678573,0.000679461,0,0.5
1783082159661172224,0.001,-0.678348,-0.678348,-0.678573,0.000679372,0,0.5
1783082159662172160,0.001,-0.678348,-0.678348,-0.678573,0.000679286,0,0.5
1783082159663172096,0.001,-0.678348,-0.678348,-0.678573,0.000679205,0,0.5
1783082159664172032,0.001,-0.678348,-0.678348,-0.678572,0.000679127,0,0.5
1783082159665171968,0.001,-0.678348,-0.678348,-0.678572,0.000679052,0,0.5
1783082159666171904,0.001,-0.678348,-0.678348,-0.678572,0.000678981,0,0.5
1783082159667171840,0.001,-0.678348,-0.678348,-0.678572,0.000678912,0,0.5
1783082159668171776,0.001,-0.678348,-0.678348,-0.678572,0.000678847,0,0.5
1783082159669171712,0.001,-0.678348,-0.678348,-0.678572,0.000678785,0,0.5
1783082159670171648,0.001,-0.678348,-0.678348,-0.678572,0.000678725,0,0.5
1783082159671171584,0.001,-0.678348,-0.678348,-0.678572,0.000678667,0,0.5
1783082159672171520,0.001,-0.678348,-0.678348,-0.678571,0.000678613,0,0.5
1783082159673171456,0.001,-0.678348,-0.678348,-0.678571,0.00067856,0,0.5
1783082159674171392,0.001,-0.678348,-0.678348,-0.678571,0.00067851,0,0.5
1783082159675171328,0.001,-0.678348,-0.678348,-0.678571,0.000678462,0,0.5
1783082159676171264,0.001,-0.678348,-0.678348,-0.678571,0.000678416,0,0.5
1783082159677171200,0.001,-0.678348,-0.678348,-0.678571,0.000678371,0,0.5
1783082159678171136,0.001,-0.678348,-0.678348,-0.678571,0.000678329,0,0.5
1783082159679171072,0.001,-0.678348,-0.678348,-0.67857,0.000678288,0,0.5
1783082159680171008,0.001,-0.678348,-0.678348,-0.67857,0.000678249,0,0.5
1783082159681170944,0.001,-0.678348,-0.678348,-0.67857,0.000678212,0,0.5
1783082159682170880,0.001,-0.678348,-0.678348,-0.67857,0.000678176,0,0.5
1783082159683170816,0.001,-0.678348,-0.678348,-0.67857,0.000678142,0,0.5
1783082159684170752,0.001,-0.678348,-0.678348,-0.67857,0.000678109,0,0.5
1783082159685170688,0.001,-0.678348,-0.678348,-0.67857,0.000678077,0,0.5
1783082159686170624,0.001,-0.678348,-0.678348,-0.678569,0.000678047,0,0.5
1783082159687170560,0.001,-0.678348,-0.678348,-0.678569,0.000678017,0,0.5
1783082159688170496,0.001,-0.678348,-0.678348,-0.678569,0.000677989,0,0.5
1783082159689170432,0.001,-0.678348,-0.678348,-0.678569,0.000677962,0,0.5
1783082159690170368,0.001,-0.678348,-0.678348,-0.678569,0.000677936,0,0.5
1783082159691170304,0.001,-0.678348,-0.678348,-0.678569,0.000677911,0,0.5
1783082159692170240,0.001,-0.678348,-0.678348,-0.678569,0.000677887,0,0.5
1783082159693170176,0.001,-0.678348,-0.678348,-0.678569,0.000677864,0,0.5
1783082159694170112,0.001,-0.678348,-0.678348,-0.678568,0.000677842,0,0.5
1783082159695170048,0.001,-0.678348,-0.678348,-0.678568,0.000677821,0,0.5
1783082159696169984,0.001,-0.678348,-0.678348,-0.678568,0.0006778,0,0.5
1783082159697169920,0.001,-0.678348,-0.678348,-0.678568,0.00067778,0,0.5
1783082159698169856,0.001,-0.678348,-0.678348,-0.678568,0.000677761,0,0.5
1783082159699169792,0.001,-0.678348,-0.678348,-0.678568,0.000677742,0,0.5
1783082159700169728,0.001,-0.678348,-0.678348,-0.678568,0.000677724,0,0.5
1783082159701169664,0.001,-0.678348,-0.678348,-0.678567,0.000677707,0,0.5
1783082159702169600,0.001,-0.678348,-0.678348,-0.678567,0.00067769,0,0.5
1783082159703169536,0.001,-0.678348,-0.678348,-0.678567,0.000677674,0,0.5
1783082159704169472,0.001,-0.678348,-0.678348,-0.678567,0.000677659,0,0.5
1783082159705169408,0.001,-0.678348,-0.678348,-0.678567,0.000677644,0,0.5
1783082159706169344,0.001,-0.678348,-0.678348,-0.678567,0.000677629,0,0.5
1783082159707169280,0.001,-0.678348,-0.678348,-0.678567,0.000677615,0,0.5
1783082159708169216,0.001,-0.678348,-0.678348,-0.678566,0.000677601,0,0.5
1783082159709169152,0.001,-0.678348,-0.678348,-0.678566,0.000677588,0,0.5
1783082159710169088,0.001,-0.678348,-0.678348,-0.678566,0.000677575,0,0.5
1783082159711169024,0.001,-0.678348,-0.678348,-0.678566,0.000677563,0,0.5
1783082159712168960,0.001,-0.678348,-0.678348,-0.678566,0.000677551,0,0.5
1783082159713168896,0.001,-0.678348,-0.678348,-0.678566,0.000677539,0,0.5
1783082159714168832,0.001,-0.678348,-0.678348,-0.678566,0.000677527,0,0.5
1783082159715168768,0.001,0,0,-0.678565,0.000693732,0,0.5
1783082159716168704,0.001,-0.678348,-0.678348,-0.678565,0.000692961,0,0.5
1783082159717168640,0.001,-0.678348,-0.678348,-0.678565,0.000692227,0,0.5
1783082159718168576,0.001,-0.678348,-0.678348,-0.678565,0.000691527,0,0.5
1783082159719168512,0.001,-0.678348,-0.678348,-0.678564,0.00069086,0,0.5
1783082159720168448,0.001,-0.678348,-0.678348,-0.678564,0.000690224,0,0.5
1783082159721168384,0.001,-0.678348,-0.678348,-0.678564,0.000689619,0,0.5
1783082159722168320,0.001,-0.678348,-0.678348,-0.678564,0.000689041,0,0.5
1783082159723168256,0.001,-0.678348,-0.678348,-0.678564,0.000688491,0,0.5
1783082159724168192,0.001,-0.678348,-0.678348,-0.678564,0.000687966,0,0.5
1783082159725168128,0.001,-0.678348,-0.678348,-0.678564,0.000687465,0,0.5
1783082159726168064,0.001,-0.678348,-0.678348,-0.678564,0.000686988,0,0.5
1783082159727168000,0.001,-0.678348,-0.678348,-0.678564,0.000686534,0,0.5
1783082159728167936,0.001,-0.678348,-0.678348,-0.678563,0.0006861,0,0.5
1783082159729167872,0.001,-0.678348,-0.678348,-0.678563,0.000685687,0,0.5
1783082159730167808,0.001,-0.678348,-0.678348,-0.678563,0.000685292,0,0.5
1783082159731167744,0.001,-0.678348,-0.678348,-0.678563,0.000684916,0,0.5
1783082159732167680,0.001,-0.678348,-0.678348,-0.678563,0.000684558,0,0.5
1783082159733167616,0.001,-0.678348,-0.678348,-0.678563,0.000684216,0,0.5
1783082159734167552,0.001,-0.678348,-0.678348,-0.678563,0.00068389,0,0.5
1783082159735167488,0.001,-0.678348,-0.678348,-0.678563,0.000683578,0,0.5
1783082159736167424,0.001,-0.678348,-0.678348,-0.678562,0.000683282,0,0.5
1783082159737167360,0.001,-0.678348,-0.678348,-0.678562,0.000682998,0,0.5
1783082159738167296,0.001,-0.678348,-0.678348,-0.678562,0.000682728,0,0.5
1783082159739167232,0.001,-0.678348,-0.678348,-0.678562,0.000682471,0,0.5
1783082159740167168,0.001,-0.678348,-0.678348,-0.678562,0.000682225,0,0.5
1783082159741167104,0.001,-0.678348,-0.678348,-0.678562,0.00068199,0,0.5
1783082159742167040,0.001,-0.678348,-0.678348,-0.678562,0.000681766,0,0.5
1783082159743166976,0.001,-0.678348,-0.678348,-0.678562,0.000681553,0,0.5
1783082159744166912,0.001,-0.678348,-0.678348,-0.678561,0.000681349,0,0.5
1783082159745166848,0.001,-0.678348,-0.678348,-0.678561,0.000681154,0,0.5
1783082159746166784,0.001,-0.678348,-0.678348,-0.678561,0.000680969,0,0.5
1783082159747166720,0.001,-0.678348,-0.678348,-0.678561,0.000680791,0,0.5
1783082159748166656,0.001,-0.678348,-0.678348,-0.678561,0.000680622,0,0.5
1783082159749166592,0.001,-0.678348,-0.678348,-0.678561,0.000680461,0,0.5
1783082159750166528,0.001,-0.678348,-0.678348,-0.678561,0.000680306,0,0.5
1783082159751166464,0.001,-0.678348,-0.678348,-0.67856,0.000680159,0,0.5
1783082159752166400,0.001,-0.678348,-0.678348,-0.67856,0.000680018,0,0.5
1783082159753166336,0.001,-0.678348,-0.678348,-0.67856,0.000679884,0,0.5
1783082159754166272,0.001,-0.678348,-0.678348,-0.67856,0.000679756,0,0.5
1783082159755166208,0.001,-0.678348,-0.678348,-0.67856,0.000679633,0,0.5
1783082159756166144,0.001,-0.678348,-0.678348,-0.67856,0.000679516,0,0.5
1783082159757166080,0.001,-0.678348,-0.678348,-0.67856,0.000679405,0,0.5
1783082159758166016,0.001,-0.678348,-0.678348,-0.67856,0.000679298,0,0.5
1783082159759165952,0.001,-0.678348,-0.678348,-0.678559,0.000679196,0,0.5
1783082159760165888,0.001,-0.678348,-0.678348,-0.678559,0.000679098,0,0.5
1783082159761165824,0.001,-0.678348,-0.678348,-0.678559,0.000679005,0,0.5
1783082159762165760,0.001,-0.678348,-0.678348,-0.678559,0.000678916,0,0.5
1783082159763165696,0.001,-0.678348,-0.678348,-0.678559,0.000678831,0,0.5
1783082159764165632,0.001,-0.678348,-0.678348,-0.678559,0.00067875,0,0.5
1783082159765165568,0.001,-0.678348,-0.678348,-0.678559,0.000678672,0,0.5
1783082159766165504,0.001,-0.678348,-0.678348,-0.678559,0.000678598,0,0.5
1783082159767165440,0.001,-0.678348,-0.678348,-0.678558,0.000678526,0,0.5
1783082159768165376,0.001,-0.678348,-0.678348,-0.678558,0.000678458,0,0.5
1783082159769165312,0.001,-0.678348,-0.678348,-0.678558,0.000678393,0,0.5
1783082159770165248,0.001,-0.678348,-0.678348,-0.678558,0.000678331,0,0.5
1783082159771165184,0.001,-0.678348,-0.678348,-0.678558,0.000678271,0,0.5
1783082159772165120,0.001,-0.678348,-0.678348,-0.678558,0.000678214,0,0.5
1783082159773165056,0.001,-0.678348,-0.678348,-0.678558,0.00067816,0,0.5
1783082159774164992,0.001,-0.678348,-0.678348,-0.678558,0.000678108,0,0.5
1783082159775164928,0.001,-0.678348,-0.678348,-0.678557,0.000678057,0,0.5
1783082159776164864,0.001,-0.678348,-0.678348,-0.678557,0.00067801,0,0.5
1783082159777164800,0.001,-0.678348,-0.678348,-0.678557,0.000677964,0,0.5
1783082159778164736,0.001,-0.678348,-0.678348,-0.678557,0.00067792,0,0.5
1783082159779164672,0.001,-0.678348,-0.678348,-0.678557,0.000677877,0,0.5
1783082159780164608,0.001,-0.678348,-0.678348,-0.678557,0.000677837,0,0.5
1783082159781164544,0.001,-0.678348,-0.678348,-0.678557,0.000677798,0,0.5
1783082159782164480,0.001,-0.678348,-0.678348,-0.678557,0.000677761,0,0.5
1783082159783164416,0.001,-0.678348,-0.678348,-0.678556,0.000677725,0,0.5
1783082159784164352,0.001,-0.678348,-0.678348,-0.678556,0.000677691,0,0.5
1783082159785164288,0.001,-0.678348,-0.678348,-0.678556,0.000677658,0,0.5
1783082159786164224,0.001,-0.678348,-0.678348,-0.678556,0.000677627,0,0.5
1783082159787164160,0.001,-0.678348,-0.678348,-0.678556,0.000677597,0,0.5
1783082159788164096,0.001,-0.678348,-0.678348,-0.678556,0.000677568,0,0.5
1783082159789164032,0.001,-0.678348,-0.678348,-0.678556,0.00067754,0,0.5
1783082159790163968,0.001,-0.678348,-0.678348,-0.678555,0.000677513,0,0.5
1783082159791163904,0.001,-0.678348,-0.678348,-0.678555,0.000677487,0,0.5
1783082159792163840,0.001,-0.678348,-0.678348,-0.678555,0.000677462,0,0.5
1783082159793163776,0.001,-0.678348,-0.678348,-0.678555,0.000677438,0,0.5
1783082159794163712,0.001,-0.678348,-0.678348,-0.678555,0.000677415,0,0.5
1783082159795163648,0.001,-0.678348,-0.678348,-0.678555,0.000677393,0,0.5
1783082159796163584,0.001,-0.678348,-0.678348,-0.678555,0.000677372,0,0.5
1783082159797163520,0.001,-0.678348,-0.678348,-0.678555,0.000677352,0,0.5
1783082159798163456,0.001,-0.678348,-0.678348,-0.678554,0.000677332,0,0.5
1783082159799163392,0.001,-0.678348,-0.678348,-0.678554,0.000677313,0,0.5
1783082159800163328,0.001,-0.678348,-0.678348,-0.678554,0.000677294,0,0.5
1783082159801163264,0.001,-0.678348,-0.678348,-0.678554,0.000677277,0,0.5
1783082159802163200,0.001,-0.678348,-0.678348,-0.678554,0.000677259,0,0.5
1783082159803163136,0.001,-0.678348,-0.678348,-0.678554,0.000677243,0,0.5
1783082159804163072,0.001,-0.678348,-0.678348,-0.678554,0.000677227,0,0.5
1783082159805163008,0.001,-0.678348,-0.678348,-0.678554,0.000677212,0,0.5
1783082159806162944,0.001,-0.678348,-0.678348,-0.678553,0.000677197,0,0.5
1783082159807162880,0.001,-0.678348,-0.678348,-0.678553,0.000677182,0,0.5
1783082159808162816,0.001,-0.678348,-0.678348,-0.678553,0.000677168,0,0.5
1783082159809162752,0.001,-0.678348,-0.678348,-0.678553,0.000677155,0,0.5
1783082159810162688,0.001,-0.678348,-0.678348,-0.678553,0.000677142,0,0.5
1783082159811162624,0.001,-0.678348,-0.678348,-0.678553,0.000677129,0,0.5
1783082159812162560,0.001,0,0,-0.678552,0.000693326,0,0.5
1783082159813162496,0.001,0,0,-0.678551,0.000709524,0,0.5
1783082159814162432,0.001,0,0,-0.678551,0.000725721,0,0.5
1783082159815162368,0.001,-0.678348,-0.678348,-0.678551,0.00072338,0,0.5
1783082159816162304,0.001,-0.678348,-0.678348,-0.678551,0.000721155,0,0.5
1783082159817162240,0.001,0,0,-0.67855,0.000737352,0,0.5
1783082159818162176,0.001,-0.678348,-0.678348,-0.67855,0.00073443,0,0.5
1783082159819162112,0.001,-0.678348,-0.678348,-0.67855,0.000731655,0,0.5
1783082159820162048,0.001,-0.678348,-0.678348,-0.67855,0.000729019,0,0.5
1783082159821161984,0.001,-0.678348,-0.678348,-0.67855,0.000726513,0,0.5
1783082159822161920,0.001,-0.678348,-0.678348,-0.678549,0.000724132,0,0.5
1783082159823161856,0.001,-0.678348,-0.678348,-0.678549,0.000721868,0,0.5
1783082159824161792,0.001,-0.678348,-0.678348,-0.678549,0.000719716,0,0.5
1783082159825161728,0.001,-0.678348,-0.678348,-0.678549,0.000717669,0,0.5
1783082159826161664,0.001,-0.678348,-0.678348,-0.678549,0.000715723,0,0.5
1783082159827161600,0.001,-0.678348,-0.678348,-0.678549,0.000713871,0,0.5
1783082159828161536,0.001,-0.678348,-0.678348,-0.678549,0.00071211,0,0.5
1783082159829161472,0.001,-0.678348,-0.678348,-0.678549,0.000710434,0,0.5
1783082159830161408,0.001,-0.678348,-0.678348,-0.678549,0.00070884,0,0.5
1783082159831161344,0.001,-0.678348,-0.678348,-0.678549,0.000707322,0,0.5
1783082159832161280,0.001,-0.678348,-0.678348,-0.678549,0.000705878,0,0.5
1783082159833161216,0.001,-0.678348,-0.678348,-0.678549,0.000704504,0,0.5
1783082159834161152,0.001,-0.678348,-0.678348,-0.678549,0.000703195,0,0.5
1783082159835161088,0.001,-0.678348,-0.678348,-0.678548,0.000701949,0,0.5
1783082159836161024,0.001,-0.678348,-0.678348,-0.678548,0.000700763,0,0.5
1783082159837160960,0.001,-0.678348,-0.678348,-0.678548,0.000699633,0,0.5
1783082159838160896,0.001,-0.678348,-0.678348,-0.678548,0.000698557,0,0.5
1783082159839160832,0.001,-0.678348,-0.678348,-0.678548,0.000697533,0,0.5
1783082159840160768,0.001,-0.678348,-0.678348,-0.678548,0.000696557,0,0.5
1783082159841160704,0.001,-0.678348,-0.678348,-0.678548,0.000695628,0,0.5
1783082159842160640,0.001,-0.678348,-0.678348,-0.678548,0.000694742,0,0.5
1783082159843160576,0.001,-0.678348,-0.678348,-0.678548,0.000693898,0,0.5
1783082159844160512,0.001,-0.678348,-0.678348,-0.678548,0.000693095,0,0.5
1783082159845160448,0.001,-0.678348,-0.678348,-0.678548,0.000692329,0,0.5
1783082159846160384,0.001,-0.678348,-0.678348,-0.678548,0.000691599,0,0.5
1783082159847160320,0.001,-0.678348,-0.678348,-0.678547,0.000690904,0,0.5
1783082159848160256,0.001,-0.678348,-0.678348,-0.678547,0.000690241,0,0.5
1783082159849160192,0.001,-0.678348,-0.678348,-0.678547,0.000689609,0,0.5
1783082159850160128,0.001,-0.678348,-0.678348,-0.678547,0.000689007,0,0.5
1783082159851160064,0.001,-0.678348,-0.678348,-0.678547,0.000688433,0,0.5
1783082159852160000,0.001,-0.678348,-0.678348,-0.678547,0.000687886,0,0.5
1783082159853159936,0.001,-0.678348,-0.678348,-0.678547,0.000687365,0,0.5
1783082159854159872,0.001,-0.678348,-0.678348,-0.678547,0.000686868,0,0.5
1783082159855159808,0.001,-0.678348,-0.678348,-0.678547,0.000686394,0,0.5
1783082159856159744,0.001,-0.678348,-0.678348,-0.678546,0.000685942,0,0.5
1783082159857159680,0.001,-0.678348,-0.678348,-0.678546,0.000685511,0,0.5
1783082159858159616,0.001,-0.678348,-0.678348,-0.678546,0.0006851,0,0.5
1783082159859159552,0.001,-0.678348,-0.678348,-0.678546,0.000684708,0,0.5
1783082159860159488,0.001,-0.678348,-0.678348,-0.678546,0.000684335,0,0.5
1783082159861159424,0.001,-0.678348,-0.678348,-0.678546,0.000683978,0,0.5
1783082159862159360,0.001,-0.678348,-0.678348,-0.678546,0.000683638,0,0.5
1783082159863159296,0.001,-0.678348,-0.678348,-0.678546,0.000683314,0,0.5
1783082159864159232,0.001,-0.678348,-0.678348,-0.678546,0.000683005,0,0.5
1783082159865159168,0.001,-0.678348,-0.678348,-0.678546,0.00068271,0,0.5
1783082159866159104,0.001,-0.678348,-0.678348,-0.678545,0.000682428,0,0.5
1783082159867159040,0.001,-0.678348,-0.678348,-0.678545,0.00068216,0,0.5
1783082159868158976,0.001,-0.678348,-0.678348,-0.678545,0.000681904,0,0.5
1783082159869158912,0.001,-0.678348,-0.678348,-0.678545,0.000681659,0,0.5
1783082159870158848,0.001,-0.678348,-0.678348,-0.678545,0.000681426,0,0.5
1783082159871158784,0.001,-0.678348,-0.678348,-0.678545,0.000681204,0,0.5
1783082159872158720,0.001,-0.678348,-0.678348,-0.678545,0.000680991,0,0.5
1783082159873158656,0.001,-0.678348,-0.678348,-0.678545,0.000680788,0,0.5
1783082159874158592,0.001,-0.678348,-0.678348,-0.678545,0.000680595,0,0.5
1783082159875158528,0.001,-0.678348,-0.678348,-0.678544,0.00068041,0,0.5
1783082159876158464,0.001,-0.678348,-0.678348,-0.678544,0.000680234,0,0.5
1783082159877158400,0.001,-0.678348,-0.678348,-0.678544,0.000680066,0,0.5
1783082159878158336,0.001,-0.678348,-0.678348,-0.678544,0.000679905,0,0.5
1783082159879158272,0.001,-0.678348,-0.678348,-0.678544,0.000679752,0,0.5
1783082159880158208,0.001,-0.678348,-0.678348,-0.678544,0.000679605,0,0.5
1783082159881158144,0.001,-0.678348,-0.678348,-0.678544,0.000679466,0,0.5
1783082159882158080,0.001,-0.678348,-0.678348,-0.678544,0.000679332,0,0.5
1783082159883158016,0.001,-0.678348,-0.678348,-0.678544,0.000679204,0,0.5
1783082159884157952,0.001,-0.678348,-0.678348,-0.678544,0.000679083,0,0.5
1783082159885157888,0.001,-0.678348,-0.678348,-0.678543,0.000678966,0,0.5
1783082159886157824,0.001,-0.678348,-0.678348,-0.678543,0.000678855,0,0.5
1783082159887157760,0.001,-0.678348,-0.678348,-0.678543,0.000678749,0,0.5
1783082159888157696,0.001,-0.678348,-0.678348,-0.678543,0.000678647,0,0.5
1783082159889157632,0.001,-0.678348,-0.678348,-0.678543,0.00067855,0,0.5
1783082159890157568,0.001,-0.678348,-0.678348,-0.678543,0.000678457,0,0.5
1783082159891157504,0.001,-0.678348,-0.678348,-0.678543,0.000678369,0,0.5
1783082159892157440,0.001,-0.678348,-0.678348,-0.678543,0.000678284,0,0.5
1783082159893157376,0.001,-0.678348,-0.678348,-0.678542,0.000678203,0,0.5
1783082159894157312,0.001,-0.678348,-0.678348,-0.678542,0.000678126,0,0.5
1783082159895157248,0.001,-0.678348,-0.678348,-0.678542,0.000678052,0,0.5
1783082159896157184,0.001,-0.678348,-0.678348,-0.678542,0.000677981,0,0.5
1783082159897157120,0.001,-0.678348,-0.678348,-0.678542,0.000677913,0,0.5
1783082159898157056,0.001,-0.678348,-0.678348,-0.678542,0.000677848,0,0.5
1783082159899156992,0.001,-0.678348,-0.678348,-0.678542,0.000677786,0,0.5
1783082159900156928,0.001,0,0,-0.678541,0.000693977,0,0.5
1783082159901156864,0.001,-0.678348,-0.678348,-0.678541,0.000693157,0,0.5
1783082159902156800,0.001,0,0,-0.67854,0.000709348,0,0.5
1783082159903156736,0.001,-0.678348,-0.678348,-0.67854,0.000707791,0,0.5
1783082159904156672,0.001,0,0,-0.67854,0.000723982,0,0.5
1783082159905156608,0.001,-0.678348,-0.678348,-0.678539,0.000721709,0,0.5
1783082159906156544,0.001,0,0,-0.678539,0.000737899,0,0.5
1783082159907156480,0.001,-0.678348,-0.678348,-0.678539,0.000734932,0,0.5
1783082159908156416,0.001,-0.678348,-0.678348,-0.678539,0.000732113,0,0.5
1783082159909156352,0.001,0,0,-0.678538,0.000748304,0,0.5
1783082159910156288,0.001,-0.678348,-0.678348,-0.678538,0.000744809,0,0.5
1783082159911156224,0.001,-0.678348,-0.678348,-0.678538,0.000741492,0,0.5
1783082159912156160,0.001,-0.678348,-0.678348,-0.678538,0.000738343,0,0.5
1783082159913156096,0.001,0,0,-0.678537,0.000754533,0,0.5
1783082159914156032,0.001,0,0,-0.678536,0.000770724,0,0.5
1783082159915155968,0.001,0,0,-0.678535,0.000786914,0,0.5
1783082159916155904,0.001,-0.678348,-0.678348,-0.678536,0.000781403,0,0.5
1783082159917155840,0.001,0,0,-0.678535,0.000797593,0,0.5
1783082159918155776,0.001,-0.678348,-0.678348,-0.678535,0.000791507,0,0.5
1783082159919155712,0.001,-0.678348,-0.678348,-0.678535,0.00078575,0,0.5
1783082159920155648,0.001,-0.678348,-0.678348,-0.678535,0.000780301,0,0.5
1783082159921155584,0.001,-0.678348,-0.678348,-0.678535,0.000775142,0,0.5
1783082159922155520,0.001,-0.678348,-0.678348,-0.678535,0.000770255,0,0.5
1783082159923155456,0.001,-0.678348,-0.678348,-0.678535,0.000765625,0,0.5
1783082159924155392,0.001,-0.678348,-0.678348,-0.678535,0.000761236,0,0.5
1783082159925155328,0.001,-0.678348,-0.678348,-0.678535,0.000757075,0,0.5
1783082159926155264,0.001,-0.678348,-0.678348,-0.678535,0.00075313,0,0.5
1783082159927155200,0.001,-0.678348,-0.678348,-0.678535,0.000749387,0,0.5
1783082159928155136,0.001,-0.678348,-0.678348,-0.678535,0.000745835,0,0.5
1783082159929155072,0.001,-0.678348,-0.678348,-0.678535,0.000742464,0,0.5
1783082159930155008,0.001,-0.678348,-0.678348,-0.678535,0.000739263,0,0.5
1783082159931154944,0.001,-0.678348,-0.678348,-0.678535,0.000736225,0,0.5
1783082159932154880,0.001,-0.678348,-0.678348,-0.678535,0.000733339,0,0.5
1783082159933154816,0.001,-0.678348,-0.678348,-0.678535,0.000730597,0,0.5
1783082159934154752,0.001,-0.678348,-0.678348,-0.678535,0.000727992,0,0.5
1783082159935154688,0.001,-0.678348,-0.678348,-0.678535,0.000725516,0,0.5
1783082159936154624,0.001,-0.678348,-0.678348,-0.678535,0.000723163,0,0.5
1783082159937154560,0.001,-0.678348,-0.678348,-0.678535,0.000720926,0,0.5
1783082159938154496,0.001,-0.678348,-0.678348,-0.678535,0.000718799,0,0.5
1783082159939154432,0.001,-0.678348,-0.678348,-0.678535,0.000716777,0,0.5
1783082159940154368,0.001,-0.678348,-0.678348,-0.678535,0.000714853,0,0.5
1783082159941154304,0.001,-0.678348,-0.678348,-0.678535,0.000713024,0,0.5
1783082159942154240,0.001,-0.678348,-0.678348,-0.678535,0.000711283,0,0.5
1783082159943154176,0.001,-0.678348,-0.678348,-0.678535,0.000709627,0,0.5
1783082159944154112,0.001,-0.678348,-0.678348,-0.678535,0.000708051,0,0.5
1783082159945154048,0.001,-0.678348,-0.678348,-0.678535,0.000706551,0,0.5
1783082159946153984,0.001,-0.678348,-0.678348,-0.678534,0.000705124,0,0.5
1783082159947153920,0.001,-0.678348,-0.678348,-0.678534,0.000703765,0,0.5
1783082159948153856,0.001,-0.678348,-0.678348,-0.678534,0.000702471,0,0.5
1783082159949153792,0.001,-0.678348,-0.678348,-0.678534,0.000701239,0,0.5
1783082159950153728,0.001,-0.678348,-0.678348,-0.678534,0.000700066,0,0.5
1783082159951153664,0.001,-0.678348,-0.678348,-0.678534,0.00069895,0,0.5
1783082159952153600,0.001,-0.678348,-0.678348,-0.678534,0.000697886,0,0.5
1783082159953153536,0.001,-0.678348,-0.678348,-0.678534,0.000696873,0,0.5
1783082159954153472,0.001,-0.678348,-0.678348,-0.678534,0.000695908,0,0.5
1783082159955153408,0.001,-0.678348,-0.678348,-0.678534,0.000694989,0,0.5
1783082159956153344,0.001,-0.678348,-0.678348,-0.678534,0.000694113,0,0.5
1783082159957153280,0.001,-0.678348,-0.678348,-0.678534,0.000693279,0,0.5
1783082159958153216,0.001,-0.678348,-0.678348,-0.678534,0.000692484,0,0.5
1783082159959153152,0.001,-0.678348,-0.678348,-0.678534,0.000691727,0,0.5
1783082159960153088,0.001,-0.678348,-0.678348,-0.678534,0.000691005,0,0.5
1783082159961153024,0.001,-0.678348,-0.678348,-0.678534,0.000690317,0,0.5
1783082159962152960,0.001,-0.678348,-0.678348,-0.678533,0.000689661,0,0.5
1783082159963152896,0.001,-0.678348,-0.678348,-0.678533,0.000689037,0,0.5
1783082159964152832,0.001,-0.678348,-0.678348,-0.678533,0.000688441,0,0.5
1783082159965152768,0.001,-0.678348,-0.678348,-0.678533,0.000687873,0,0.5
1783082159966152704,0.001,-0.678348,-0.678348,-0.678533,0.000687332,0,0.5
1783082159967152640,0.001,-0.678348,-0.678348,-0.678533,0.000686816,0,0.5
1783082159968152576,0.001,-0.678348,-0.678348,-0.678533,0.000686324,0,0.5
1783082159969152512,0.001,-0.678348,-0.678348,-0.678533,0.000685855,0,0.5
1783082159970152448,0.001,-0.678348,-0.678348,-0.678533,0.000685408,0,0.5
1783082159971152384,0.001,-0.678348,-0.678348,-0.678533,0.000684982,0,0.5
1783082159972152320,0.001,-0.678348,-0.678348,-0.678533,0.000684575,0,0.5
1783082159973152256,0.001,-0.678348,-0.678348,-0.678533,0.000684187,0,0.5
1783082159974152192,0.001,-0.678348,-0.678348,-0.678533,0.000683817,0,0.5
1783082159975152128,0.001,-0.678348,-0.678348,-0.678532,0.000683464,0,0.5
1783082159976152064,0.001,-0.678348,-0.678348,-0.678532,0.000683128,0,0.5
1783082159977152000,0.001,-0.678348,-0.678348,-0.678532,0.000682807,0,0.5
1783082159978151936,0.001,-0.678348,-0.678348,-0.678532,0.000682501,0,0.5
1783082159979151872,0.001,-0.678348,-0.678348,-0.678532,0.000682208,0,0.5
1783082159980151808,0.001,-0.678348,-0.678348,-0.678532,0.00068193,0,0.5
1783082159981151744,0.001,-0.678348,-0.678348,-0.678532,0.000681664,0,0.5
1783082159982151680,0.001,-0.678348,-0.678348,-0.678532,0.00068141,0,0.5
1783082159983151616,0.001,-0.678348,-0.678348,-0.678532,0.000681168,0,0.5
1783082159984151552,0.001,-0.678348,-0.678348,-0.678532,0.000680937,0,0.5
1783082159985151488,0.001,-0.678348,-0.678348,-0.678532,0.000680716,0,0.5
1783082159986151424,0.001,-0.678348,-0.678348,-0.678531,0.000680506,0,0.5
1783082159987151360,0.001,-0.678348,-0.678348,-0.678531,0.000680305,0,0.5
1783082159988151296,0.001,-0.678348,-0.678348,-0.678531,0.000680113,0,0.5
1783082159989151232,0.001,-0.678348,-0.678348,-0.678531,0.00067993,0,0.5
1783082159990151168,0.001,-0.678348,-0.678348,-0.678531,0.000679756,0,0.5
1783082159991151104,0.001,-0.678348,-0.678348,-0.678531,0.000679589,0,0.5
1783082159992151040,0.001,-0.678348,-0.678348,-0.678531,0.000679429,0,0.5
1783082159993150976,0.001,-0.678348,-0.678348,-0.678531,0.000679277,0,0.5
1783082159994150912,0.001,-0.678348,-0.678348,-0.678531,0.000679132,0,0.5
1783082159995150848,0.001,-0.678348,-0.678348,-0.678531,0.000678993,0,0.5
1783082159996150784,0.001,-0.678348,-0.678348,-0.678531,0.000678861,0,0.5
1783082159997150720,0.001,-0.678348,-0.678348,-0.67853,0.000678734,0,0.5
1783082159998150656,0.001,-0.678348,-0.678348,-0.67853,0.000678613,0,0.5
1783082159999150592,0.001,-0.678348,-0.678348,-0.67853,0.000678498,0,0.5
1783082160000150528,0.001,-0.678348,-0.678348,-0.67853,0.000678387,0,0.5
1783082160001150464,0.001,-0.678348,-0.678348,-0.67853,0.000678282,0,0.5
1783082160002150400,0.001,-0.678348,-0.678348,-0.67853,0.000678181,0,0.5
1783082160003150336,0.001,-0.678348,-0.678348,-0.67853,0.000678085,0,0.5
1783082160004150272,0.001,-0.678348,-0.678348,-0.67853,0.000677992,0,0.5
1783082160005150208,0.001,-0.678348,-0.678348,-0.67853,0.000677904,0,0.5
1783082160006150144,0.001,-0.678348,-0.678348,-0.67853,0.00067782,0,0.5
1783082160007150080,0.001,-0.678348,-0.678348,-0.678529,0.00067774,0,0.5
1783082160008150016,0.001,-0.678348,-0.678348,-0.678529,0.000677663,0,0.5
1783082160009149952,0.001,-0.678348,-0.678348,-0.678529,0.000677589,0,0.5
1783082160010149888,0.001,-0.678348,-0.678348,-0.678529,0.000677518,0,0.5
1783082160011149824,0.001,-0.678348,-0.678348,-0.678529,0.000677451,0,0.5
1783082160012149760,0.001,0,0,-0.678528,0.000693633,0,0.5
1783082160013149696,0.001,0,0,-0.678528,0.000709816,0,0.5
1783082160014149632,0.001,0,0,-0.678527,0.000725998,0,0.5
1783082160015149568,0.001,0,0,-0.678526,0.000742181,0,0.5
1783082160016149504,0.001,0,0,-0.678525,0.000758363,0,0.5
1783082160017149440,0.001,-0.678348,-0.678348,-0.678525,0.00075433,0,0.5
1783082160018149376,0.001,0,0,-0.678525,0.000770513,0,0.5
1783082160019149312,0.001,-0.678348,-0.678348,-0.678525,0.000765847,0,0.5
1783082160020149248,0.001,-0.678348,-0.678348,-0.678525,0.000761426,0,0.5
1783082160021149184,0.001,-0.678348,-0.678348,-0.678525,0.000757234,0,0.5
1783082160022149120,0.001,-0.678348,-0.678348,-0.678525,0.000753259,0,0.5
1783082160023149056,0.001,-0.678348,-0.678348,-0.678525,0.000749488,0,0.5
1783082160024148992,0.001,-0.678348,-0.678348,-0.678525,0.00074591,0,0.5
1783082160025148928,0.001,-0.678348,-0.678348,-0.678525,0.000742514,0,0.5
1783082160026148864,0.001,-0.678348,-0.678348,-0.678525,0.000739291,0,0.5
1783082160027148800,0.001,-0.678348,-0.678348,-0.678525,0.00073623,0,0.5
1783082160028148736,0.001,-0.678348,-0.678348,-0.678525,0.000733323,0,0.5
1783082160029148672,0.001,-0.678348,-0.678348,-0.678525,0.000730561,0,0.5
1783082160030148608,0.001,-0.678348,-0.678348,-0.678525,0.000727937,0,0.5
1783082160031148544,0.001,-0.678348,-0.678348,-0.678525,0.000725444,0,0.5
1783082160032148480,0.001,-0.678348,-0.678348,-0.678524,0.000723074,0,0.5
1783082160033148416,0.001,-0.678348,-0.678348,-0.678524,0.000720821,0,0.5
1783082160034148352,0.001,-0.678348,-0.678348,-0.678524,0.000718679,0,0.5
1783082160035148288,0.001,-0.678348,-0.678348,-0.678524,0.000716642,0,0.5
1783082160036148224,0.001,-0.678348,-0.678348,-0.678524,0.000714705,0,0.5
1783082160037148160,0.001,-0.678348,-0.678348,-0.678524,0.000712862,0,0.5
1783082160038148096,0.001,-0.678348,-0.678348,-0.678524,0.000711109,0,0.5
1783082160039148032,0.001,-0.678348,-0.678348,-0.678524,0.000709442,0,0.5
1783082160040147968,0.001,-0.678348,-0.678348,-0.678524,0.000707854,0,0.5
1783082160041147904,0.001,-0.678348,-0.678348,-0.678524,0.000706344,0,0.5
1783082160042147840,0.001,-0.678348,-0.678348,-0.678524,0.000704906,0,0.5
1783082160043147776,0.001,-0.678348,-0.678348,-0.678524,0.000703538,0,0.5
1783082160044147712,0.001,-0.678348,-0.678348,-0.678524,0.000702235,0,0.5
1783082160045147648,0.001,-0.678348,-0.678348,-0.678524,0.000700995,0,0.5
1783082160046147584,0.001,-0.678348,-0.678348,-0.678524,0.000699814,0,0.5
1783082160047147520,0.001,-0.678348,-0.678348,-0.678524,0.00069869,0,0.5
1783082160048147456,0.001,-0.678348,-0.678348,-0.678524,0.000697619,0,0.5
1783082160049147392,0.001,-0.678348,-0.678348,-0.678524,0.000696599,0,0.5
1783082160050147328,0.001,-0.678348,-0.678348,-0.678524,0.000695627,0,0.5
1783082160051147264,0.001,-0.678348,-0.678348,-0.678524,0.000694702,0,0.5
1783082160052147200,0.001,-0.678348,-0.678348,-0.678523,0.00069382,0,0.5
1783082160053147136,0.001,-0.678348,-0.678348,-0.678523,0.00069298,0,0.5
1783082160054147072,0.001,-0.678348,-0.678348,-0.678523,0.000692179,0,0.5
1783082160055147008,0.001,-0.678348,-0.678348,-0.678523,0.000691417,0,0.5
1783082160056146944,0.001,-0.678348,-0.678348,-0.678523,0.00069069,0,0.5
1783082160057146880,0.001,-0.678348,-0.678348,-0.678523,0.000689998,0,0.5
1783082160058146816,0.001,-0.678348,-0.678348,-0.678523,0.000689338,0,0.5
1783082160059146752,0.001,-0.678348,-0.678348,-0.678523,0.000688709,0,0.5
1783082160060146688,0.001,0,0,-0.678522,0.000704887,0,0.5
1783082160061146624,0.001,-0.678348,-0.678348,-0.678522,0.000703516,0,0.5
1783082160062146560,0.001,-0.678348,-0.678348,-0.678522,0.000702211,0,0.5
1783082160063146496,0.001,-0.678348,-0.678348,-0.678522,0.000700968,0,0.5
1783082160064146432,0.001,-0.678348,-0.678348,-0.678522,0.000699784,0,0.5
1783082160065146368,0.001,-0.678348,-0.678348,-0.678522,0.000698658,0,0.5
1783082160066146304,0.001,-0.678348,-0.678348,-0.678522,0.000697584,0,0.5
1783082160067146240,0.001,-0.678348,-0.678348,-0.678522,0.000696562,0,0.5
1783082160068146176,0.001,-0.678348,-0.678348,-0.678522,0.000695589,0,0.5
1783082160069146112,0.001,-0.678348,-0.678348,-0.678522,0.000694661,0,0.5
1783082160070146048,0.001,-0.678348,-0.678348,-0.678522,0.000693778,0,0.5
1783082160071145984,0.001,-0.678348,-0.678348,-0.678522,0.000692936,0,0.5
1783082160072145920,0.001,-0.678348,-0.678348,-0.678522,0.000692134,0,0.5
1783082160073145856,0.001,-0.678348,-0.678348,-0.678522,0.00069137,0,0.5
1783082160074145792,0.001,-0.678348,-0.678348,-0.678521,0.000690642,0,0.5
1783082160075145728,0.001,-0.678348,-0.678348,-0.678521,0.000689948,0,0.5
1783082160076145664,0.001,-0.678348,-0.678348,-0.678521,0.000689286,0,0.5
1783082160077145600,0.001,-0.678348,-0.678348,-0.678521,0.000688656,0,0.5
1783082160078145536,0.001,-0.678348,-0.678348,-0.678521,0.000688055,0,0.5
1783082160079145472,0.001,-0.678348,-0.678348,-0.678521,0.000687482,0,0.5
1783082160080145408,0.001,-0.678348,-0.678348,-0.678521,0.000686936,0,0.5
1783082160081145344,0.001,-0.678348,-0.678348,-0.678521,0.000686416,0,0.5
1783082160082145280,0.001,-0.678348,-0.678348,-0.678521,0.00068592,0,0.5
1783082160083145216,0.001,-0.678348,-0.678348,-0.678521,0.000685447,0,0.5
1783082160084145152,0.001,-0.678348,-0.678348,-0.678521,0.000684995,0,0.5
1783082160085145088,0.001,-0.678348,-0.678348,-0.678521,0.000684565,0,0.5
1783082160086145024,0.001,-0.678348,-0.678348,-0.678521,0.000684155,0,0.5
1783082160087144960,0.001,-0.678348,-0.678348,-0.67852,0.000683764,0,0.5
1783082160088144896,0.001,-0.678348,-0.678348,-0.67852,0.000683391,0,0.5
1783082160089144832,0.001,-0.678348,-0.678348,-0.67852,0.000683035,0,0.5
1783082160090144768,0.001,-0.678348,-0.678348,-0.67852,0.000682696,0,0.5
1783082160091144704,0.001,-0.678348,-0.678348,-0.67852,0.000682372,0,0.5
1783082160092144640,0.001,-0.678348,-0.678348,-0.67852,0.000682063,0,0.5
1783082160093144576,0.001,-0.678348,-0.678348,-0.67852,0.000681769,0,0.5
1783082160094144512,0.001,-0.678348,-0.678348,-0.67852,0.000681488,0,0.5
1783082160095144448,0.001,-0.678348,-0.678348,-0.67852,0.000681219,0,0.5
1783082160096144384,0.001,-0.678348,-0.678348,-0.67852,0.000680964,0,0.5
1783082160097144320,0.001,-0.678348,-0.678348,-0.67852,0.00068072,0,0.5
1783082160098144256,0.001,-0.678348,-0.678348,-0.678519,0.000680487,0,0.5
1783082160099144192,0.001,-0.678348,-0.678348,-0.678519,0.000680264,0,0.5
1783082160100144128,0.001,-0.678348,-0.678348,-0.678519,0.000680052,0,0.5
1783082160101144064,0.001,-0.678348,-0.678348,-0.678519,0.00067985,0,0.5
1783082160102144000,0.001,-0.678348,-0.678348,-0.678519,0.000679656,0,0.5
1783082160103143936,0.001,-0.678348,-0.678348,-0.678519,0.000679472,0,0.5
1783082160104143872,0.001,-0.678348,-0.678348,-0.678519,0.000679296,0,0.5
1783082160105143808,0.001,-0.678348,-0.678348,-0.678519,0.000679128,0,0.5
1783082160106143744,0.001,-0.678348,-0.678348,-0.678519,0.000678967,0,0.5
1783082160107143680,0.001,-0.678348,-0.678348,-0.678519,0.000678814,0,0.5
1783082160108143616,0.001,-0.678348,-0.678348,-0.678519,0.000678668,0,0.5
1783082160109143552,0.001,-0.678348,-0.678348,-0.678518,0.000678528,0,0.5
1783082160110143488,0.001,-0.678348,-0.678348,-0.678518,0.000678394,0,0.5
1783082160111143424,0.001,-0.678348,-0.678348,-0.678518,0.000678267,0,0.5
1783082160112143360,0.001,-0.678348,-0.678348,-0.678518,0.000678145,0,0.5
1783082160113143296,0.001,-0.678348,-0.678348,-0.678518,0.000678029,0,0.5
1783082160114143232,0.001,-0.678348,-0.678348,-0.678518,0.000677917,0,0.5
1783082160115143168,0.001,-0.678348,-0.678348,-0.678518,0.000677811,0,0.5
1783082160116143104,0.001,-0.678348,-0.678348,-0.678518,0.00067771,0,0.5
1783082160117143040,0.001,-0.678348,-0.678348,-0.678518,0.000677613,0,0.5
1783082160118142976,0.001,-0.678348,-0.678348,-0.678518,0.00067752,0,0.5
1783082160119142912,0.001,0,0,-0.678517,0.000693694,0,0.5
1783082160120142848,0.001,-0.678348,-0.678348,-0.678517,0.000692846,0,0.5
1783082160121142784,0.001,-0.678348,-0.678348,-0.678517,0.000692037,0,0.5
1783082160122142720,0.001,-0.678348,-0.678348,-0.678517,0.000691267,0,0.5
1783082160123142656,0.001,-0.678348,-0.678348,-0.678517,0.000690533,0,0.5
1783082160124142592,0.001,-0.678348,-0.678348,-0.678517,0.000689833,0,0.5
1783082160125142528,0.001,-0.678348,-0.678348,-0.678516,0.000689166,0,0.5
1783082160126142464,0.001,-0.678348,-0.678348,-0.678516,0.000688531,0,0.5
1783082160127142400,0.001,-0.678348,-0.678348,-0.678516,0.000687925,0,0.5
1783082160128142336,0.001,-0.678348,-0.678348,-0.678516,0.000687348,0,0.5
1783082160129142272,0.001,-0.678348,-0.678348,-0.678516,0.000686797,0,0.5
1783082160130142208,0.001,-0.678348,-0.678348,-0.678516,0.000686273,0,0.5
1783082160131142144,0.001,-0.678348,-0.678348,-0.678516,0.000685773,0,0.5
1783082160132142080,0.001,-0.678348,-0.678348,-0.678516,0.000685296,0,0.5
1783082160133142016,0.001,-0.678348,-0.678348,-0.678516,0.000684841,0,0.5
1783082160134141952,0.001,-0.678348,-0.678348,-0.678516,0.000684408,0,0.5
1783082160135141888,0.001,-0.678348,-0.678348,-0.678516,0.000683994,0,0.5
1783082160136141824,0.001,-0.678348,-0.678348,-0.678515,0.0006836,0,0.5
1783082160137141760,0.001,-0.678348,-0.678348,-0.678515,0.000683224,0,0.5
1783082160138141696,0.001,-0.678348,-0.678348,-0.678515,0.000682866,0,0.5
1783082160139141632,0.001,-0.678348,-0.678348,-0.678515,0.000682524,0,0.5
1783082160140141568,0.001,-0.678348,-0.678348,-0.678515,0.000682197,0,0.5
1783082160141141504,0.001,-0.678348,-0.678348,-0.678515,0.000681886,0,0.5
1783082160142141440,0.001,-0.678348,-0.678348,-0.678515,0.000681589,0,0.5
1783082160143141376,0.001,-0.678348,-0.678348,-0.678515,0.000681306,0,0.5
1783082160144141312,0.001,-0.678348,-0.678348,-0.678515,0.000681036,0,0.5
1783082160145141248,0.001,-0.678348,-0.678348,-0.678515,0.000680779,0,0.5
1783082160146141184,0.001,-0.678348,-0.678348,-0.678515,0.000680533,0,0.5
1783082160147141120,0.001,-0.678348,-0.678348,-0.678514,0.000680298,0,0.5
1783082160148141056,0.001,-0.678348,-0.678348,-0.678514,0.000680074,0,0.5
1783082160149140992,0.001,-0.678348,-0.678348,-0.678514,0.00067986,0,0.5
1783082160150140928,0.001,-0.678348,-0.678348,-0.678514,0.000679657,0,0.5
1783082160151140864,0.001,-0.678348,-0.678348,-0.678514,0.000679462,0,0.5
1783082160152140800,0.001,-0.678348,-0.678348,-0.678514,0.000679276,0,0.5
1783082160153140736,0.001,-0.678348,-0.678348,-0.678514,0.000679099,0,0.5
1783082160154140672,0.001,-0.678348,-0.678348,-0.678514,0.00067893,0,0.5
1783082160155140608,0.001,-0.678348,-0.678348,-0.678514,0.000678768,0,0.5
1783082160156140544,0.001,-0.678348,-0.678348,-0.678514,0.000678614,0,0.5
1783082160157140480,0.001,-0.678348,-0.678348,-0.678514,0.000678466,0,0.5
1783082160158140416,0.001,-0.678348,-0.678348,-0.678513,0.000678326,0,0.5
1783082160159140352,0.001,-0.678348,-0.678348,-0.678513,0.000678191,0,0.5
1783082160160140288,0.001,-0.678348,-0.678348,-0.678513,0.000678063,0,0.5
1783082160161140224,0.001,-0.678348,-0.678348,-0.678513,0.000677941,0,0.5
1783082160162140160,0.001,-0.678348,-0.678348,-0.678513,0.000677823,0,0.5
1783082160163140096,0.001,-0.678348,-0.678348,-0.678513,0.000677712,0,0.5
1783082160164140032,0.001,-0.678348,-0.678348,-0.678513,0.000677605,0,0.5
1783082160165139968,0.001,-0.678348,-0.678348,-0.678513,0.000677503,0,0.5
1783082160166139904,0.001,-0.678348,-0.678348,-0.678513,0.000677405,0,0.5
1783082160167139840,0.001,-0.678348,-0.678348,-0.678513,0.000677312,0,0.5
1783082160168139776,0.001,-0.678348,-0.678348,-0.678512,0.000677223,0,0.5
1783082160169139712,0.001,-0.678348,-0.678348,-0.678512,0.000677138,0,0.5
1783082160170139648,0.001,-0.678348,-0.678348,-0.678512,0.000677056,0,0.5
1783082160171139584,0.001,-0.678348,-0.678348,-0.678512,0.000676979,0,0.5
1783082160172139520,0.001,-0.678348,-0.678348,-0.678512,0.000676904,0,0.5
1783082160173139456,0.001,-0.678348,-0.678348,-0.678512,0.000676833,0,0.5
1783082160174139392,0.001,-0.678348,-0.678348,-0.678512,0.000676765,0,0.5
1783082160175139328,0.001,-0.678348,-0.678348,-0.678512,0.0006767,0,0.5
1783082160176139264,0.001,-0.678348,-0.678348,-0.678512,0.000676637,0,0.5
1783082160177139200,0.001,-0.678348,-0.678348,-0.678512,0.000676578,0,0.5
1783082160178139136,0.001,-0.678348,-0.678348,-0.678511,0.000676521,0,0.5
1783082160179139072,0.001,-0.678348,-0.678348,-0.678511,0.000676466,0,0.5
1783082160180139008,0.001,-0.678348,-0.678348,-0.678511,0.000676414,0,0.5
1783082160181138944,0.001,-0.678348,-0.678348,-0.678511,0.000676364,0,0.5
1783082160182138880,0.001,-0.678348,-0.678348,-0.678511,0.000676316,0,0.5
1783082160183138816,0.001,-0.678348,-0.678348,-0.678511,0.00067627,0,0.5
1783082160184138752,0.001,-0.678348,-0.678348,-0.678511,0.000676226,0,0.5
1783082160185138688,0.001,-0.678348,-0.678348,-0.678511,0.000676184,0,0.5
1783082160186138624,0.001,-0.678348,-0.678348,-0.678511,0.000676143,0,0.5
1783082160187138560,0.001,-0.678348,-0.678348,-0.678511,0.000676105,0,0.5
1783082160188138496,0.001,-0.678348,-0.678348,-0.67851,0.000676067,0,0.5
1783082160189138432,0.001,-0.678348,-0.678348,-0.67851,0.000676032,0,0.5
1783082160190138368,0.001,-0.678348,-0.678348,-0.67851,0.000675998,0,0.5
1783082160191138304,0.001,-0.678348,-0.678348,-0.67851,0.000675965,0,0.5
1783082160192138240,0.001,-0.678348,-0.678348,-0.67851,0.000675933,0,0.5
1783082160193138176,0.001,-0.678348,-0.678348,-0.67851,0.000675903,0,0.5
1783082160194138112,0.001,-0.678348,-0.678348,-0.67851,0.000675874,0,0.5
1783082160195138048,0.001,-0.678348,-0.678348,-0.67851,0.000675846,0,0.5
1783082160196137984,0.001,-0.678348,-0.678348,-0.67851,0.000675819,0,0.5
1783082160197137920,0.001,-0.678348,-0.678348,-0.67851,0.000675793,0,0.5
1783082160198137856,0.001,-0.678348,-0.678348,-0.678509,0.000675769,0,0.5
1783082160199137792,0.001,-0.678348,-0.678348,-0.678509,0.000675745,0,0.5
1783082160200137728,0.001,-0.678348,-0.678348,-0.678509,0.000675722,0,0.5
1783082160201137664,0.001,-0.678348,-0.678348,-0.678509,0.0006757,0,0.5
1783082160202137600,0.001,-0.678348,-0.678348,-0.678509,0.000675679,0,0.5
1783082160203137536,0.001,-0.678348,-0.678348,-0.678509,0.000675658,0,0.5
1783082160204137472,0.001,-0.678348,-0.678348,-0.678509,0.000675638,0,0.5
1783082160205137408,0.001,-0.678348,-0.678348,-0.678509,0.000675619,0,0.5
1783082160206137344,0.001,-0.678348,-0.678348,-0.678509,0.000675601,0,0.5
1783082160207137280,0.001,-0.678348,-0.678348,-0.678509,0.000675583,0,0.5
1783082160208137216,0.001,-0.678348,-0.678348,-0.678508,0.000675566,0,0.5
1783082160209137152,0.001,-0.678348,-0.678348,-0.678508,0.00067555,0,0.5
1783082160210137088,0.001,-0.678348,-0.678348,-0.678508,0.000675534,0,0.5
1783082160211137024,0.001,-0.678348,-0.678348,-0.678508,0.000675518,0,0.5
1783082160212136960,0.001,-0.678348,-0.678348,-0.678508,0.000675504,0,0.5
1783082160213136896,0.001,-0.678348,-0.678348,-0.678508,0.000675489,0,0.5
1783082160214136832,0.001,-0.678348,-0.678348,-0.678508,0.000675475,0,0.5
1783082160215136768,0.001,-0.678348,-0.678348,-0.678508,0.000675462,0,0.5
1783082160216136704,0.001,-0.678348,-0.678348,-0.678508,0.000675449,0,0.5
1783082160217136640,0.001,-0.678348,-0.678348,-0.678508,0.000675436,0,0.5
1783082160218136576,0.001,-0.678348,-0.678348,-0.678507,0.000675424,0,0.5
1783082160219136512,0.001,-0.678348,-0.678348,-0.678507,0.000675412,0,0.5
1783082160220136448,0.001,0,0,-0.678507,0.000691579,0,0.5
1783082160221136384,0.001,-0.678348,-0.678348,-0.678507,0.000690809,0,0.5
1783082160222136320,0.001,-0.678348,-0.678348,-0.678506,0.000690076,0,0.5
1783082160223136256,0.001,-0.678348,-0.678348,-0.678506,0.000689377,0,0.5
1783082160224136192,0.001,-0.678348,-0.678348,-0.678506,0.000688712,0,0.5
1783082160225136128,0.001,-0.678348,-0.678348,-0.678506,0.000688077,0,0.5
1783082160226136064,0.001,-0.678348,-0.678348,-0.678506,0.000687472,0,0.5
1783082160227136000,0.001,-0.678348,-0.678348,-0.678506,0.000686896,0,0.5
1783082160228135936,0.001,-0.678348,-0.678348,-0.678506,0.000686346,0,0.5
1783082160229135872,0.001,-0.678348,-0.678348,-0.678506,0.000685822,0,0.5
1783082160230135808,0.001,-0.678348,-0.678348,-0.678506,0.000685323,0,0.5
1783082160231135744,0.001,-0.678348,-0.678348,-0.678506,0.000684847,0,0.5
1783082160232135680,0.001,-0.678348,-0.678348,-0.678506,0.000684393,0,0.5
1783082160233135616,0.001,-0.678348,-0.678348,-0.678505,0.00068396,0,0.5
1783082160234135552,0.001,-0.678348,-0.678348,-0.678505,0.000683547,0,0.5
1783082160235135488,0.001,-0.678348,-0.678348,-0.678505,0.000683154,0,0.5
1783082160236135424,0.001,-0.678348,-0.678348,-0.678505,0.000682779,0,0.5
1783082160237135360,0.001,-0.678348,-0.678348,-0.678505,0.000682421,0,0.5
1783082160238135296,0.001,-0.678348,-0.678348,-0.678505,0.000682079,0,0.5
1783082160239135232,0.001,-0.678348,-0.678348,-0.678505,0.000681754,0,0.5
1783082160240135168,0.001,-0.678348,-0.678348,-0.678505,0.000681443,0,0.5
1783082160241135104,0.001,-0.678348,-0.678348,-0.678505,0.000681147,0,0.5
1783082160242135040,0.001,-0.678348,-0.678348,-0.678505,0.000680865,0,0.5
1783082160243134976,0.001,-0.678348,-0.678348,-0.678505,0.000680595,0,0.5
1783082160244134912,0.001,-0.678348,-0.678348,-0.678505,0.000680338,0,0.5
1783082160245134848,0.001,-0.678348,-0.678348,-0.678504,0.000680093,0,0.5
1783082160246134784,0.001,-0.678348,-0.678348,-0.678504,0.000679859,0,0.5
1783082160247134720,0.001,-0.678348,-0.678348,-0.678504,0.000679635,0,0.5
1783082160248134656,0.001,-0.678348,-0.678348,-0.678504,0.000679422,0,0.5
1783082160249134592,0.001,-0.678348,-0.678348,-0.678504,0.000679219,0,0.5
1783082160250134528,0.001,-0.678348,-0.678348,-0.678504,0.000679025,0,0.5
1783082160251134464,0.001,-0.678348,-0.678348,-0.678504,0.000678839,0,0.5
1783082160252134400,0.001,-0.678348,-0.678348,-0.678504,0.000678663,0,0.5
1783082160253134336,0.001,-0.678348,-0.678348,-0.678504,0.000678494,0,0.5
1783082160254134272,0.001,-0.678348,-0.678348,-0.678504,0.000678333,0,0.5
1783082160255134208,0.001,-0.678348,-0.678348,-0.678503,0.000678179,0,0.5
1783082160256134144,0.001,-0.678348,-0.678348,-0.678503,0.000678032,0,0.5
1783082160257134080,0.001,-0.678348,-0.678348,-0.678503,0.000677892,0,0.5
1783082160258134016,0.001,-0.678348,-0.678348,-0.678503,0.000677758,0,0.5
1783082160259133952,0.001,-0.678348,-0.678348,-0.678503,0.00067763,0,0.5
1783082160260133888,0.001,-0.678348,-0.678348,-0.678503,0.000677508,0,0.5
1783082160261133824,0.001,-0.678348,-0.678348,-0.678503,0.000677392,0,0.5
1783082160262133760,0.001,-0.678348,-0.678348,-0.678503,0.00067728,0,0.5
1783082160263133696,0.001,-0.678348,-0.678348,-0.678503,0.000677174,0,0.5
1783082160264133632,0.001,-0.678348,-0.678348,-0.678503,0.000677072,0,0.5
1783082160265133568,0.001,-0.678348,-0.678348,-0.678503,0.000676975,0,0.5
1783082160266133504,0.001,-0.678348,-0.678348,-0.678502,0.000676882,0,0.5
1783082160267133440,0.001,-0.678348,-0.678348,-0.678502,0.000676794,0,0.5
1783082160268133376,0.001,-0.678348,-0.678348,-0.678502,0.000676709,0,0.5
1783082160269133312,0.001,-0.678348,-0.678348,-0.678502,0.000676628,0,0.5
1783082160270133248,0.001,-0.678348,-0.678348,-0.678502,0.00067655,0,0.5
1783082160271133184,0.001,-0.678348,-0.678348,-0.678502,0.000676476,0,0.5
1783082160272133120,0.001,-0.678348,-0.678348,-0.678502,0.000676406,0,0.5
1783082160273133056,0.001,-0.678348,-0.678348,-0.678502,0.000676338,0,0.5
1783082160274132992,0.001,-0.678348,-0.678348,-0.678502,0.000676273,0,0.5
1783082160275132928,0.001,-0.678348,-0.678348,-0.678502,0.000676211,0,0.5
1783082160276132864,0.001,-0.678348,-0.678348,-0.678501,0.000676152,0,0.5
1783082160277132800,0.001,-0.678348,-0.678348,-0.678501,0.000676095,0,0.5
1783082160278132736,0.001,-0.678348,-0.678348,-0.678501,0.000676041,0,0.5
1783082160279132672,0.001,-0.678348,-0.678348,-0.678501,0.000675989,0,0.5
1783082160280132608,0.001,-0.678348,-0.678348,-0.678501,0.000675939,0,0.5
1783082160281132544,0.001,-0.678348,-0.678348,-0.678501,0.000675892,0,0.5
1783082160282132480,0.001,0,0,-0.6785,0.000692054,0,0.5
1783082160283132416,0.001,-0.678348,-0.678348,-0.6785,0.00069125,0,0.5
1783082160284132352,0.001,-0.678348,-0.678348,-0.6785,0.000690483,0,0.5
1783082160285132288,0.001,-0.678348,-0.678348,-0.6785,0.000689753,0,0.5
1783082160286132224,0.001,-0.678348,-0.678348,-0.6785,0.000689058,0,0.5
1783082160287132160,0.001,-0.678348,-0.678348,-0.6785,0.000688395,0,0.5
1783082160288132096,0.001,-0.678348,-0.678348,-0.6785,0.000687763,0,0.5
1783082160289132032,0.001,-0.678348,-0.678348,-0.6785,0.000687161,0,0.5
1783082160290131968,0.001,-0.678348,-0.678348,-0.6785,0.000686587,0,0.5
1783082160291131904,0.001,-0.678348,-0.678348,-0.6785,0.00068604,0,0.5
1783082160292131840,0.001,-0.678348,-0.678348,-0.6785,0.000685518,0,0.5
1783082160293131776,0.001,-0.678348,-0.678348,-0.678499,0.000685021,0,0.5
1783082160294131712,0.001,-0.678348,-0.678348,-0.678499,0.000684547,0,0.5
1783082160295131648,0.001,-0.678348,-0.678348,-0.678499,0.000684095,0,0.5
1783082160296131584,0.001,-0.678348,-0.678348,-0.678499,0.000683664,0,0.5
1783082160297131520,0.001,-0.678348,-0.678348,-0.678499,0.000683253,0,0.5
1783082160298131456,0.001,-0.678348,-0.678348,-0.678499,0.000682861,0,0.5
1783082160299131392,0.001,-0.678348,-0.678348,-0.678499,0.000682488,0,0.5
1783082160300131328,0.001,-0.678348,-0.678348,-0.678499,0.000682131,0,0.5
1783082160301131264,0.001,-0.678348,-0.678348,-0.678499,0.000681791,0,0.5
1783082160302131200,0.001,-0.678348,-0.678348,-0.678499,0.000681467,0,0.5
1783082160303131136,0.001,-0.678348,-0.678348,-0.678499,0.000681158,0,0.5
1783082160304131072,0.001,-0.678348,-0.678348,-0.678498,0.000680863,0,0.5
1783082160305131008,0.001,-0.678348,-0.678348,-0.678498,0.000680582,0,0.5
1783082160306130944,0.001,-0.678348,-0.678348,-0.678498,0.000680314,0,0.5
1783082160307130880,0.001,-0.678348,-0.678348,-0.678498,0.000680058,0,0.5
1783082160308130816,0.001,-0.678348,-0.678348,-0.678498,0.000679813,0,0.5
1783082160309130752,0.001,-0.678348,-0.678348,-0.678498,0.00067958,0,0.5
1783082160310130688,0.001,-0.678348,-0.678348,-0.678498,0.000679358,0,0.5
1783082160311130624,0.001,-0.678348,-0.678348,-0.678498,0.000679146,0,0.5
1783082160312130560,0.001,-0.678348,-0.678348,-0.678498,0.000678943,0,0.5
1783082160313130496,0.001,-0.678348,-0.678348,-0.678498,0.00067875,0,0.5
1783082160314130432,0.001,-0.678348,-0.678348,-0.678498,0.000678566,0,0.5
1783082160315130368,0.001,-0.678348,-0.678348,-0.678497,0.00067839,0,0.5
1783082160316130304,0.001,0,0,-0.678497,0.000694549,0,0.5
1783082160317130240,0.001,0,0,-0.678496,0.000710708,0,0.5
1783082160318130176,0.001,0,0,-0.678495,0.000726868,0,0.5
1783082160319130112,0.001,0,0,-0.678495,0.000743027,0,0.5
1783082160320130048,0.001,-0.678348,-0.678348,-0.678495,0.000739713,0,0.5
1783082160321129984,0.001,0,0,-0.678494,0.000755873,0,0.5
1783082160322129920,0.001,-0.678348,-0.678348,-0.678494,0.000751902,0,0.5
1783082160323129856,0.001,-0.678348,-0.678348,-0.678494,0.000748135,0,0.5
1783082160324129792,0.001,-0.678348,-0.678348,-0.678494,0.000744561,0,0.5
1783082160325129728,0.001,-0.678348,-0.678348,-0.678494,0.000741168,0,0.5
1783082160326129664,0.001,-0.678348,-0.678348,-0.678494,0.000737948,0,0.5
1783082160327129600,0.001,-0.678348,-0.678348,-0.678494,0.00073489,0,0.5
1783082160328129536,0.001,-0.678348,-0.678348,-0.678494,0.000731986,0,0.5
1783082160329129472,0.001,-0.678348,-0.678348,-0.678494,0.000729228,0,0.5
1783082160330129408,0.001,-0.678348,-0.678348,-0.678494,0.000726607,0,0.5
1783082160331129344,0.001,-0.678348,-0.678348,-0.678494,0.000724116,0,0.5
1783082160332129280,0.001,-0.678348,-0.678348,-0.678494,0.000721749,0,0.5
1783082160333129216,0.001,-0.678348,-0.678348,-0.678494,0.000719498,0,0.5
1783082160334129152,0.001,-0.678348,-0.678348,-0.678494,0.000717359,0,0.5
1783082160335129088,0.001,-0.678348,-0.678348,-0.678494,0.000715324,0,0.5
1783082160336129024,0.001,-0.678348,-0.678348,-0.678494,0.000713389,0,0.5
1783082160337128960,0.001,-0.678348,-0.678348,-0.678494,0.000711549,0,0.5
1783082160338128896,0.001,-0.678348,-0.678348,-0.678494,0.000709798,0,0.5
1783082160339128832,0.001,-0.678348,-0.678348,-0.678493,0.000708132,0,0.5
1783082160340128768,0.001,-0.678348,-0.678348,-0.678493,0.000706547,0,0.5
1783082160341128704,0.001,-0.678348,-0.678348,-0.678493,0.000705038,0,0.5
1783082160342128640,0.001,-0.678348,-0.678348,-0.678493,0.000703603,0,0.5
1783082160343128576,0.001,-0.678348,-0.678348,-0.678493,0.000702236,0,0.5
1783082160344128512,0.001,-0.678348,-0.678348,-0.678493,0.000700935,0,0.5
1783082160345128448,0.001,-0.678348,-0.678348,-0.678493,0.000699696,0,0.5
1783082160346128384,0.001,-0.678348,-0.678348,-0.678493,0.000698517,0,0.5
1783082160347128320,0.001,-0.678348,-0.678348,-0.678493,0.000697394,0,0.5
1783082160348128256,0.001,-0.678348,-0.678348,-0.678493,0.000696324,0,0.5
1783082160349128192,0.001,-0.678348,-0.678348,-0.678493,0.000695306,0,0.5
1783082160350128128,0.001,-0.678348,-0.678348,-0.678493,0.000694335,0,0.5
1783082160351128064,0.001,-0.678348,-0.678348,-0.678493,0.000693411,0,0.5
1783082160352128000,0.001,-0.678348,-0.678348,-0.678493,0.000692531,0,0.5
1783082160353127936,0.001,-0.678348,-0.678348,-0.678493,0.000691692,0,0.5
1783082160354127872,0.001,-0.678348,-0.678348,-0.678493,0.000690893,0,0.5
1783082160355127808,0.001,-0.678348,-0.678348,-0.678493,0.000690132,0,0.5
1783082160356127744,0.001,-0.678348,-0.678348,-0.678493,0.000689406,0,0.5
1783082160357127680,0.001,-0.678348,-0.678348,-0.678493,0.000688715,0,0.5
1783082160358127616,0.001,-0.678348,-0.678348,-0.678493,0.000688056,0,0.5
1783082160359127552,0.001,-0.678348,-0.678348,-0.678493,0.000687428,0,0.5
1783082160360127488,0.001,-0.678348,-0.678348,-0.678492,0.000686829,0,0.5
1783082160361127424,0.001,-0.678348,-0.678348,-0.678492,0.000686259,0,0.5
1783082160362127360,0.001,-0.678348,-0.678348,-0.678492,0.000685715,0,0.5
1783082160363127296,0.001,-0.678348,-0.678348,-0.678492,0.000685197,0,0.5
1783082160364127232,0.001,-0.678348,-0.678348,-0.678492,0.000684702,0,0.5
1783082160365127168,0.001,-0.678348,-0.678348,-0.678492,0.000684231,0,0.5
1783082160366127104,0.001,-0.678348,-0.678348,-0.678492,0.000683782,0,0.5
1783082160367127040,0.001,-0.678348,-0.678348,-0.678492,0.000683353,0,0.5
1783082160368126976,0.001,-0.678348,-0.678348,-0.678492,0.000682945,0,0.5
1783082160369126912,0.001,-0.678348,-0.678348,-0.678492,0.000682555,0,0.5
1783082160370126848,0.001,-0.678348,-0.678348,-0.678492,0.000682184,0,0.5
1783082160371126784,0.001,-0.678348,-0.678348,-0.678492,0.00068183,0,0.5
1783082160372126720,0.001,-0.678348,-0.678348,-0.678492,0.000681492,0,0.5
1783082160373126656,0.001,-0.678348,-0.678348,-0.678492,0.00068117,0,0.5
1783082160374126592,0.001,-0.678348,-0.678348,-0.678492,0.000680862,0,0.5
1783082160375126528,0.001,-0.678348,-0.678348,-0.678491,0.000680569,0,0.5
1783082160376126464,0.001,-0.678348,-0.678348,-0.678491,0.000680289,0,0.5
1783082160377126400,0.001,-0.678348,-0.678348,-0.678491,0.000680022,0,0.5
1783082160378126336,0.001,-0.678348,-0.678348,-0.678491,0.000679768,0,0.5
1783082160379126272,0.001,-0.678348,-0.678348,-0.678491,0.000679525,0,0.5
1783082160380126208,0.001,-0.678348,-0.678348,-0.678491,0.000679293,0,0.5
1783082160381126144,0.001,-0.678348,-0.678348,-0.678491,0.000679072,0,0.5
1783082160382126080,0.001,-0.678348,-0.678348,-0.678491,0.000678861,0,0.5
1783082160383126016,0.001,-0.678348,-0.678348,-0.678491,0.00067866,0,0.5
1783082160384125952,0.001,-0.678348,-0.678348,-0.678491,0.000678467,0,0.5
1783082160385125888,0.001,-0.678348,-0.678348,-0.678491,0.000678284,0,0.5
1783082160386125824,0.001,-0.678348,-0.678348,-0.678491,0.000678109,0,0.5
1783082160387125760,0.001,-0.678348,-0.678348,-0.678491,0.000677942,0,0.5
1783082160388125696,0.001,-0.678348,-0.678348,-0.67849,0.000677782,0,0.5
1783082160389125632,0.001,-0.678348,-0.678348,-0.67849,0.00067763,0,0.5
1783082160390125568,0.001,-0.678348,-0.678348,-0.67849,0.000677484,0,0.5
1783082160391125504,0.001,-0.678348,-0.678348,-0.67849,0.000677345,0,0.5
1783082160392125440,0.001,-0.678348,-0.678348,-0.67849,0.000677213,0,0.5
1783082160393125376,0.001,-0.678348,-0.678348,-0.67849,0.000677086,0,0.5
1783082160394125312,0.001,-0.678348,-0.678348,-0.67849,0.000676965,0,0.5
1783082160395125248,0.001,-0.678348,-0.678348,-0.67849,0.000676849,0,0.5
1783082160396125184,0.001,-0.678348,-0.678348,-0.67849,0.000676739,0,0.5
1783082160397125120,0.001,-0.678348,-0.678348,-0.67849,0.000676633,0,0.5
1783082160398125056,0.001,-0.678348,-0.678348,-0.67849,0.000676533,0,0.5
1783082160399124992,0.001,-0.678348,-0.678348,-0.67849,0.000676436,0,0.5
1783082160400124928,0.001,-0.678348,-0.678348,-0.67849,0.000676344,0,0.5
1783082160401124864,0.001,-0.678348,-0.678348,-0.678489,0.000676257,0,0.5
1783082160402124800,0.001,-0.678348,-0.678348,-0.678489,0.000676172,0,0.5
1783082160403124736,0.001,-0.678348,-0.678348,-0.678489,0.000676092,0,0.5
1783082160404124672,0.001,-0.678348,-0.678348,-0.678489,0.000676015,0,0.5
1783082160405124608,0.001,-0.678348,-0.678348,-0.678489,0.000675942,0,0.5
1783082160406124544,0.001,-0.678348,-0.678348,-0.678489,0.000675872,0,0.5
1783082160407124480,0.001,-0.678348,-0.678348,-0.678489,0.000675804,0,0.5
1783082160408124416,0.001,0,0,-0.678488,0.000691957,0,0.5
1783082160409124352,0.001,0,0,-0.678488,0.000708109,0,0.5
1783082160410124288,0.001,0,0,-0.678487,0.000724262,0,0.5
1783082160411124224,0.001,0,0,-0.678486,0.000740414,0,0.5
1783082160412124160,0.001,0,0,-0.678485,0.000756566,0,0.5
1783082160413124096,0.001,0,0,-0.678485,0.000772719,0,0.5
1783082160414124032,0.001,0,0,-0.678484,0.000788871,0,0.5
1783082160415123968,0.001,0,0,-0.678483,0.000805023,0,0.5
1783082160416123904,0.001,0,0,-0.678482,0.000821176,0,0.5
1783082160417123840,0.001,0,0,-0.678481,0.000837328,0,0.5
1783082160418123776,0.001,0,0,-0.678481,0.00085348,0,0.5
1783082160419123712,0.001,0,0,-0.67848,0.000869633,0,0.5
1783082160420123648,0.001,0,0,-0.678479,0.000885785,0,0.5
1783082160421123584,0.001,-0.678348,-0.678348,-0.678479,0.000874551,0,0.5
1783082160422123520,0.001,0,0,-0.678478,0.000890703,0,0.5
1783082160423123456,0.001,-0.678348,-0.678348,-0.678478,0.000879174,0,0.5
1783082160424123392,0.001,-0.678348,-0.678348,-0.678479,0.000868334,0,0.5
1783082160425123328,0.001,-0.678348,-0.678348,-0.678479,0.000858135,0,0.5
1783082160426123264,0.001,-0.678348,-0.678348,-0.678479,0.000848533,0,0.5
1783082160427123200,0.001,-0.678348,-0.678348,-0.678479,0.000839486,0,0.5
1783082160428123136,0.001,-0.678348,-0.678348,-0.678479,0.000830957,0,0.5
1783082160429123072,0.001,-0.678348,-0.678348,-0.67848,0.000822911,0,0.5
1783082160430123008,0.001,-0.678348,-0.678348,-0.67848,0.000815317,0,0.5
1783082160431122944,0.001,-0.678348,-0.678348,-0.67848,0.000808145,0,0.5
1783082160432122880,0.001,-0.678348,-0.678348,-0.67848,0.00080137,0,0.5
1783082160433122816,0.001,-0.678348,-0.678348,-0.67848,0.000794964,0,0.5
1783082160434122752,0.001,-0.678348,-0.678348,-0.67848,0.000788907,0,0.5
1783082160435122688,0.001,-0.678348,-0.678348,-0.67848,0.000783176,0,0.5
1783082160436122624,0.001,-0.678348,-0.678348,-0.678481,0.000777752,0,0.5
1783082160437122560,0.001,-0.678348,-0.678348,-0.678481,0.000772617,0,0.5
1783082160438122496,0.001,-0.678348,-0.678348,-0.678481,0.000767752,0,0.5
1783082160439122432,0.001,-0.678348,-0.678348,-0.678481,0.000763143,0,0.5
1783082160440122368,0.001,-0.678348,-0.678348,-0.678481,0.000758774,0,0.5
1783082160441122304,0.001,-0.678348,-0.678348,-0.678481,0.000754633,0,0.5
1783082160442122240,0.001,-0.678348,-0.678348,-0.678481,0.000750704,0,0.5
1783082160443122176,0.001,-0.678348,-0.678348,-0.678481,0.000746978,0,0.5
1783082160444122112,0.001,-0.678348,-0.678348,-0.678481,0.000743442,0,0.5
1783082160445122048,0.001,-0.678348,-0.678348,-0.678481,0.000740086,0,0.5
1783082160446121984,0.001,-0.678348,-0.678348,-0.678481,0.0007369,0,0.5
1783082160447121920,0.001,-0.678348,-0.678348,-0.678481,0.000733875,0,0.5
1783082160448121856,0.001,-0.678348,-0.678348,-0.678481,0.000731002,0,0.5
1783082160449121792,0.001,-0.678348,-0.678348,-0.678481,0.000728272,0,0.5
1783082160450121728,0.001,-0.678348,-0.678348,-0.678481,0.000725678,0,0.5
1783082160451121664,0.001,-0.678348,-0.678348,-0.678482,0.000723214,0,0.5
1783082160452121600,0.001,-0.678348,-0.678348,-0.678482,0.000720871,0,0.5
1783082160453121536,0.001,-0.678348,-0.678348,-0.678482,0.000718644,0,0.5
1783082160454121472,0.001,-0.678348,-0.678348,-0.678482,0.000716526,0,0.5
1783082160455121408,0.001,-0.678348,-0.678348,-0.678482,0.000714513,0,0.5
1783082160456121344,0.001,-0.678348,-0.678348,-0.678482,0.000712597,0,0.5
1783082160457121280,0.001,-0.678348,-0.678348,-0.678482,0.000710776,0,0.5
1783082160458121216,0.001,-0.678348,-0.678348,-0.678482,0.000709042,0,0.5
1783082160459121152,0.001,-0.678348,-0.678348,-0.678482,0.000707393,0,0.5
1783082160460121088,0.001,-0.678348,-0.678348,-0.678482,0.000705824,0,0.5
1783082160461121024,0.001,-0.678348,-0.678348,-0.678482,0.000704331,0,0.5
1783082160462120960,0.001,-0.678348,-0.678348,-0.678482,0.000702909,0,0.5
1783082160463120896,0.001,-0.678348,-0.678348,-0.678482,0.000701556,0,0.5
1783082160464120832,0.001,-0.678348,-0.678348,-0.678482,0.000700268,0,0.5
1783082160465120768,0.001,-0.678348,-0.678348,-0.678482,0.000699042,0,0.5
1783082160466120704,0.001,-0.678348,-0.678348,-0.678482,0.000697874,0,0.5
1783082160467120640,0.001,-0.678348,-0.678348,-0.678482,0.000696762,0,0.5
1783082160468120576,0.001,-0.678348,-0.678348,-0.678482,0.000695703,0,0.5
1783082160469120512,0.001,-0.678348,-0.678348,-0.678482,0.000694694,0,0.5
1783082160470120448,0.001,-0.678348,-0.678348,-0.678482,0.000693733,0,0.5
1783082160471120384,0.001,-0.678348,-0.678348,-0.678482,0.000692818,0,0.5
1783082160472120320,0.001,-0.678348,-0.678348,-0.678482,0.000691946,0,0.5
1783082160473120256,0.001,-0.678348,-0.678348,-0.678482,0.000691115,0,0.5
1783082160474120192,0.001,-0.678348,-0.678348,-0.678482,0.000690324,0,0.5
1783082160475120128,0.001,-0.678348,-0.678348,-0.678482,0.000689569,0,0.5
1783082160476120064,0.001,-0.678348,-0.678348,-0.678481,0.000688851,0,0.5
1783082160477120000,0.001,-0.678348,-0.678348,-0.678481,0.000688166,0,0.5
1783082160478119936,0.001,-0.678348,-0.678348,-0.678481,0.000687513,0,0.5
1783082160479119872,0.001,-0.678348,-0.678348,-0.678481,0.000686891,0,0.5
1783082160480119808,0.001,-0.678348,-0.678348,-0.678481,0.000686297,0,0.5
1783082160481119744,0.001,-0.678348,-0.678348,-0.678481,0.000685732,0,0.5
1783082160482119680,0.001,-0.678348,-0.678348,-0.678481,0.000685193,0,0.5
1783082160483119616,0.001,-0.678348,-0.678348,-0.678481,0.000684679,0,0.5
1783082160484119552,0.001,-0.678348,-0.678348,-0.678481,0.00068419,0,0.5
1783082160485119488,0.001,-0.678348,-0.678348,-0.678481,0.000683723,0,0.5
1783082160486119424,0.001,-0.678348,-0.678348,-0.678481,0.000683277,0,0.5
1783082160487119360,0.001,-0.678348,-0.678348,-0.678481,0.000682853,0,0.5
1783082160488119296,0.001,-0.678348,-0.678348,-0.678481,0.000682448,0,0.5
1783082160489119232,0.001,-0.678348,-0.678348,-0.678481,0.000682061,0,0.5
1783082160490119168,0.001,-0.678348,-0.678348,-0.678481,0.000681693,0,0.5
1783082160491119104,0.001,-0.678348,-0.678348,-0.678481,0.000681342,0,0.5
1783082160492119040,0.001,-0.678348,-0.678348,-0.678481,0.000681007,0,0.5
1783082160493118976,0.001,-0.678348,-0.678348,-0.678481,0.000680687,0,0.5
1783082160494118912,0.001,-0.678348,-0.678348,-0.678481,0.000680382,0,0.5
1783082160495118848,0.001,-0.678348,-0.678348,-0.678481,0.000680091,0,0.5
1783082160496118784,0.001,-0.678348,-0.678348,-0.678481,0.000679814,0,0.5
1783082160497118720,0.001,-0.678348,-0.678348,-0.678481,0.000679549,0,0.5
1783082160498118656,0.001,-0.678348,-0.678348,-0.678481,0.000679296,0,0.5
1783082160499118592,0.001,-0.678348,-0.678348,-0.678481,0.000679055,0,0.5
1783082160500118528,0.001,-0.678348,-0.678348,-0.67848,0.000678825,0,0.5
1783082160501118464,0.001,-0.678348,-0.678348,-0.67848,0.000678606,0,0.5
1783082160502118400,0.001,-0.678348,-0.678348,-0.67848,0.000678396,0,0.5
1783082160503118336,0.001,-0.678348,-0.678348,-0.67848,0.000678196,0,0.5
1783082160504118272,0.001,-0.678348,-0.678348,-0.67848,0.000678005,0,0.5
1783082160505118208,0.001,-0.678348,-0.678348,-0.67848,0.000677823,0,0.5
1783082160506118144,0.001,-0.678348,-0.678348,-0.67848,0.000677649,0,0.5
1783082160507118080,0.001,-0.678348,-0.678348,-0.67848,0.000677483,0,0.5
1783082160508118016,0.001,-0.678348,-0.678348,-0.67848,0.000677324,0,0.5
1783082160509117952,0.001,-0.678348,-0.678348,-0.67848,0.000677173,0,0.5
1783082160510117888,0.001,-0.678348,-0.678348,-0.67848,0.000677028,0,0.5
1783082160511117824,0.001,-0.678348,-0.678348,-0.67848,0.00067689,0,0.5
1783082160512117760,0.001,-0.678348,-0.678348,-0.67848,0.000676758,0,0.5
1783082160513117696,0.001,-0.678348,-0.678348,-0.67848,0.000676632,0,0.5
1783082160514117632,0.001,-0.678348,-0.678348,-0.67848,0.000676512,0,0.5
1783082160515117568,0.001,-0.678348,-0.678348,-0.67848,0.000676397,0,0.5
1783082160516117504,0.001,-0.678348,-0.678348,-0.678479,0.000676287,0,0.5
1783082160517117440,0.001,-0.678348,-0.678348,-0.678479,0.000676182,0,0.5
1783082160518117376,0.001,0,0,-0.678479,0.000692326,0,0.5
1783082160519117312,0.001,0,0,-0.678478,0.00070847,0,0.5
1783082160520117248,0.001,0,0,-0.678477,0.000724614,0,0.5
1783082160521117184,0.001,0,0,-0.678477,0.000740758,0,0.5
1783082160522117120,0.001,-0.678348,-0.678348,-0.678477,0.000737522,0,0.5
1783082160523117056,0.001,0,0,-0.678476,0.000753665,0,0.5
1783082160524116992,0.001,-0.678348,-0.678348,-0.678476,0.000749769,0,0.5
1783082160525116928,0.001,-0.678348,-0.678348,-0.678476,0.000746072,0,0.5
1783082160526116864,0.001,-0.678348,-0.678348,-0.678476,0.000742565,0,0.5
1783082160527116800,0.001,-0.678348,-0.678348,-0.678476,0.000739235,0,0.5
1783082160528116736,0.001,-0.678348,-0.678348,-0.678476,0.000736074,0,0.5
1783082160529116672,0.001,-0.678348,-0.678348,-0.678476,0.000733073,0,0.5
1783082160530116608,0.001,-0.678348,-0.678348,-0.678476,0.000730221,0,0.5
1783082160531116544,0.001,-0.678348,-0.678348,-0.678476,0.000727513,0,0.5
1783082160532116480,0.001,-0.678348,-0.678348,-0.678476,0.000724939,0,0.5
1783082160533116416,0.001,-0.678348,-0.678348,-0.678476,0.000722494,0,0.5
1783082160534116352,0.001,-0.678348,-0.678348,-0.678476,0.000720169,0,0.5
1783082160535116288,0.001,-0.678348,-0.678348,-0.678476,0.000717959,0,0.5
1783082160536116224,0.001,-0.678348,-0.678348,-0.678476,0.000715857,0,0.5
1783082160537116160,0.001,-0.678348,-0.678348,-0.678476,0.000713859,0,0.5
1783082160538116096,0.001,-0.678348,-0.678348,-0.678476,0.000711958,0,0.5
1783082160539116032,0.001,-0.678348,-0.678348,-0.678476,0.00071015,0,0.5
1783082160540115968,0.001,-0.678348,-0.678348,-0.678476,0.00070843,0,0.5
1783082160541115904,0.001,-0.678348,-0.678348,-0.678476,0.000706793,0,0.5
1783082160542115840,0.001,-0.678348,-0.678348,-0.678476,0.000705236,0,0.5
1783082160543115776,0.001,-0.678348,-0.678348,-0.678476,0.000703753,0,0.5
1783082160544115712,0.001,-0.678348,-0.678348,-0.678476,0.000702342,0,0.5
1783082160545115648,0.001,-0.678348,-0.678348,-0.678476,0.000700999,0,0.5
1783082160546115584,0.001,-0.678348,-0.678348,-0.678476,0.000699721,0,0.5
1783082160547115520,0.001,-0.678348,-0.678348,-0.678476,0.000698503,0,0.5
1783082160548115456,0.001,-0.678348,-0.678348,-0.678476,0.000697344,0,0.5
1783082160549115392,0.001,-0.678348,-0.678348,-0.678476,0.00069624,0,0.5
1783082160550115328,0.001,-0.678348,-0.678348,-0.678476,0.000695189,0,0.5
1783082160551115264,0.001,-0.678348,-0.678348,-0.678476,0.000694188,0,0.5
1783082160552115200,0.001,-0.678348,-0.678348,-0.678476,0.000693234,0,0.5
1783082160553115136,0.001,-0.678348,-0.678348,-0.678475,0.000692325,0,0.5
1783082160554115072,0.001,-0.678348,-0.678348,-0.678475,0.00069146,0,0.5
1783082160555115008,0.001,-0.678348,-0.678348,-0.678475,0.000690635,0,0.5
1783082160556114944,0.001,-0.678348,-0.678348,-0.678475,0.000689849,0,0.5
1783082160557114880,0.001,-0.678348,-0.678348,-0.678475,0.000689101,0,0.5
1783082160558114816,0.001,-0.678348,-0.678348,-0.678475,0.000688387,0,0.5
1783082160559114752,0.001,-0.678348,-0.678348,-0.678475,0.000687707,0,0.5
1783082160560114688,0.001,-0.678348,-0.678348,-0.678475,0.000687059,0,0.5
1783082160561114624,0.001,-0.678348,-0.678348,-0.678475,0.000686442,0,0.5
1783082160562114560,0.001,-0.678348,-0.678348,-0.678475,0.000685853,0,0.5
1783082160563114496,0.001,-0.678348,-0.678348,-0.678475,0.000685292,0,0.5
1783082160564114432,0.001,-0.678348,-0.678348,-0.678475,0.000684757,0,0.5
1783082160565114368,0.001,-0.678348,-0.678348,-0.678475,0.000684247,0,0.5
1783082160566114304,0.001,-0.678348,-0.678348,-0.678475,0.000683761,0,0.5
1783082160567114240,0.001,-0.678348,-0.678348,-0.678475,0.000683297,0,0.5
1783082160568114176,0.001,-0.678348,-0.678348,-0.678475,0.000682855,0,0.5
1783082160569114112,0.001,-0.678348,-0.678348,-0.678475,0.000682434,0,0.5
1783082160570114048,0.001,-0.678348,-0.678348,-0.678475,0.000682032,0,0.5
1783082160571113984,0.001,-0.678348,-0.678348,-0.678475,0.000681649,0,0.5
1783082160572113920,0.001,-0.678348,-0.678348,-0.678475,0.000681283,0,0.5
1783082160573113856,0.001,-0.678348,-0.678348,-0.678475,0.000680935,0,0.5
1783082160574113792,0.001,-0.678348,-0.678348,-0.678474,0.000680602,0,0.5
1783082160575113728,0.001,-0.678348,-0.678348,-0.678474,0.000680285,0,0.5
1783082160576113664,0.001,-0.678348,-0.678348,-0.678474,0.000679983,0,0.5
1783082160577113600,0.001,-0.678348,-0.678348,-0.678474,0.000679694,0,0.5
1783082160578113536,0.001,-0.678348,-0.678348,-0.678474,0.000679419,0,0.5
1783082160579113472,0.001,-0.678348,-0.678348,-0.678474,0.000679156,0,0.5
1783082160580113408,0.001,-0.678348,-0.678348,-0.678474,0.000678905,0,0.5
1783082160581113344,0.001,-0.678348,-0.678348,-0.678474,0.000678666,0,0.5
1783082160582113280,0.001,-0.678348,-0.678348,-0.678474,0.000678438,0,0.5
1783082160583113216,0.001,-0.678348,-0.678348,-0.678474,0.00067822,0,0.5
1783082160584113152,0.001,-0.678348,-0.678348,-0.678474,0.000678013,0,0.5
1783082160585113088,0.001,-0.678348,-0.678348,-0.678474,0.000677814,0,0.5
1783082160586113024,0.001,-0.678348,-0.678348,-0.678474,0.000677625,0,0.5
1783082160587112960,0.001,-0.678348,-0.678348,-0.678474,0.000677444,0,0.5
1783082160588112896,0.001,-0.678348,-0.678348,-0.678474,0.000677272,0,0.5
1783082160589112832,0.001,-0.678348,-0.678348,-0.678474,0.000677107,0,0.5
1783082160590112768,0.001,-0.678348,-0.678348,-0.678474,0.00067695,0,0.5
1783082160591112704,0.001,-0.678348,-0.678348,-0.678473,0.0006768,0,0.5
1783082160592112640,0.001,-0.678348,-0.678348,-0.678473,0.000676657,0,0.5
1783082160593112576,0.001,-0.678348,-0.678348,-0.678473,0.00067652,0,0.5
1783082160594112512,0.001,-0.678348,-0.678348,-0.678473,0.000676389,0,0.5
1783082160595112448,0.001,-0.678348,-0.678348,-0.678473,0.000676264,0,0.5
1783082160596112384,0.001,-0.678348,-0.678348,-0.678473,0.000676145,0,0.5
1783082160597112320,0.001,-0.678348,-0.678348,-0.678473,0.000676031,0,0.5
1783082160598112256,0.001,-0.678348,-0.678348,-0.678473,0.000675922,0,0.5
1783082160599112192,0.001,-0.678348,-0.678348,-0.678473,0.000675818,0,0.5
1783082160600112128,0.001,-0.678348,-0.678348,-0.678473,0.000675719,0,0.5
1783082160601112064,0.001,-0.678348,-0.678348,-0.678473,0.000675624,0,0.5
1783082160602112000,0.001,-0.678348,-0.678348,-0.678473,0.000675534,0,0.5
1783082160603111936,0.001,-0.678348,-0.678348,-0.678473,0.000675447,0,0.5
1783082160604111872,0.001,-0.678348,-0.678348,-0.678473,0.000675364,0,0.5
1783082160605111808,0.001,-0.678348,-0.678348,-0.678472,0.000675285,0,0.5
1783082160606111744,0.001,-0.678348,-0.678348,-0.678472,0.000675209,0,0.5
1783082160607111680,0.001,-0.678348,-0.678348,-0.678472,0.000675137,0,0.5
1783082160608111616,0.001,-0.678348,-0.678348,-0.678472,0.000675067,0,0.5
1783082160609111552,0.001,-0.678348,-0.678348,-0.678472,0.000675001,0,0.5
1783082160610111488,0.001,-0.678348,-0.678348,-0.678472,0.000674938,0,0.5
1783082160611111424,0.001,-0.678348,-0.678348,-0.678472,0.000674877,0,0.5
1783082160612111360,0.001,-0.678348,-0.678348,-0.678472,0.000674819,0,0.5
1783082160613111296,0.001,-0.678348,-0.678348,-0.678472,0.000674763,0,0.5
1783082160614111232,0.001,-0.678348,-0.678348,-0.678472,0.00067471,0,0.5
1783082160615111168,0.001,-0.678348,-0.678348,-0.678472,0.000674659,0,0.5
1783082160616111104,0.001,-0.678348,-0.678348,-0.678472,0.00067461,0,0.5
1783082160617111040,0.001,-0.678348,-0.678348,-0.678472,0.000674564,0,0.5
1783082160618110976,0.001,-0.678348,-0.678348,-0.678472,0.000674519,0,0.5
1783082160619110912,0.001,-0.678348,-0.678348,-0.678471,0.000674476,0,0.5
1783082160620110848,0.001,0,0,-0.678471,0.000690612,0,0.5
1783082160621110784,0.001,0,0,-0.67847,0.000706749,0,0.5
1783082160622110720,0.001,0,0,-0.678469,0.000722885,0,0.5
1783082160623110656,0.001,-0.678348,-0.678348,-0.678469,0.000720522,0,0.5
1783082160624110592,0.001,0,0,-0.678469,0.000736658,0,0.5
1783082160625110528,0.001,-0.678348,-0.678348,-0.678469,0.000733606,0,0.5
1783082160626110464,0.001,-0.678348,-0.678348,-0.678469,0.000730708,0,0.5
1783082160627110400,0.001,-0.678348,-0.678348,-0.678469,0.000727955,0,0.5
1783082160628110336,0.001,-0.678348,-0.678348,-0.678469,0.000725339,0,0.5
1783082160629110272,0.001,-0.678348,-0.678348,-0.678469,0.000722853,0,0.5
1783082160630110208,0.001,-0.678348,-0.678348,-0.678469,0.00072049,0,0.5
1783082160631110144,0.001,-0.678348,-0.678348,-0.678469,0.000718244,0,0.5
1783082160632110080,0.001,-0.678348,-0.678348,-0.678468,0.000716108,0,0.5
1783082160633110016,0.001,-0.678348,-0.678348,-0.678468,0.000714078,0,0.5
1783082160634109952,0.001,-0.678348,-0.678348,-0.678468,0.000712146,0,0.5
1783082160635109888,0.001,-0.678348,-0.678348,-0.678468,0.000710309,0,0.5
1783082160636109824,0.001,-0.678348,-0.678348,-0.678468,0.000708561,0,0.5
1783082160637109760,0.001,-0.678348,-0.678348,-0.678468,0.000706899,0,0.5
1783082160638109696,0.001,-0.678348,-0.678348,-0.678468,0.000705316,0,0.5
1783082160639109632,0.001,-0.678348,-0.678348,-0.678468,0.000703811,0,0.5
1783082160640109568,0.001,-0.678348,-0.678348,-0.678468,0.000702377,0,0.5
1783082160641109504,0.001,-0.678348,-0.678348,-0.678468,0.000701013,0,0.5
1783082160642109440,0.001,-0.678348,-0.678348,-0.678468,0.000699714,0,0.5
1783082160643109376,0.001,-0.678348,-0.678348,-0.678468,0.000698478,0,0.5
1783082160644109312,0.001,-0.678348,-0.678348,-0.678468,0.000697301,0,0.5
1783082160645109248,0.001,-0.678348,-0.678348,-0.678468,0.00069618,0,0.5
1783082160646109184,0.001,-0.678348,-0.678348,-0.678468,0.000695112,0,0.5
1783082160647109120,0.001,-0.678348,-0.678348,-0.678468,0.000694095,0,0.5
1783082160648109056,0.001,-0.678348,-0.678348,-0.678468,0.000693127,0,0.5
1783082160649108992,0.001,-0.678348,-0.678348,-0.678468,0.000692204,0,0.5
1783082160650108928,0.001,-0.678348,-0.678348,-0.678468,0.000691325,0,0.5
1783082160651108864,0.001,-0.678348,-0.678348,-0.678468,0.000690488,0,0.5
1783082160652108800,0.001,-0.678348,-0.678348,-0.678468,0.00068969,0,0.5
1783082160653108736,0.001,-0.678348,-0.678348,-0.678468,0.00068893,0,0.5
1783082160654108672,0.001,-0.678348,-0.678348,-0.678468,0.000688206,0,0.5
1783082160655108608,0.001,-0.678348,-0.678348,-0.678468,0.000687516,0,0.5
1783082160656108544,0.001,-0.678348,-0.678348,-0.678468,0.000686858,0,0.5
1783082160657108480,0.001,-0.678348,-0.678348,-0.678468,0.000686231,0,0.5
1783082160658108416,0.001,-0.678348,-0.678348,-0.678468,0.000685634,0,0.5
1783082160659108352,0.001,-0.678348,-0.678348,-0.678467,0.000685064,0,0.5
1783082160660108288,0.001,-0.678348,-0.678348,-0.678467,0.000684521,0,0.5
1783082160661108224,0.001,-0.678348,-0.678348,-0.678467,0.000684004,0,0.5
1783082160662108160,0.001,-0.678348,-0.678348,-0.678467,0.00068351,0,0.5
1783082160663108096,0.001,-0.678348,-0.678348,-0.678467,0.00068304,0,0.5
1783082160664108032,0.001,-0.678348,-0.678348,-0.678467,0.000682591,0,0.5
1783082160665107968,0.001,-0.678348,-0.678348,-0.678467,0.000682164,0,0.5
1783082160666107904,0.001,-0.678348,-0.678348,-0.678467,0.000681756,0,0.5
1783082160667107840,0.001,-0.678348,-0.678348,-0.678467,0.000681367,0,0.5
1783082160668107776,0.001,-0.678348,-0.678348,-0.678467,0.000680996,0,0.5
1783082160669107712,0.001,-0.678348,-0.678348,-0.678467,0.000680643,0,0.5
1783082160670107648,0.001,-0.678348,-0.678348,-0.678467,0.000680305,0,0.5
1783082160671107584,0.001,-0.678348,-0.678348,-0.678467,0.000679984,0,0.5
1783082160672107520,0.001,-0.678348,-0.678348,-0.678467,0.000679677,0,0.5
1783082160673107456,0.001,-0.678348,-0.678348,-0.678467,0.000679384,0,0.5
1783082160674107392,0.001,-0.678348,-0.678348,-0.678467,0.000679105,0,0.5
1783082160675107328,0.001,-0.678348,-0.678348,-0.678467,0.000678839,0,0.5
1783082160676107264,0.001,-0.678348,-0.678348,-0.678466,0.000678585,0,0.5
1783082160677107200,0.001,-0.678348,-0.678348,-0.678466,0.000678342,0,0.5
1783082160678107136,0.001,-0.678348,-0.678348,-0.678466,0.000678111,0,0.5
1783082160679107072,0.001,-0.678348,-0.678348,-0.678466,0.00067789,0,0.5
1783082160680107008,0.001,-0.678348,-0.678348,-0.678466,0.000677679,0,0.5
1783082160681106944,0.001,-0.678348,-0.678348,-0.678466,0.000677478,0,0.5
1783082160682106880,0.001,-0.678348,-0.678348,-0.678466,0.000677287,0,0.5
1783082160683106816,0.001,-0.678348,-0.678348,-0.678466,0.000677104,0,0.5
1783082160684106752,0.001,-0.678348,-0.678348,-0.678466,0.000676929,0,0.5
1783082160685106688,0.001,-0.678348,-0.678348,-0.678466,0.000676762,0,0.5
1783082160686106624,0.001,-0.678348,-0.678348,-0.678466,0.000676603,0,0.5
1783082160687106560,0.001,-0.678348,-0.678348,-0.678466,0.000676451,0,0.5
1783082160688106496,0.001,-0.678348,-0.678348,-0.678466,0.000676306,0,0.5
1783082160689106432,0.001,-0.678348,-0.678348,-0.678466,0.000676167,0,0.5
1783082160690106368,0.001,-0.678348,-0.678348,-0.678466,0.000676035,0,0.5
1783082160691106304,0.001,-0.678348,-0.678348,-0.678465,0.000675908,0,0.5
1783082160692106240,0.001,-0.678348,-0.678348,-0.678465,0.000675788,0,0.5
1783082160693106176,0.001,-0.678348,-0.678348,-0.678465,0.000675672,0,0.5
1783082160694106112,0.001,-0.678348,-0.678348,-0.678465,0.000675562,0,0.5
1783082160695106048,0.001,-0.678348,-0.678348,-0.678465,0.000675457,0,0.5
1783082160696105984,0.001,-0.678348,-0.678348,-0.678465,0.000675356,0,0.5
1783082160697105920,0.001,-0.678348,-0.678348,-0.678465,0.00067526,0,0.5
1783082160698105856,0.001,-0.678348,-0.678348,-0.678465,0.000675169,0,0.5
1783082160699105792,0.001,-0.678348,-0.678348,-0.678465,0.000675081,0,0.5
1783082160700105728,0.001,-0.678348,-0.678348,-0.678465,0.000674997,0,0.5
1783082160701105664,0.001,-0.678348,-0.678348,-0.678465,0.000674917,0,0.5
1783082160702105600,0.001,-0.678348,-0.678348,-0.678465,0.000674841,0,0.5
1783082160703105536,0.001,-0.678348,-0.678348,-0.678465,0.000674767,0,0.5
1783082160704105472,0.001,-0.678348,-0.678348,-0.678465,0.000674697,0,0.5
1783082160705105408,0.001,-0.678348,-0.678348,-0.678465,0.00067463,0,0.5
1783082160706105344,0.001,-0.678348,-0.678348,-0.678464,0.000674566,0,0.5
1783082160707105280,0.001,-0.678348,-0.678348,-0.678464,0.000674505,0,0.5
1783082160708105216,0.001,-0.678348,-0.678348,-0.678464,0.000674446,0,0.5
1783082160709105152,0.001,-0.678348,-0.678348,-0.678464,0.00067439,0,0.5
1783082160710105088,0.001,-0.678348,-0.678348,-0.678464,0.000674337,0,0.5
1783082160711105024,0.001,-0.678348,-0.678348,-0.678464,0.000674285,0,0.5
1783082160712104960,0.001,-0.678348,-0.678348,-0.678464,0.000674236,0,0.5
1783082160713104896,0.001,-0.678348,-0.678348,-0.678464,0.000674189,0,0.5
1783082160714104832,0.001,-0.678348,-0.678348,-0.678464,0.000674144,0,0.5
1783082160715104768,0.001,-0.678348,-0.678348,-0.678464,0.000674101,0,0.5
1783082160716104704,0.001,-0.678348,-0.678348,-0.678464,0.000674059,0,0.5
1783082160717104640,0.001,-0.678348,-0.678348,-0.678464,0.000674019,0,0.5
1783082160718104576,0.001,-0.678348,-0.678348,-0.678464,0.000673981,0,0.5
1783082160719104512,0.001,-0.678348,-0.678348,-0.678464,0.000673945,0,0.5
1783082160720104448,0.001,-0.678348,-0.678348,-0.678463,0.00067391,0,0.5
1783082160721104384,0.001,-0.678348,-0.678348,-0.678463,0.000673876,0,0.5
1783082160722104320,0.001,-0.678348,-0.678348,-0.678463,0.000673844,0,0.5
1783082160723104256,0.001,-0.678348,-0.678348,-0.678463,0.000673813,0,0.5
1783082160724104192,0.001,-0.678348,-0.678348,-0.678463,0.000673784,0,0.5
1783082160725104128,0.001,0,0,-0.678462,0.000689912,0,0.5
1783082160726104064,0.001,-0.678348,-0.678348,-0.678462,0.000689127,0,0.5
1783082160727104000,0.001,-0.678348,-0.678348,-0.678462,0.000688379,0,0.5
1783082160728103936,0.001,-0.678348,-0.678348,-0.678462,0.000687667,0,0.5
1783082160729103872,0.001,-0.678348,-0.678348,-0.678462,0.000686987,0,0.5
1783082160730103808,0.001,-0.678348,-0.678348,-0.678462,0.00068634,0,0.5
1783082160731103744,0.001,-0.678348,-0.678348,-0.678462,0.000685723,0,0.5
1783082160732103680,0.001,-0.678348,-0.678348,-0.678462,0.000685135,0,0.5
1783082160733103616,0.001,-0.678348,-0.678348,-0.678462,0.000684575,0,0.5
1783082160734103552,0.001,-0.678348,-0.678348,-0.678462,0.000684041,0,0.5
1783082160735103488,0.001,-0.678348,-0.678348,-0.678462,0.000683531,0,0.5
1783082160736103424,0.001,-0.678348,-0.678348,-0.678462,0.000683046,0,0.5
1783082160737103360,0.001,-0.678348,-0.678348,-0.678462,0.000682583,0,0.5
1783082160738103296,0.001,-0.678348,-0.678348,-0.678462,0.000682141,0,0.5
1783082160739103232,0.001,-0.678348,-0.678348,-0.678462,0.000681721,0,0.5
1783082160740103168,0.001,-0.678348,-0.678348,-0.678462,0.000681319,0,0.5
1783082160741103104,0.001,-0.678348,-0.678348,-0.678461,0.000680937,0,0.5
1783082160742103040,0.001,-0.678348,-0.678348,-0.678461,0.000680572,0,0.5
1783082160743102976,0.001,-0.678348,-0.678348,-0.678461,0.000680224,0,0.5
1783082160744102912,0.001,-0.678348,-0.678348,-0.678461,0.000679892,0,0.5
1783082160745102848,0.001,-0.678348,-0.678348,-0.678461,0.000679575,0,0.5
1783082160746102784,0.001,-0.678348,-0.678348,-0.678461,0.000679273,0,0.5
1783082160747102720,0.001,-0.678348,-0.678348,-0.678461,0.000678985,0,0.5
1783082160748102656,0.001,-0.678348,-0.678348,-0.678461,0.000678711,0,0.5
1783082160749102592,0.001,-0.678348,-0.678348,-0.678461,0.000678448,0,0.5
1783082160750102528,0.001,-0.678348,-0.678348,-0.678461,0.000678198,0,0.5
1783082160751102464,0.001,-0.678348,-0.678348,-0.678461,0.00067796,0,0.5
1783082160752102400,0.001,-0.678348,-0.678348,-0.678461,0.000677732,0,0.5
1783082160753102336,0.001,-0.678348,-0.678348,-0.678461,0.000677515,0,0.5
1783082160754102272,0.001,-0.678348,-0.678348,-0.678461,0.000677308,0,0.5
1783082160755102208,0.001,-0.678348,-0.678348,-0.678461,0.00067711,0,0.5
1783082160756102144,0.001,-0.678348,-0.678348,-0.67846,0.000676921,0,0.5
1783082160757102080,0.001,-0.678348,-0.678348,-0.67846,0.000676741,0,0.5
1783082160758102016,0.001,-0.678348,-0.678348,-0.67846,0.000676569,0,0.5
1783082160759101952,0.001,-0.678348,-0.678348,-0.67846,0.000676405,0,0.5
1783082160760101888,0.001,-0.678348,-0.678348,-0.67846,0.000676248,0,0.5
1783082160761101824,0.001,-0.678348,-0.678348,-0.67846,0.000676099,0,0.5
1783082160762101760,0.001,-0.678348,-0.678348,-0.67846,0.000675956,0,0.5
1783082160763101696,0.001,-0.678348,-0.678348,-0.67846,0.00067582,0,0.5
1783082160764101632,0.001,-0.678348,-0.678348,-0.67846,0.00067569,0,0.5
1783082160765101568,0.001,-0.678348,-0.678348,-0.67846,0.000675565,0,0.5
1783082160766101504,0.001,-0.678348,-0.678348,-0.67846,0.000675447,0,0.5
1783082160767101440,0.001,-0.678348,-0.678348,-0.67846,0.000675333,0,0.5
1783082160768101376,0.001,-0.678348,-0.678348,-0.67846,0.000675225,0,0.5
1783082160769101312,0.001,-0.678348,-0.678348,-0.67846,0.000675121,0,0.5
1783082160770101248,0.001,-0.678348,-0.678348,-0.67846,0.000675023,0,0.5
1783082160771101184,0.001,-0.678348,-0.678348,-0.678459,0.000674928,0,0.5
1783082160772101120,0.001,-0.678348,-0.678348,-0.678459,0.000674838,0,0.5
1783082160773101056,0.001,-0.678348,-0.678348,-0.678459,0.000674752,0,0.5
1783082160774100992,0.001,-0.678348,-0.678348,-0.678459,0.000674669,0,0.5
1783082160775100928,0.001,-0.678348,-0.678348,-0.678459,0.000674591,0,0.5
1783082160776100864,0.001,-0.678348,-0.678348,-0.678459,0.000674515,0,0.5
1783082160777100800,0.001,-0.678348,-0.678348,-0.678459,0.000674443,0,0.5
1783082160778100736,0.001,-0.678348,-0.678348,-0.678459,0.000674375,0,0.5
1783082160779100672,0.001,-0.678348,-0.678348,-0.678459,0.000674309,0,0.5
1783082160780100608,0.001,-0.678348,-0.678348,-0.678459,0.000674246,0,0.5
1783082160781100544,0.001,-0.678348,-0.678348,-0.678459,0.000674186,0,0.5
1783082160782100480,0.001,-0.678348,-0.678348,-0.678459,0.000674128,0,0.5
1783082160783100416,0.001,-0.678348,-0.678348,-0.678459,0.000674073,0,0.5
1783082160784100352,0.001,-0.678348,-0.678348,-0.678459,0.00067402,0,0.5
1783082160785100288,0.001,-0.678348,-0.678348,-0.678458,0.00067397,0,0.5
1783082160786100224,0.001,-0.678348,-0.678348,-0.678458,0.000673921,0,0.5
1783082160787100160,0.001,-0.678348,-0.678348,-0.678458,0.000673875,0,0.5
1783082160788100096,0.001,-0.678348,-0.678348,-0.678458,0.000673831,0,0.5
1783082160789100032,0.001,-0.678348,-0.678348,-0.678458,0.000673788,0,0.5
1783082160790099968,0.001,-0.678348,-0.678348,-0.678458,0.000673748,0,0.5
1783082160791099904,0.001,-0.678348,-0.678348,-0.678458,0.000673709,0,0.5
1783082160792099840,0.001,-0.678348,-0.678348,-0.678458,0.000673671,0,0.5
1783082160793099776,0.001,-0.678348,-0.678348,-0.678458,0.000673636,0,0.5
1783082160794099712,0.001,-0.678348,-0.678348,-0.678458,0.000673601,0,0.5
1783082160795099648,0.001,-0.678348,-0.678348,-0.678458,0.000673568,0,0.5
1783082160796099584,0.001,-0.678348,-0.678348,-0.678458,0.000673537,0,0.5
1783082160797099520,0.001,-0.678348,-0.678348,-0.678458,0.000673507,0,0.5
1783082160798099456,0.001,-0.678348,-0.678348,-0.678457,0.000673477,0,0.5
1783082160799099392,0.001,-0.678348,-0.678348,-0.678457,0.00067345,0,0.5
1783082160800099328,0.001,-0.678348,-0.678348,-0.678457,0.000673423,0,0.5
1783082160801099264,0.001,-0.678348,-0.678348,-0.678457,0.000673397,0,0.5
1783082160802099200,0.001,-0.678348,-0.678348,-0.678457,0.000673372,0,0.5
1783082160803099136,0.001,-0.678348,-0.678348,-0.678457,0.000673349,0,0.5
1783082160804099072,0.001,-0.678348,-0.678348,-0.678457,0.000673326,0,0.5
1783082160805099008,0.001,-0.678348,-0.678348,-0.678457,0.000673304,0,0.5
1783082160806098944,0.001,-0.678348,-0.678348,-0.678457,0.000673283,0,0.5
1783082160807098880,0.001,-0.678348,-0.678348,-0.678457,0.000673262,0,0.5
1783082160808098816,0.001,-0.678348,-0.678348,-0.678457,0.000673243,0,0.5
1783082160809098752,0.001,-0.678348,-0.678348,-0.678457,0.000673224,0,0.5
1783082160810098688,0.001,-0.678348,-0.678348,-0.678457,0.000673206,0,0.5
1783082160811098624,0.001,-0.678348,-0.678348,-0.678457,0.000673188,0,0.5
1783082160812098560,0.001,-0.678348,-0.678348,-0.678456,0.000673171,0,0.5
1783082160813098496,0.001,-0.678348,-0.678348,-0.678456,0.000673155,0,0.5
1783082160814098432,0.001,-0.678348,-0.678348,-0.678456,0.000673139,0,0.5
1783082160815098368,0.001,-0.678348,-0.678348,-0.678456,0.000673124,0,0.5
1783082160816098304,0.001,-0.678348,-0.678348,-0.678456,0.000673109,0,0.5
1783082160817098240,0.001,-0.678348,-0.678348,-0.678456,0.000673095,0,0.5
1783082160818098176,0.001,-0.678348,-0.678348,-0.678456,0.000673082,0,0.5
1783082160819098112,0.001,-0.678348,-0.678348,-0.678456,0.000673068,0,0.5
1783082160820098048,0.001,-0.678348,-0.678348,-0.678456,0.000673056,0,0.5
1783082160821097984,0.001,-0.678348,-0.678348,-0.678456,0.000673043,0,0.5
1783082160822097920,0.001,-0.678348,-0.678348,-0.678456,0.000673031,0,0.5
1783082160823097856,0.001,-0.678348,-0.678348,-0.678456,0.00067302,0,0.5
1783082160824097792,0.001,-0.678348,-0.678348,-0.678456,0.000673008,0,0.5
1783082160825097728,0.001,-0.678348,-0.678348,-0.678455,0.000672997,0,0.5
1783082160826097664,0.001,0,0,-0.678455,0.000689118,0,0.5
1783082160827097600,0.001,-0.678348,-0.678348,-0.678455,0.000688352,0,0.5
1783082160828097536,0.001,-0.678348,-0.678348,-0.678455,0.000687622,0,0.5
1783082160829097472,0.001,-0.678348,-0.678348,-0.678455,0.000686926,0,0.5
1783082160830097408,0.001,-0.678348,-0.678348,-0.678455,0.000686263,0,0.5
1783082160831097344,0.001,-0.678348,-0.678348,-0.678455,0.000685631,0,0.5
1783082160832097280,0.001,-0.678348,-0.678348,-0.678454,0.000685028,0,0.5
1783082160833097216,0.001,-0.678348,-0.678348,-0.678454,0.000684454,0,0.5
1783082160834097152,0.001,-0.678348,-0.678348,-0.678454,0.000683907,0,0.5
1783082160835097088,0.001,-0.678348,-0.678348,-0.678454,0.000683385,0,0.5
1783082160836097024,0.001,-0.678348,-0.678348,-0.678454,0.000682888,0,0.5
1783082160837096960,0.001,-0.678348,-0.678348,-0.678454,0.000682414,0,0.5
1783082160838096896,0.001,-0.678348,-0.678348,-0.678454,0.000681962,0,0.5
1783082160839096832,0.001,-0.678348,-0.678348,-0.678454,0.000681531,0,0.5
1783082160840096768,0.001,-0.678348,-0.678348,-0.678454,0.00068112,0,0.5
1783082160841096704,0.001,-0.678348,-0.678348,-0.678454,0.000680728,0,0.5
1783082160842096640,0.001,-0.678348,-0.678348,-0.678454,0.000680354,0,0.5
1783082160843096576,0.001,-0.678348,-0.678348,-0.678454,0.000679998,0,0.5
1783082160844096512,0.001,-0.678348,-0.678348,-0.678454,0.000679658,0,0.5
1783082160845096448,0.001,-0.678348,-0.678348,-0.678454,0.000679334,0,0.5
1783082160846096384,0.001,-0.678348,-0.678348,-0.678454,0.000679025,0,0.5
1783082160847096320,0.001,-0.678348,-0.678348,-0.678454,0.00067873,0,0.5
1783082160848096256,0.001,-0.678348,-0.678348,-0.678453,0.000678449,0,0.5
1783082160849096192,0.001,-0.678348,-0.678348,-0.678453,0.000678181,0,0.5
1783082160850096128,0.001,-0.678348,-0.678348,-0.678453,0.000677925,0,0.5
1783082160851096064,0.001,-0.678348,-0.678348,-0.678453,0.000677681,0,0.5
1783082160852096000,0.001,-0.678348,-0.678348,-0.678453,0.000677448,0,0.5
1783082160853095936,0.001,-0.678348,-0.678348,-0.678453,0.000677225,0,0.5
1783082160854095872,0.001,-0.678348,-0.678348,-0.678453,0.000677013,0,0.5
1783082160855095808,0.001,-0.678348,-0.678348,-0.678453,0.000676811,0,0.5
1783082160856095744,0.001,-0.678348,-0.678348,-0.678453,0.000676618,0,0.5
1783082160857095680,0.001,-0.678348,-0.678348,-0.678453,0.000676434,0,0.5
1783082160858095616,0.001,-0.678348,-0.678348,-0.678453,0.000676258,0,0.5
1783082160859095552,0.001,-0.678348,-0.678348,-0.678453,0.00067609,0,0.5
1783082160860095488,0.001,-0.678348,-0.678348,-0.678453,0.00067593,0,0.5
1783082160861095424,0.001,-0.678348,-0.678348,-0.678453,0.000675777,0,0.5
1783082160862095360,0.001,-0.678348,-0.678348,-0.678452,0.000675631,0,0.5
1783082160863095296,0.001,-0.678348,-0.678348,-0.678452,0.000675491,0,0.5
1783082160864095232,0.001,-0.678348,-0.678348,-0.678452,0.000675358,0,0.5
1783082160865095168,0.001,-0.678348,-0.678348,-0.678452,0.000675231,0,0.5
1783082160866095104,0.001,-0.678348,-0.678348,-0.678452,0.00067511,0,0.5
1783082160867095040,0.001,-0.678348,-0.678348,-0.678452,0.000674994,0,0.5
1783082160868094976,0.001,-0.678348,-0.678348,-0.678452,0.000674883,0,0.5
1783082160869094912,0.001,-0.678348,-0.678348,-0.678452,0.000674777,0,0.5
1783082160870094848,0.001,-0.678348,-0.678348,-0.678452,0.000674676,0,0.5
1783082160871094784,0.001,-0.678348,-0.678348,-0.678452,0.00067458,0,0.5
1783082160872094720,0.001,-0.678348,-0.678348,-0.678452,0.000674488,0,0.5
1783082160873094656,0.001,-0.678348,-0.678348,-0.678452,0.000674399,0,0.5
1783082160874094592,0.001,-0.678348,-0.678348,-0.678452,0.000674315,0,0.5
1783082160875094528,0.001,-0.678348,-0.678348,-0.678452,0.000674235,0,0.5
1783082160876094464,0.001,-0.678348,-0.678348,-0.678452,0.000674158,0,0.5
1783082160877094400,0.001,-0.678348,-0.678348,-0.678451,0.000674085,0,0.5
1783082160878094336,0.001,-0.678348,-0.678348,-0.678451,0.000674014,0,0.5
1783082160879094272,0.001,-0.678348,-0.678348,-0.678451,0.000673947,0,0.5
1783082160880094208,0.001,-0.678348,-0.678348,-0.678451,0.000673883,0,0.5
1783082160881094144,0.001,-0.678348,-0.678348,-0.678451,0.000673821,0,0.5
1783082160882094080,0.001,-0.678348,-0.678348,-0.678451,0.000673763,0,0.5
1783082160883094016,0.001,-0.678348,-0.678348,-0.678451,0.000673706,0,0.5
1783082160884093952,0.001,-0.678348,-0.678348,-0.678451,0.000673653,0,0.5
1783082160885093888,0.001,-0.678348,-0.678348,-0.678451,0.000673601,0,0.5
1783082160886093824,0.001,-0.678348,-0.678348,-0.678451,0.000673552,0,0.5
1783082160887093760,0.001,-0.678348,-0.678348,-0.678451,0.000673505,0,0.5
1783082160888093696,0.001,-0.678348,-0.678348,-0.678451,0.00067346,0,0.5
1783082160889093632,0.001,-0.678348,-0.678348,-0.678451,0.000673416,0,0.5
1783082160890093568,0.001,-0.678348,-0.678348,-0.678451,0.000673375,0,0.5
1783082160891093504,0.001,-0.678348,-0.678348,-0.678451,0.000673335,0,0.5
1783082160892093440,0.001,-0.678348,-0.678348,-0.67845,0.000673297,0,0.5
1783082160893093376,0.001,-0.678348,-0.678348,-0.67845,0.000673261,0,0.5
1783082160894093312,0.001,-0.678348,-0.678348,-0.67845,0.000673226,0,0.5
1783082160895093248,0.001,-0.678348,-0.678348,-0.67845,0.000673192,0,0.5
1783082160896093184,0.001,-0.678348,-0.678348,-0.67845,0.00067316,0,0.5
1783082160897093120,0.001,-0.678348,-0.678348,-0.67845,0.00067313,0,0.5
1783082160898093056,0.001,-0.678348,-0.678348,-0.67845,0.0006731,0,0.5
1783082160899092992,0.001,-0.678348,-0.678348,-0.67845,0.000673072,0,0.5
1783082160900092928,0.001,-0.678348,-0.678348,-0.67845,0.000673044,0,0.5
1783082160901092864,0.001,-0.678348,-0.678348,-0.67845,0.000673018,0,0.5
1783082160902092800,0.001,-0.678348,-0.678348,-0.67845,0.000672993,0,0.5
1783082160903092736,0.001,-0.678348,-0.678348,-0.67845,0.000672969,0,0.5
1783082160904092672,0.001,-0.678348,-0.678348,-0.67845,0.000672946,0,0.5
1783082160905092608,0.001,-0.678348,-0.678348,-0.67845,0.000672923,0,0.5
1783082160906092544,0.001,-0.678348,-0.678348,-0.678449,0.000672902,0,0.5
1783082160907092480,0.001,-0.678348,-0.678348,-0.678449,0.000672881,0,0.5
1783082160908092416,0.001,-0.678348,-0.678348,-0.678449,0.000672862,0,0.5
1783082160909092352,0.001,-0.678348,-0.678348,-0.678449,0.000672842,0,0.5
1783082160910092288,0.001,-0.678348,-0.678348,-0.678449,0.000672824,0,0.5
1783082160911092224,0.001,-0.678348,-0.678348,-0.678449,0.000672806,0,0.5
1783082160912092160,0.001,-0.678348,-0.678348,-0.678449,0.000672789,0,0.5
1783082160913092096,0.001,-0.678348,-0.678348,-0.678449,0.000672773,0,0.5
1783082160914092032,0.001,-0.678348,-0.678348,-0.678449,0.000672757,0,0.5
1783082160915091968,0.001,-0.678348,-0.678348,-0.678449,0.000672742,0,0.5
1783082160916091904,0.001,-0.678348,-0.678348,-0.678449,0.000672727,0,0.5
1783082160917091840,0.001,-0.678348,-0.678348,-0.678449,0.000672712,0,0.5
1783082160918091776,0.001,-0.678348,-0.678348,-0.678449,0.000672699,0,0.5
1783082160919091712,0.001,-0.678348,-0.678348,-0.678449,0.000672685,0,0.5
1783082160920091648,0.001,-0.678348,-0.678348,-0.678448,0.000672672,0,0.5
1783082160921091584,0.001,-0.678348,-0.678348,-0.678448,0.00067266,0,0.5
1783082160922091520,0.001,-0.678348,-0.678348,-0.678448,0.000672648,0,0.5
1783082160923091456,0.001,-0.678348,-0.678348,-0.678448,0.000672636,0,0.5
1783082160924091392,0.001,-0.678348,-0.678348,-0.678448,0.000672625,0,0.5
1783082160925091328,0.001,-0.678348,-0.678348,-0.678448,0.000672614,0,0.5
1783082160926091264,0.001,-0.678348,-0.678348,-0.678448,0.000672603,0,0.5
1783082160927091200,0.001,-0.678348,-0.678348,-0.678448,0.000672593,0,0.5
1783082160928091136,0.001,-0.678348,-0.678348,-0.678448,0.000672583,0,0.5
1783082160929091072,0.001,-0.678348,-0.678348,-0.678448,0.000672573,0,0.5
1783082160930091008,0.001,-0.678348,-0.678348,-0.678448,0.000672563,0,0.5
1783082160931090944,0.001,-0.678348,-0.678348,-0.678448,0.000672554,0,0.5
1783082160932090880,0.001,-0.678348,-0.678348,-0.678448,0.000672545,0,0.5
1783082160933090816,0.001,-0.678348,-0.678348,-0.678448,0.000672536,0,0.5
1783082160934090752,0.001,0,0,-0.678447,0.000688649,0,0.5
1783082160935090688,0.001,-0.678348,-0.678348,-0.678447,0.000687885,0,0.5
1783082160936090624,0.001,-0.678348,-0.678348,-0.678447,0.000687157,0,0.5
1783082160937090560,0.001,-0.678348,-0.678348,-0.678447,0.000686464,0,0.5
1783082160938090496,0.001,-0.678348,-0.678348,-0.678447,0.000685803,0,0.5
1783082160939090432,0.001,-0.678348,-0.678348,-0.678447,0.000685173,0,0.5
1783082160940090368,0.001,-0.678348,-0.678348,-0.678447,0.000684572,0,0.5
1783082160941090304,0.001,-0.678348,-0.678348,-0.678446,0.000684,0,0.5
1783082160942090240,0.001,-0.678348,-0.678348,-0.678446,0.000683455,0,0.5
1783082160943090176,0.001,-0.678348,-0.678348,-0.678446,0.000682935,0,0.5
1783082160944090112,0.001,-0.678348,-0.678348,-0.678446,0.000682439,0,0.5
1783082160945090048,0.001,-0.678348,-0.678348,-0.678446,0.000681967,0,0.5
1783082160946089984,0.001,-0.678348,-0.678348,-0.678446,0.000681516,0,0.5
1783082160947089920,0.001,-0.678348,-0.678348,-0.678446,0.000681087,0,0.5
1783082160948089856,0.001,-0.678348,-0.678348,-0.678446,0.000680677,0,0.5
1783082160949089792,0.001,-0.678348,-0.678348,-0.678446,0.000680286,0,0.5
1783082160950089728,0.001,-0.678348,-0.678348,-0.678446,0.000679914,0,0.5
1783082160951089664,0.001,-0.678348,-0.678348,-0.678446,0.000679559,0,0.5
1783082160952089600,0.001,-0.678348,-0.678348,-0.678446,0.00067922,0,0.5
1783082160953089536,0.001,-0.678348,-0.678348,-0.678446,0.000678897,0,0.5
1783082160954089472,0.001,-0.678348,-0.678348,-0.678446,0.000678589,0,0.5
1783082160955089408,0.001,-0.678348,-0.678348,-0.678446,0.000678295,0,0.5
1783082160956089344,0.001,-0.678348,-0.678348,-0.678446,0.000678015,0,0.5
1783082160957089280,0.001,-0.678348,-0.678348,-0.678446,0.000677748,0,0.5
1783082160958089216,0.001,-0.678348,-0.678348,-0.678446,0.000677492,0,0.5
1783082160959089152,0.001,-0.678348,-0.678348,-0.678445,0.000677249,0,0.5
1783082160960089088,0.001,-0.678348,-0.678348,-0.678445,0.000677017,0,0.5
1783082160961089024,0.001,-0.678348,-0.678348,-0.678445,0.000676795,0,0.5
1783082160962088960,0.001,-0.678348,-0.678348,-0.678445,0.000676584,0,0.5
1783082160963088896,0.001,-0.678348,-0.678348,-0.678445,0.000676382,0,0.5
1783082160964088832,0.001,-0.678348,-0.678348,-0.678445,0.00067619,0,0.5
1783082160965088768,0.001,-0.678348,-0.678348,-0.678445,0.000676006,0,0.5
1783082160966088704,0.001,-0.678348,-0.678348,-0.678445,0.000675831,0,0.5
1783082160967088640,0.001,-0.678348,-0.678348,-0.678445,0.000675664,0,0.5
1783082160968088576,0.001,-0.678348,-0.678348,-0.678445,0.000675504,0,0.5
1783082160969088512,0.001,-0.678348,-0.678348,-0.678445,0.000675352,0,0.5
1783082160970088448,0.001,-0.678348,-0.678348,-0.678445,0.000675206,0,0.5
1783082160971088384,0.001,-0.678348,-0.678348,-0.678445,0.000675067,0,0.5
1783082160972088320,0.001,-0.678348,-0.678348,-0.678445,0.000674935,0,0.5
1783082160973088256,0.001,-0.678348,-0.678348,-0.678445,0.000674808,0,0.5
1783082160974088192,0.001,-0.678348,-0.678348,-0.678445,0.000674687,0,0.5
1783082160975088128,0.001,-0.678348,-0.678348,-0.678444,0.000674571,0,0.5
1783082160976088064,0.001,-0.678348,-0.678348,-0.678444,0.000674461,0,0.5
1783082160977088000,0.001,-0.678348,-0.678348,-0.678444,0.000674356,0,0.5
1783082160978087936,0.001,-0.678348,-0.678348,-0.678444,0.000674255,0,0.5
1783082160979087872,0.001,-0.678348,-0.678348,-0.678444,0.000674159,0,0.5
1783082160980087808,0.001,-0.678348,-0.678348,-0.678444,0.000674067,0,0.5
1783082160981087744,0.001,-0.678348,-0.678348,-0.678444,0.00067398,0,0.5
1783082160982087680,0.001,-0.678348,-0.678348,-0.678444,0.000673896,0,0.5
1783082160983087616,0.001,-0.678348,-0.678348,-0.678444,0.000673816,0,0.5
1783082160984087552,0.001,-0.678348,-0.678348,-0.678444,0.000673739,0,0.5
1783082160985087488,0.001,-0.678348,-0.678348,-0.678444,0.000673666,0,0.5
1783082160986087424,0.001,-0.678348,-0.678348,-0.678444,0.000673596,0,0.5
1783082160987087360,0.001,-0.678348,-0.678348,-0.678444,0.000673529,0,0.5
1783082160988087296,0.001,-0.678348,-0.678348,-0.678444,0.000673465,0,0.5
1783082160989087232,0.001,-0.678348,-0.678348,-0.678444,0.000673404,0,0.5
1783082160990087168,0.001,-0.678348,-0.678348,-0.678443,0.000673345,0,0.5
1783082160991087104,0.001,-0.678348,-0.678348,-0.678443,0.000673289,0,0.5
1783082160992087040,0.001,-0.678348,-0.678348,-0.678443,0.000673236,0,0.5
1783082160993086976,0.001,-0.678348,-0.678348,-0.678443,0.000673184,0,0.5
1783082160994086912,0.001,-0.678348,-0.678348,-0.678443,0.000673135,0,0.5
1783082160995086848,0.001,-0.678348,-0.678348,-0.678443,0.000673088,0,0.5
1783082160996086784,0.001,-0.678348,-0.678348,-0.678443,0.000673043,0,0.5
1783082160997086720,0.001,-0.678348,-0.678348,-0.678443,0.000673,0,0.5
1783082160998086656,0.001,-0.678348,-0.678348,-0.678443,0.000672959,0,0.5
1783082160999086592,0.001,-0.678348,-0.678348,-0.678443,0.00067292,0,0.5
1783082161000086528,0.001,-0.678348,-0.678348,-0.678443,0.000672882,0,0.5
1783082161001086464,0.001,-0.678348,-0.678348,-0.678443,0.000672845,0,0.5
1783082161002086400,0.001,-0.678348,-0.678348,-0.678443,0.000672811,0,0.5
1783082161003086336,0.001,-0.678348,-0.678348,-0.678443,0.000672777,0,0.5
1783082161004086272,0.001,-0.678348,-0.678348,-0.678443,0.000672745,0,0.5
1783082161005086208,0.001,-0.678348,-0.678348,-0.678442,0.000672715,0,0.5
1783082161006086144,0.001,-0.678348,-0.678348,-0.678442,0.000672685,0,0.5
1783082161007086080,0.001,-0.678348,-0.678348,-0.678442,0.000672657,0,0.5
1783082161008086016,0.001,-0.678348,-0.678348,-0.678442,0.00067263,0,0.5
1783082161009085952,0.001,-0.678348,-0.678348,-0.678442,0.000672604,0,0.5
1783082161010085888,0.001,-0.678348,-0.678348,-0.678442,0.000672579,0,0.5
1783082161011085824,0.001,-0.678348,-0.678348,-0.678442,0.000672555,0,0.5
1783082161012085760,0.001,-0.678348,-0.678348,-0.678442,0.000672532,0,0.5
1783082161013085696,0.001,-0.678348,-0.678348,-0.678442,0.00067251,0,0.5
1783082161014085632,0.001,-0.678348,-0.678348,-0.678442,0.000672488,0,0.5
1783082161015085568,0.001,-0.678348,-0.678348,-0.678442,0.000672468,0,0.5
1783082161016085504,0.001,-0.678348,-0.678348,-0.678442,0.000672448,0,0.5
1783082161017085440,0.001,-0.678348,-0.678348,-0.678442,0.000672429,0,0.5
1783082161018085376,0.001,-0.678348,-0.678348,-0.678442,0.000672411,0,0.5
1783082161019085312,0.001,-0.678348,-0.678348,-0.678442,0.000672393,0,0.5
1783082161020085248,0.001,-0.678348,-0.678348,-0.678441,0.000672376,0,0.5
1783082161021085184,0.001,-0.678348,-0.678348,-0.678441,0.00067236,0,0.5
1783082161022085120,0.001,-0.678348,-0.678348,-0.678441,0.000672344,0,0.5
1783082161023085056,0.001,-0.678348,-0.678348,-0.678441,0.000672329,0,0.5
1783082161024084992,0.001,-0.678348,-0.678348,-0.678441,0.000672314,0,0.5
1783082161025084928,0.001,-0.678348,-0.678348,-0.678441,0.0006723,0,0.5
1783082161026084864,0.001,-0.678348,-0.678348,-0.678441,0.000672286,0,0.5
1783082161027084800,0.001,-0.678348,-0.678348,-0.678441,0.000672273,0,0.5
1783082161028084736,0.001,-0.678348,-0.678348,-0.678441,0.00067226,0,0.5
1783082161029084672,0.001,0,0,-0.67844,0.000688365,0,0.5
1783082161030084608,0.001,-0.678348,-0.678348,-0.67844,0.000687598,0,0.5
1783082161031084544,0.001,-0.678348,-0.678348,-0.67844,0.000686867,0,0.5
1783082161032084480,0.001,-0.678348,-0.678348,-0.67844,0.00068617,0,0.5
1783082161033084416,0.001,-0.678348,-0.678348,-0.67844,0.000685506,0,0.5
1783082161034084352,0.001,-0.678348,-0.678348,-0.67844,0.000684873,0,0.5
1783082161035084288,0.001,-0.678348,-0.678348,-0.67844,0.000684269,0,0.5
1783082161036084224,0.001,-0.678348,-0.678348,-0.67844,0.000683695,0,0.5
1783082161037084160,0.001,-0.678348,-0.678348,-0.67844,0.000683147,0,0.5
1783082161038084096,0.001,-0.678348,-0.678348,-0.67844,0.000682624,0,0.5
1783082161039084032,0.001,-0.678348,-0.678348,-0.67844,0.000682126,0,0.5
1783082161040083968,0.001,-0.678348,-0.678348,-0.67844,0.000681651,0,0.5
1783082161041083904,0.001,-0.678348,-0.678348,-0.67844,0.000681199,0,0.5
1783082161042083840,0.001,-0.678348,-0.678348,-0.67844,0.000680767,0,0.5
1783082161043083776,0.001,-0.678348,-0.678348,-0.67844,0.000680356,0,0.5
1783082161044083712,0.001,-0.678348,-0.678348,-0.678439,0.000679963,0,0.5
1783082161045083648,0.001,-0.678348,-0.678348,-0.678439,0.000679589,0,0.5
1783082161046083584,0.001,-0.678348,-0.678348,-0.678439,0.000679232,0,0.5
1783082161047083520,0.001,-0.678348,-0.678348,-0.678439,0.000678892,0,0.5
1783082161048083456,0.001,-0.678348,-0.678348,-0.678439,0.000678568,0,0.5
1783082161049083392,0.001,-0.678348,-0.678348,-0.678439,0.000678258,0,0.5
1783082161050083328,0.001,-0.678348,-0.678348,-0.678439,0.000677963,0,0.5
1783082161051083264,0.001,-0.678348,-0.678348,-0.678439,0.000677681,0,0.5
1783082161052083200,0.001,-0.678348,-0.678348,-0.678439,0.000677413,0,0.5
1783082161053083136,0.001,-0.678348,-0.678348,-0.678439,0.000677157,0,0.5
1783082161054083072,0.001,-0.678348,-0.678348,-0.678439,0.000676912,0,0.5
1783082161055083008,0.001,-0.678348,-0.678348,-0.678439,0.000676679,0,0.5
1783082161056082944,0.001,-0.678348,-0.678348,-0.678439,0.000676456,0,0.5
1783082161057082880,0.001,-0.678348,-0.678348,-0.678439,0.000676244,0,0.5
1783082161058082816,0.001,-0.678348,-0.678348,-0.678439,0.000676041,0,0.5
1783082161059082752,0.001,-0.678348,-0.678348,-0.678439,0.000675848,0,0.5
1783082161060082688,0.001,-0.678348,-0.678348,-0.678439,0.000675664,0,0.5
1783082161061082624,0.001,-0.678348,-0.678348,-0.678438,0.000675488,0,0.5
1783082161062082560,0.001,-0.678348,-0.678348,-0.678438,0.00067532,0,0.5
1783082161063082496,0.001,-0.678348,-0.678348,-0.678438,0.000675159,0,0.5
1783082161064082432,0.001,-0.678348,-0.678348,-0.678438,0.000675006,0,0.5
1783082161065082368,0.001,-0.678348,-0.678348,-0.678438,0.00067486,0,0.5
1783082161066082304,0.001,-0.678348,-0.678348,-0.678438,0.00067472,0,0.5
1783082161067082240,0.001,-0.678348,-0.678348,-0.678438,0.000674587,0,0.5
1783082161068082176,0.001,-0.678348,-0.678348,-0.678438,0.00067446,0,0.5
1783082161069082112,0.001,-0.678348,-0.678348,-0.678438,0.000674338,0,0.5
1783082161070082048,0.001,-0.678348,-0.678348,-0.678438,0.000674223,0,0.5
1783082161071081984,0.001,-0.678348,-0.678348,-0.678438,0.000674112,0,0.5
1783082161072081920,0.001,-0.678348,-0.678348,-0.678438,0.000674006,0,0.5
1783082161073081856,0.001,-0.678348,-0.678348,-0.678438,0.000673905,0,0.5
1783082161074081792,0.001,-0.678348,-0.678348,-0.678438,0.000673808,0,0.5
1783082161075081728,0.001,-0.678348,-0.678348,-0.678438,0.000673716,0,0.5
1783082161076081664,0.001,-0.678348,-0.678348,-0.678438,0.000673628,0,0.5
1783082161077081600,0.001,-0.678348,-0.678348,-0.678438,0.000673544,0,0.5
1783082161078081536,0.001,-0.678348,-0.678348,-0.678437,0.000673463,0,0.5
1783082161079081472,0.001,-0.678348,-0.678348,-0.678437,0.000673386,0,0.5
1783082161080081408,0.001,-0.678348,-0.678348,-0.678437,0.000673313,0,0.5
1783082161081081344,0.001,-0.678348,-0.678348,-0.678437,0.000673243,0,0.5
1783082161082081280,0.001,-0.678348,-0.678348,-0.678437,0.000673175,0,0.5
1783082161083081216,0.001,-0.678348,-0.678348,-0.678437,0.000673111,0,0.5
1783082161084081152,0.001,-0.678348,-0.678348,-0.678437,0.00067305,0,0.5
1783082161085081088,0.001,-0.678348,-0.678348,-0.678437,0.000672991,0,0.5
1783082161086081024,0.001,-0.678348,-0.678348,-0.678437,0.000672935,0,0.5
1783082161087080960,0.001,-0.678348,-0.678348,-0.678437,0.000672881,0,0.5
1783082161088080896,0.001,-0.678348,-0.678348,-0.678437,0.00067283,0,0.5
1783082161089080832,0.001,-0.678348,-0.678348,-0.678437,0.00067278,0,0.5
1783082161090080768,0.001,-0.678348,-0.678348,-0.678437,0.000672733,0,0.5
1783082161091080704,0.001,-0.678348,-0.678348,-0.678437,0.000672688,0,0.5
1783082161092080640,0.001,-0.678348,-0.678348,-0.678437,0.000672645,0,0.5
1783082161093080576,0.001,-0.678348,-0.678348,-0.678437,0.000672604,0,0.5
1783082161094080512,0.001,-0.678348,-0.678348,-0.678437,0.000672564,0,0.5
1783082161095080448,0.001,-0.678348,-0.678348,-0.678436,0.000672526,0,0.5
1783082161096080384,0.001,-0.678348,-0.678348,-0.678436,0.00067249,0,0.5
1783082161097080320,0.001,-0.678348,-0.678348,-0.678436,0.000672455,0,0.5
1783082161098080256,0.001,-0.678348,-0.678348,-0.678436,0.000672421,0,0.5
1783082161099080192,0.001,-0.678348,-0.678348,-0.678436,0.000672389,0,0.5
1783082161100080128,0.001,-0.678348,-0.678348,-0.678436,0.000672358,0,0.5
1783082161101080064,0.001,-0.678348,-0.678348,-0.678436,0.000672329,0,0.5
1783082161102080000,0.001,-0.678348,-0.678348,-0.678436,0.000672301,0,0.5
1783082161103079936,0.001,-0.678348,-0.678348,-0.678436,0.000672273,0,0.5
1783082161104079872,0.001,-0.678348,-0.678348,-0.678436,0.000672247,0,0.5
1783082161105079808,0.001,-0.678348,-0.678348,-0.678436,0.000672222,0,0.5
1783082161106079744,0.001,-0.678348,-0.678348,-0.678436,0.000672198,0,0.5
1783082161107079680,0.001,-0.678348,-0.678348,-0.678436,0.000672175,0,0.5
1783082161108079616,0.001,-0.678348,-0.678348,-0.678436,0.000672153,0,0.5
1783082161109079552,0.001,-0.678348,-0.678348,-0.678436,0.000672131,0,0.5
1783082161110079488,0.001,-0.678348,-0.678348,-0.678436,0.000672111,0,0.5
1783082161111079424,0.001,-0.678348,-0.678348,-0.678435,0.000672091,0,0.5
1783082161112079360,0.001,-0.678348,-0.678348,-0.678435,0.000672072,0,0.5
1783082161113079296,0.001,-0.678348,-0.678348,-0.678435,0.000672054,0,0.5
1783082161114079232,0.001,-0.678348,-0.678348,-0.678435,0.000672036,0,0.5
1783082161115079168,0.001,-0.678348,-0.678348,-0.678435,0.000672019,0,0.5
1783082161116079104,0.001,-0.678348,-0.678348,-0.678435,0.000672003,0,0.5
1783082161117079040,0.001,0,0,-0.678434,0.000688101,0,0.5
1783082161118078976,0.001,-0.678348,-0.678348,-0.678434,0.000687331,0,0.5
1783082161119078912,0.001,-0.678348,-0.678348,-0.678434,0.000686596,0,0.5
1783082161120078848,0.001,-0.678348,-0.678348,-0.678434,0.000685897,0,0.5
1783082161121078784,0.001,-0.678348,-0.678348,-0.678434,0.00068523,0,0.5
1783082161122078720,0.001,0,0,-0.678434,0.000701328,0,0.5
1783082161123078656,0.001,0,0,-0.678433,0.000717426,0,0.5
1783082161124078592,0.001,0,0,-0.678432,0.000733525,0,0.5
1783082161125078528,0.001,0,0,-0.678431,0.000749623,0,0.5
1783082161126078464,0.001,0,0,-0.678431,0.000765721,0,0.5
1783082161127078400,0.001,0,0,-0.67843,0.00078182,0,0.5
1783082161128078336,0.001,-0.678348,-0.678348,-0.67843,0.00077632,0,0.5
1783082161129078272,0.001,-0.678348,-0.678348,-0.67843,0.000771114,0,0.5
1783082161130078208,0.001,0,0,-0.678429,0.000787212,0,0.5
1783082161131078144,0.001,-0.678348,-0.678348,-0.678429,0.000781423,0,0.5
1783082161132078080,0.001,-0.678348,-0.678348,-0.678429,0.000775944,0,0.5
1783082161133078016,0.001,-0.678348,-0.678348,-0.678429,0.000770757,0,0.5
1783082161134077952,0.001,-0.678348,-0.678348,-0.67843,0.000765844,0,0.5
1783082161135077888,0.001,-0.678348,-0.678348,-0.67843,0.00076119,0,0.5
1783082161136077824,0.001,-0.678348,-0.678348,-0.67843,0.000756779,0,0.5
1783082161137077760,0.001,-0.678348,-0.678348,-0.67843,0.000752597,0,0.5
1783082161138077696,0.001,-0.678348,-0.678348,-0.67843,0.000748631,0,0.5
1783082161139077632,0.001,-0.678348,-0.678348,-0.67843,0.000744869,0,0.5
1783082161140077568,0.001,-0.678348,-0.678348,-0.67843,0.000741299,0,0.5
1783082161141077504,0.001,-0.678348,-0.678348,-0.67843,0.000737912,0,0.5
1783082161142077440,0.001,-0.678348,-0.678348,-0.67843,0.000734696,0,0.5
1783082161143077376,0.001,-0.678348,-0.678348,-0.67843,0.000731642,0,0.5
1783082161144077312,0.001,-0.678348,-0.678348,-0.67843,0.000728742,0,0.5
1783082161145077248,0.001,-0.678348,-0.678348,-0.67843,0.000725987,0,0.5
1783082161146077184,0.001,-0.678348,-0.678348,-0.67843,0.00072337,0,0.5
1783082161147077120,0.001,-0.678348,-0.678348,-0.67843,0.000720883,0,0.5
1783082161148077056,0.001,-0.678348,-0.678348,-0.67843,0.000718519,0,0.5
1783082161149076992,0.001,-0.678348,-0.678348,-0.67843,0.000716272,0,0.5
1783082161150076928,0.001,-0.678348,-0.678348,-0.67843,0.000714135,0,0.5
1783082161151076864,0.001,-0.678348,-0.678348,-0.67843,0.000712104,0,0.5
1783082161152076800,0.001,-0.678348,-0.678348,-0.67843,0.000710171,0,0.5
1783082161153076736,0.001,-0.678348,-0.678348,-0.67843,0.000708334,0,0.5
1783082161154076672,0.001,-0.678348,-0.678348,-0.67843,0.000706585,0,0.5
1783082161155076608,0.001,-0.678348,-0.678348,-0.67843,0.000704922,0,0.5
1783082161156076544,0.001,-0.678348,-0.678348,-0.67843,0.000703339,0,0.5
1783082161157076480,0.001,-0.678348,-0.678348,-0.67843,0.000701833,0,0.5
1783082161158076416,0.001,-0.678348,-0.678348,-0.67843,0.000700399,0,0.5
1783082161159076352,0.001,-0.678348,-0.678348,-0.67843,0.000699034,0,0.5
1783082161160076288,0.001,-0.678348,-0.678348,-0.67843,0.000697735,0,0.5
1783082161161076224,0.001,-0.678348,-0.678348,-0.67843,0.000696498,0,0.5
1783082161162076160,0.001,-0.678348,-0.678348,-0.67843,0.000695321,0,0.5
1783082161163076096,0.001,-0.678348,-0.678348,-0.67843,0.0006942,0,0.5
1783082161164076032,0.001,-0.678348,-0.678348,-0.67843,0.000693132,0,0.5
1783082161165075968,0.001,-0.678348,-0.678348,-0.67843,0.000692115,0,0.5
1783082161166075904,0.001,-0.678348,-0.678348,-0.67843,0.000691146,0,0.5
1783082161167075840,0.001,-0.678348,-0.678348,-0.67843,0.000690223,0,0.5
1783082161168075776,0.001,-0.678348,-0.678348,-0.67843,0.000689344,0,0.5
1783082161169075712,0.001,-0.678348,-0.678348,-0.67843,0.000688507,0,0.5
1783082161170075648,0.001,-0.678348,-0.678348,-0.67843,0.000687709,0,0.5
1783082161171075584,0.001,-0.678348,-0.678348,-0.67843,0.000686949,0,0.5
1783082161172075520,0.001,-0.678348,-0.678348,-0.67843,0.000686225,0,0.5
1783082161173075456,0.001,-0.678348,-0.678348,-0.67843,0.000685535,0,0.5
1783082161174075392,0.001,-0.678348,-0.678348,-0.67843,0.000684877,0,0.5
1783082161175075328,0.001,-0.678348,-0.678348,-0.67843,0.00068425,0,0.5
1783082161176075264,0.001,-0.678348,-0.678348,-0.67843,0.000683652,0,0.5
1783082161177075200,0.001,-0.678348,-0.678348,-0.67843,0.000683083,0,0.5
1783082161178075136,0.001,-0.678348,-0.678348,-0.67843,0.00068254,0,0.5
1783082161179075072,0.001,-0.678348,-0.678348,-0.67843,0.000682023,0,0.5
1783082161180075008,0.001,-0.678348,-0.678348,-0.67843,0.000681529,0,0.5
1783082161181074944,0.001,-0.678348,-0.678348,-0.67843,0.000681059,0,0.5
1783082161182074880,0.001,-0.678348,-0.678348,-0.67843,0.000680611,0,0.5
1783082161183074816,0.001,-0.678348,-0.678348,-0.67843,0.000680183,0,0.5
1783082161184074752,0.001,-0.678348,-0.678348,-0.67843,0.000679775,0,0.5
1783082161185074688,0.001,-0.678348,-0.678348,-0.67843,0.000679387,0,0.5
1783082161186074624,0.001,-0.678348,-0.678348,-0.67843,0.000679016,0,0.5
1783082161187074560,0.001,-0.678348,-0.678348,-0.67843,0.000678663,0,0.5
1783082161188074496,0.001,-0.678348,-0.678348,-0.67843,0.000678325,0,0.5
1783082161189074432,0.001,-0.678348,-0.678348,-0.67843,0.000678004,0,0.5
1783082161190074368,0.001,-0.678348,-0.678348,-0.67843,0.000677697,0,0.5
1783082161191074304,0.001,-0.678348,-0.678348,-0.67843,0.000677405,0,0.5
1783082161192074240,0.001,-0.678348,-0.678348,-0.67843,0.000677126,0,0.5
1783082161193074176,0.001,-0.678348,-0.678348,-0.67843,0.000676859,0,0.5
1783082161194074112,0.001,-0.678348,-0.678348,-0.67843,0.000676606,0,0.5
1783082161195074048,0.001,-0.678348,-0.678348,-0.678429,0.000676363,0,0.5
1783082161196073984,0.001,-0.678348,-0.678348,-0.678429,0.000676132,0,0.5
1783082161197073920,0.001,-0.678348,-0.678348,-0.678429,0.000675911,0,0.5
1783082161198073856,0.001,-0.678348,-0.678348,-0.678429,0.000675701,0,0.5
1783082161199073792,0.001,-0.678348,-0.678348,-0.678429,0.0006755,0,0.5
1783082161200073728,0.001,-0.678348,-0.678348,-0.678429,0.000675309,0,0.5
1783082161201073664,0.001,-0.678348,-0.678348,-0.678429,0.000675126,0,0.5
1783082161202073600,0.001,-0.678348,-0.678348,-0.678429,0.000674951,0,0.5
1783082161203073536,0.001,-0.678348,-0.678348,-0.678429,0.000674785,0,0.5
1783082161204073472,0.001,-0.678348,-0.678348,-0.678429,0.000674625,0,0.5
1783082161205073408,0.001,-0.678348,-0.678348,-0.678429,0.000674474,0,0.5
1783082161206073344,0.001,-0.678348,-0.678348,-0.678429,0.000674329,0,0.5
1783082161207073280,0.001,-0.678348,-0.678348,-0.678429,0.00067419,0,0.5
1783082161208073216,0.001,-0.678348,-0.678348,-0.678429,0.000674058,0,0.5
1783082161209073152,0.001,-0.678348,-0.678348,-0.678429,0.000673932,0,0.5
1783082161210073088,0.001,-0.678348,-0.678348,-0.678429,0.000673812,0,0.5
1783082161211073024,0.001,-0.678348,-0.678348,-0.678429,0.000673696,0,0.5
1783082161212072960,0.001,-0.678348,-0.678348,-0.678429,0.000673587,0,0.5
1783082161213072896,0.001,-0.678348,-0.678348,-0.678429,0.000673482,0,0.5
1783082161214072832,0.001,-0.678348,-0.678348,-0.678429,0.000673381,0,0.5
1783082161215072768,0.001,-0.678348,-0.678348,-0.678429,0.000673285,0,0.5
1783082161216072704,0.001,-0.678348,-0.678348,-0.678429,0.000673194,0,0.5
1783082161217072640,0.001,-0.678348,-0.678348,-0.678429,0.000673106,0,0.5
1783082161218072576,0.001,-0.678348,-0.678348,-0.678429,0.000673023,0,0.5
1783082161219072512,0.001,-0.678348,-0.678348,-0.678428,0.000672943,0,0.5
1783082161220072448,0.001,-0.678348,-0.678348,-0.678428,0.000672867,0,0.5
1783082161221072384,0.001,0,0,-0.678428,0.000688957,0,0.5
1783082161222072320,0.001,0,0,-0.678427,0.000705048,0,0.5
1783082161223072256,0.001,0,0,-0.678426,0.000721139,0,0.5
1783082161224072192,0.001,0,0,-0.678426,0.00073723,0,0.5
1783082161225072128,0.001,0,0,-0.678425,0.000753321,0,0.5
1783082161226072064,0.001,0,0,-0.678424,0.000769411,0,0.5
1783082161227072000,0.001,0,0,-0.678423,0.000785502,0,0.5
1783082161228071936,0.001,0,0,-0.678423,0.000801593,0,0.5
1783082161229071872,0.001,-0.678348,-0.678348,-0.678423,0.000795004,0,0.5
1783082161230071808,0.001,0,0,-0.678422,0.000811095,0,0.5
1783082161231071744,0.001,-0.678348,-0.678348,-0.678422,0.000803982,0,0.5
1783082161232071680,0.001,-0.678348,-0.678348,-0.678422,0.000797261,0,0.5
1783082161233071616,0.001,-0.678348,-0.678348,-0.678422,0.000790908,0,0.5
1783082161234071552,0.001,-0.678348,-0.678348,-0.678422,0.0007849,0,0.5
1783082161235071488,0.001,-0.678348,-0.678348,-0.678422,0.000779215,0,0.5
1783082161236071424,0.001,-0.678348,-0.678348,-0.678423,0.000773835,0,0.5
1783082161237071360,0.001,-0.678348,-0.678348,-0.678423,0.00076874,0,0.5
1783082161238071296,0.001,-0.678348,-0.678348,-0.678423,0.000763914,0,0.5
1783082161239071232,0.001,-0.678348,-0.678348,-0.678423,0.000759341,0,0.5
1783082161240071168,0.001,-0.678348,-0.678348,-0.678423,0.000755007,0,0.5
1783082161241071104,0.001,-0.678348,-0.678348,-0.678423,0.000750897,0,0.5
1783082161242071040,0.001,-0.678348,-0.678348,-0.678423,0.000747,0,0.5
1783082161243070976,0.001,-0.678348,-0.678348,-0.678423,0.000743303,0,0.5
1783082161244070912,0.001,-0.678348,-0.678348,-0.678423,0.000739794,0,0.5
1783082161245070848,0.001,-0.678348,-0.678348,-0.678423,0.000736464,0,0.5
1783082161246070784,0.001,-0.678348,-0.678348,-0.678423,0.000733303,0,0.5
1783082161247070720,0.001,-0.678348,-0.678348,-0.678423,0.000730301,0,0.5
1783082161248070656,0.001,-0.678348,-0.678348,-0.678423,0.000727449,0,0.5
1783082161249070592,0.001,-0.678348,-0.678348,-0.678423,0.000724741,0,0.5
1783082161250070528,0.001,-0.678348,-0.678348,-0.678424,0.000722167,0,0.5
1783082161251070464,0.001,-0.678348,-0.678348,-0.678424,0.000719721,0,0.5
1783082161252070400,0.001,-0.678348,-0.678348,-0.678424,0.000717396,0,0.5
1783082161253070336,0.001,-0.678348,-0.678348,-0.678424,0.000715186,0,0.5
1783082161254070272,0.001,-0.678348,-0.678348,-0.678424,0.000713085,0,0.5
1783082161255070208,0.001,-0.678348,-0.678348,-0.678424,0.000711087,0,0.5
1783082161256070144,0.001,-0.678348,-0.678348,-0.678424,0.000709186,0,0.5
1783082161257070080,0.001,-0.678348,-0.678348,-0.678424,0.000707378,0,0.5
1783082161258070016,0.001,-0.678348,-0.678348,-0.678424,0.000705658,0,0.5
1783082161259069952,0.001,-0.678348,-0.678348,-0.678424,0.000704022,0,0.5
1783082161260069888,0.001,-0.678348,-0.678348,-0.678424,0.000702465,0,0.5
1783082161261069824,0.001,-0.678348,-0.678348,-0.678424,0.000700983,0,0.5
1783082161262069760,0.001,-0.678348,-0.678348,-0.678424,0.000699572,0,0.5
1783082161263069696,0.001,-0.678348,-0.678348,-0.678424,0.000698229,0,0.5
1783082161264069632,0.001,-0.678348,-0.678348,-0.678424,0.000696951,0,0.5
1783082161265069568,0.001,-0.678348,-0.678348,-0.678424,0.000695734,0,0.5
1783082161266069504,0.001,-0.678348,-0.678348,-0.678424,0.000694575,0,0.5
1783082161267069440,0.001,-0.678348,-0.678348,-0.678424,0.000693472,0,0.5
1783082161268069376,0.001,-0.678348,-0.678348,-0.678424,0.000692421,0,0.5
1783082161269069312,0.001,-0.678348,-0.678348,-0.678424,0.00069142,0,0.5
1783082161270069248,0.001,-0.678348,-0.678348,-0.678424,0.000690466,0,0.5
1783082161271069184,0.001,-0.678348,-0.678348,-0.678424,0.000689558,0,0.5
1783082161272069120,0.001,-0.678348,-0.678348,-0.678424,0.000688693,0,0.5
1783082161273069056,0.001,-0.678348,-0.678348,-0.678424,0.000687869,0,0.5
1783082161274068992,0.001,-0.678348,-0.678348,-0.678424,0.000687084,0,0.5
1783082161275068928,0.001,-0.678348,-0.678348,-0.678424,0.000686336,0,0.5
1783082161276068864,0.001,-0.678348,-0.678348,-0.678424,0.000685623,0,0.5
1783082161277068800,0.001,-0.678348,-0.678348,-0.678424,0.000684943,0,0.5
1783082161278068736,0.001,-0.678348,-0.678348,-0.678424,0.000684296,0,0.5
1783082161279068672,0.001,-0.678348,-0.678348,-0.678424,0.000683678,0,0.5
1783082161280068608,0.001,-0.678348,-0.678348,-0.678424,0.00068309,0,0.5
1783082161281068544,0.001,-0.678348,-0.678348,-0.678424,0.00068253,0,0.5
1783082161282068480,0.001,-0.678348,-0.678348,-0.678424,0.000681995,0,0.5
1783082161283068416,0.001,-0.678348,-0.678348,-0.678424,0.000681486,0,0.5
1783082161284068352,0.001,-0.678348,-0.678348,-0.678424,0.000681,0,0.5
1783082161285068288,0.001,-0.678348,-0.678348,-0.678424,0.000680537,0,0.5
1783082161286068224,0.001,-0.678348,-0.678348,-0.678424,0.000680095,0,0.5
1783082161287068160,0.001,-0.678348,-0.678348,-0.678424,0.000679674,0,0.5
1783082161288068096,0.001,-0.678348,-0.678348,-0.678424,0.000679273,0,0.5
1783082161289068032,0.001,-0.678348,-0.678348,-0.678424,0.00067889,0,0.5
1783082161290067968,0.001,-0.678348,-0.678348,-0.678424,0.000678525,0,0.5
1783082161291067904,0.001,-0.678348,-0.678348,-0.678424,0.000678177,0,0.5
1783082161292067840,0.001,-0.678348,-0.678348,-0.678424,0.000677845,0,0.5
1783082161293067776,0.001,-0.678348,-0.678348,-0.678424,0.000677528,0,0.5
1783082161294067712,0.001,-0.678348,-0.678348,-0.678424,0.000677226,0,0.5
1783082161295067648,0.001,-0.678348,-0.678348,-0.678424,0.000676938,0,0.5
1783082161296067584,0.001,-0.678348,-0.678348,-0.678424,0.000676663,0,0.5
1783082161297067520,0.001,-0.678348,-0.678348,-0.678423,0.000676401,0,0.5
1783082161298067456,0.001,-0.678348,-0.678348,-0.678423,0.000676151,0,0.5
1783082161299067392,0.001,-0.678348,-0.678348,-0.678423,0.000675913,0,0.5
1783082161300067328,0.001,-0.678348,-0.678348,-0.678423,0.000675685,0,0.5
1783082161301067264,0.001,-0.678348,-0.678348,-0.678423,0.000675468,0,0.5
1783082161302067200,0.001,-0.678348,-0.678348,-0.678423,0.00067526,0,0.5
1783082161303067136,0.001,-0.678348,-0.678348,-0.678423,0.000675062,0,0.5
1783082161304067072,0.001,-0.678348,-0.678348,-0.678423,0.000674874,0,0.5
1783082161305067008,0.001,-0.678348,-0.678348,-0.678423,0.000674693,0,0.5
1783082161306066944,0.001,-0.678348,-0.678348,-0.678423,0.000674521,0,0.5
1783082161307066880,0.001,-0.678348,-0.678348,-0.678423,0.000674357,0,0.5
1783082161308066816,0.001,-0.678348,-0.678348,-0.678423,0.000674201,0,0.5
1783082161309066752,0.001,-0.678348,-0.678348,-0.678423,0.000674051,0,0.5
1783082161310066688,0.001,-0.678348,-0.678348,-0.678423,0.000673908,0,0.5
1783082161311066624,0.001,-0.678348,-0.678348,-0.678423,0.000673772,0,0.5
1783082161312066560,0.001,-0.678348,-0.678348,-0.678423,0.000673641,0,0.5
1783082161313066496,0.001,-0.678348,-0.678348,-0.678423,0.000673517,0,0.5
1783082161314066432,0.001,-0.678348,-0.678348,-0.678423,0.000673398,0,0.5
1783082161315066368,0.001,-0.678348,-0.678348,-0.678423,0.000673285,0,0.5
1783082161316066304,0.001,-0.678348,-0.678348,-0.678423,0.000673177,0,0.5
1783082161317066240,0.001,-0.678348,-0.678348,-0.678423,0.000673073,0,0.5
1783082161318066176,0.001,-0.678348,-0.678348,-0.678423,0.000672974,0,0.5
1783082161319066112,0.001,-0.678348,-0.678348,-0.678423,0.00067288,0,0.5
1783082161320066048,0.001,-0.678348,-0.678348,-0.678423,0.00067279,0,0.5
1783082161321065984,0.001,-0.678348,-0.678348,-0.678423,0.000672703,0,0.5
1783082161322065920,0.001,-0.678348,-0.678348,-0.678423,0.000672621,0,0.5
1783082161323065856,0.001,-0.678348,-0.678348,-0.678423,0.000672542,0,0.5
1783082161324065792,0.001,-0.678348,-0.678348,-0.678423,0.000672467,0,0.5
1783082161325065728,0.001,-0.678348,-0.678348,-0.678422,0.000672395,0,0.5
1783082161326065664,0.001,-0.678348,-0.678348,-0.678422,0.000672326,0,0.5
1783082161327065600,0.001,-0.678348,-0.678348,-0.678422,0.00067226,0,0.5
1783082161328065536,0.001,-0.678348,-0.678348,-0.678422,0.000672197,0,0.5
1783082161329065472,0.001,-0.678348,-0.678348,-0.678422,0.000672137,0,0.5
1783082161330065408,0.001,-0.678348,-0.678348,-0.678422,0.000672079,0,0.5
1783082161331065344,0.001,-0.678348,-0.678348,-0.678422,0.000672024,0,0.5
1783082161332065280,0.001,0,0,-0.678421,0.000688106,0,0.5
1783082161333065216,0.001,-0.678348,-0.678348,-0.678421,0.000687299,0,0.5
1783082161334065152,0.001,-0.678348,-0.678348,-0.678421,0.000686529,0,0.5
1783082161335065088,0.001,-0.678348,-0.678348,-0.678421,0.000685796,0,0.5
1783082161336065024,0.001,-0.678348,-0.678348,-0.678421,0.000685097,0,0.5
1783082161337064960,0.001,-0.678348,-0.678348,-0.678421,0.000684431,0,0.5
1783082161338064896,0.001,-0.678348,-0.678348,-0.678421,0.000683797,0,0.5
1783082161339064832,0.001,-0.678348,-0.678348,-0.678421,0.000683192,0,0.5
1783082161340064768,0.001,-0.678348,-0.678348,-0.678421,0.000682615,0,0.5
1783082161341064704,0.001,-0.678348,-0.678348,-0.678421,0.000682066,0,0.5
1783082161342064640,0.001,-0.678348,-0.678348,-0.678421,0.000681542,0,0.5
1783082161343064576,0.001,-0.678348,-0.678348,-0.678421,0.000681043,0,0.5
1783082161344064512,0.001,-0.678348,-0.678348,-0.678421,0.000680566,0,0.5
1783082161345064448,0.001,-0.678348,-0.678348,-0.678421,0.000680113,0,0.5
1783082161346064384,0.001,-0.678348,-0.678348,-0.678421,0.00067968,0,0.5
1783082161347064320,0.001,-0.678348,-0.678348,-0.678421,0.000679267,0,0.5
1783082161348064256,0.001,-0.678348,-0.678348,-0.678421,0.000678874,0,0.5
1783082161349064192,0.001,-0.678348,-0.678348,-0.678421,0.000678498,0,0.5
1783082161350064128,0.001,-0.678348,-0.678348,-0.678421,0.000678141,0,0.5
1783082161351064064,0.001,-0.678348,-0.678348,-0.678421,0.000677799,0,0.5
1783082161352064000,0.001,-0.678348,-0.678348,-0.678421,0.000677474,0,0.5
1783082161353063936,0.001,-0.678348,-0.678348,-0.678421,0.000677163,0,0.5
1783082161354063872,0.001,-0.678348,-0.678348,-0.678421,0.000676867,0,0.5
1783082161355063808,0.001,-0.678348,-0.678348,-0.678421,0.000676585,0,0.5
1783082161356063744,0.001,-0.678348,-0.678348,-0.678421,0.000676316,0,0.5
1783082161357063680,0.001,-0.678348,-0.678348,-0.678421,0.000676059,0,0.5
1783082161358063616,0.001,-0.678348,-0.678348,-0.678421,0.000675813,0,0.5
1783082161359063552,0.001,-0.678348,-0.678348,-0.678421,0.000675579,0,0.5
1783082161360063488,0.001,-0.678348,-0.678348,-0.67842,0.000675356,0,0.5
1783082161361063424,0.001,-0.678348,-0.678348,-0.67842,0.000675143,0,0.5
1783082161362063360,0.001,-0.678348,-0.678348,-0.67842,0.00067494,0,0.5
1783082161363063296,0.001,-0.678348,-0.678348,-0.67842,0.000674746,0,0.5
1783082161364063232,0.001,-0.678348,-0.678348,-0.67842,0.000674561,0,0.5
1783082161365063168,0.001,-0.678348,-0.678348,-0.67842,0.000674384,0,0.5
1783082161366063104,0.001,-0.678348,-0.678348,-0.67842,0.000674216,0,0.5
1783082161367063040,0.001,-0.678348,-0.678348,-0.67842,0.000674055,0,0.5
1783082161368062976,0.001,-0.678348,-0.678348,-0.67842,0.000673901,0,0.5
1783082161369062912,0.001,-0.678348,-0.678348,-0.67842,0.000673755,0,0.5
1783082161370062848,0.001,-0.678348,-0.678348,-0.67842,0.000673615,0,0.5
1783082161371062784,0.001,-0.678348,-0.678348,-0.67842,0.000673481,0,0.5
1783082161372062720,0.001,-0.678348,-0.678348,-0.67842,0.000673353,0,0.5
1783082161373062656,0.001,-0.678348,-0.678348,-0.67842,0.000673231,0,0.5
1783082161374062592,0.001,-0.678348,-0.678348,-0.67842,0.000673115,0,0.5
1783082161375062528,0.001,-0.678348,-0.678348,-0.67842,0.000673004,0,0.5
1783082161376062464,0.001,-0.678348,-0.678348,-0.67842,0.000672898,0,0.5
1783082161377062400,0.001,-0.678348,-0.678348,-0.67842,0.000672796,0,0.5
1783082161378062336,0.001,-0.678348,-0.678348,-0.67842,0.000672699,0,0.5
1783082161379062272,0.001,-0.678348,-0.678348,-0.67842,0.000672607,0,0.5
1783082161380062208,0.001,-0.678348,-0.678348,-0.67842,0.000672518,0,0.5
1783082161381062144,0.001,-0.678348,-0.678348,-0.67842,0.000672434,0,0.5
1783082161382062080,0.001,-0.678348,-0.678348,-0.678419,0.000672353,0,0.5
1783082161383062016,0.001,-0.678348,-0.678348,-0.678419,0.000672276,0,0.5
1783082161384061952,0.001,-0.678348,-0.678348,-0.678419,0.000672202,0,0.5
1783082161385061888,0.001,-0.678348,-0.678348,-0.678419,0.000672132,0,0.5
1783082161386061824,0.001,-0.678348,-0.678348,-0.678419,0.000672064,0,0.5
1783082161387061760,0.001,-0.678348,-0.678348,-0.678419,0.000672,0,0.5
1783082161388061696,0.001,-0.678348,-0.678348,-0.678419,0.000671938,0,0.5
1783082161389061632,0.001,-0.678348,-0.678348,-0.678419,0.000671879,0,0.5
1783082161390061568,0.001,-0.678348,-0.678348,-0.678419,0.000671823,0,0.5
1783082161391061504,0.001,-0.678348,-0.678348,-0.678419,0.000671769,0,0.5
1783082161392061440,0.001,-0.678348,-0.678348,-0.678419,0.000671717,0,0.5
1783082161393061376,0.001,-0.678348,-0.678348,-0.678419,0.000671668,0,0.5
1783082161394061312,0.001,-0.678348,-0.678348,-0.678419,0.00067162,0,0.5
1783082161395061248,0.001,-0.678348,-0.678348,-0.678419,0.000671575,0,0.5
1783082161396061184,0.001,-0.678348,-0.678348,-0.678419,0.000671532,0,0.5
1783082161397061120,0.001,-0.678348,-0.678348,-0.678419,0.00067149,0,0.5
1783082161398061056,0.001,-0.678348,-0.678348,-0.678419,0.00067145,0,0.5
1783082161399060992,0.001,-0.678348,-0.678348,-0.678419,0.000671412,0,0.5
1783082161400060928,0.001,-0.678348,-0.678348,-0.678419,0.000671376,0,0.5
1783082161401060864,0.001,-0.678348,-0.678348,-0.678419,0.000671341,0,0.5
1783082161402060800,0.001,-0.678348,-0.678348,-0.678418,0.000671307,0,0.5
1783082161403060736,0.001,-0.678348,-0.678348,-0.678418,0.000671275,0,0.5
1783082161404060672,0.001,-0.678348,-0.678348,-0.678418,0.000671244,0,0.5
1783082161405060608,0.001,-0.678348,-0.678348,-0.678418,0.000671214,0,0.5
1783082161406060544,0.001,-0.678348,-0.678348,-0.678418,0.000671186,0,0.5
1783082161407060480,0.001,-0.678348,-0.678348,-0.678418,0.000671159,0,0.5
1783082161408060416,0.001,-0.678348,-0.678348,-0.678418,0.000671132,0,0.5
1783082161409060352,0.001,-0.678348,-0.678348,-0.678418,0.000671107,0,0.5
1783082161410060288,0.001,-0.678348,-0.678348,-0.678418,0.000671083,0,0.5
1783082161411060224,0.001,-0.678348,-0.678348,-0.678418,0.00067106,0,0.5
1783082161412060160,0.001,-0.678348,-0.678348,-0.678418,0.000671037,0,0.5
1783082161413060096,0.001,-0.678348,-0.678348,-0.678418,0.000671016,0,0.5
1783082161414060032,0.001,-0.678348,-0.678348,-0.678418,0.000670995,0,0.5
1783082161415059968,0.001,-0.678348,-0.678348,-0.678418,0.000670975,0,0.5
1783082161416059904,0.001,-0.678348,-0.678348,-0.678418,0.000670956,0,0.5
1783082161417059840,0.001,-0.678348,-0.678348,-0.678418,0.000670938,0,0.5
1783082161418059776,0.001,-0.678348,-0.678348,-0.678418,0.00067092,0,0.5
1783082161419059712,0.001,-0.678348,-0.678348,-0.678418,0.000670903,0,0.5
1783082161420059648,0.001,-0.678348,-0.678348,-0.678418,0.000670887,0,0.5
1783082161421059584,0.001,-0.678348,-0.678348,-0.678417,0.000670871,0,0.5
1783082161422059520,0.001,0,0,-0.678417,0.000686946,0,0.5
1783082161423059456,0.001,-0.678348,-0.678348,-0.678417,0.000686177,0,0.5
1783082161424059392,0.001,0,0,-0.678416,0.000702253,0,0.5
1783082161425059328,0.001,-0.678348,-0.678348,-0.678416,0.00070075,0,0.5
1783082161426059264,0.001,0,0,-0.678415,0.000716826,0,0.5
1783082161427059200,0.001,-0.678348,-0.678348,-0.678415,0.000714611,0,0.5
1783082161428059136,0.001,0,0,-0.678415,0.000730686,0,0.5
1783082161429059072,0.001,0,0,-0.678414,0.000746761,0,0.5
1783082161430059008,0.001,0,0,-0.678413,0.000762836,0,0.5
1783082161431058944,0.001,-0.678348,-0.678348,-0.678413,0.000758282,0,0.5
1783082161432058880,0.001,-0.678348,-0.678348,-0.678413,0.000753965,0,0.5
1783082161433058816,0.001,0,0,-0.678412,0.00077004,0,0.5
1783082161434058752,0.001,-0.678348,-0.678348,-0.678413,0.000765106,0,0.5
1783082161435058688,0.001,-0.678348,-0.678348,-0.678413,0.000760432,0,0.5
1783082161436058624,0.001,-0.678348,-0.678348,-0.678413,0.000756002,0,0.5
1783082161437058560,0.001,-0.678348,-0.678348,-0.678413,0.000751802,0,0.5
1783082161438058496,0.001,-0.678348,-0.678348,-0.678413,0.00074782,0,0.5
1783082161439058432,0.001,-0.678348,-0.678348,-0.678413,0.000744042,0,0.5
1783082161440058368,0.001,-0.678348,-0.678348,-0.678413,0.000740458,0,0.5
1783082161441058304,0.001,-0.678348,-0.678348,-0.678413,0.000737056,0,0.5
1783082161442058240,0.001,-0.678348,-0.678348,-0.678413,0.000733827,0,0.5
1783082161443058176,0.001,-0.678348,-0.678348,-0.678413,0.000730762,0,0.5
1783082161444058112,0.001,-0.678348,-0.678348,-0.678413,0.00072785,0,0.5
1783082161445058048,0.001,-0.678348,-0.678348,-0.678413,0.000725084,0,0.5
1783082161446057984,0.001,-0.678348,-0.678348,-0.678413,0.000722456,0,0.5
1783082161447057920,0.001,-0.678348,-0.678348,-0.678413,0.000719959,0,0.5
1783082161448057856,0.001,-0.678348,-0.678348,-0.678413,0.000717586,0,0.5
1783082161449057792,0.001,-0.678348,-0.678348,-0.678413,0.00071533,0,0.5
1783082161450057728,0.001,-0.678348,-0.678348,-0.678413,0.000713185,0,0.5
1783082161451057664,0.001,-0.678348,-0.678348,-0.678413,0.000711145,0,0.5
1783082161452057600,0.001,-0.678348,-0.678348,-0.678413,0.000709205,0,0.5
1783082161453057536,0.001,-0.678348,-0.678348,-0.678413,0.00070736,0,0.5
1783082161454057472,0.001,-0.678348,-0.678348,-0.678413,0.000705605,0,0.5
1783082161455057408,0.001,-0.678348,-0.678348,-0.678413,0.000703935,0,0.5
1783082161456057344,0.001,-0.678348,-0.678348,-0.678413,0.000702347,0,0.5
1783082161457057280,0.001,-0.678348,-0.678348,-0.678413,0.000700834,0,0.5
1783082161458057216,0.001,-0.678348,-0.678348,-0.678413,0.000699395,0,0.5
1783082161459057152,0.001,-0.678348,-0.678348,-0.678413,0.000698025,0,0.5
1783082161460057088,0.001,-0.678348,-0.678348,-0.678413,0.000696721,0,0.5
1783082161461057024,0.001,-0.678348,-0.678348,-0.678413,0.00069548,0,0.5
1783082161462056960,0.001,-0.678348,-0.678348,-0.678413,0.000694298,0,0.5
1783082161463056896,0.001,-0.678348,-0.678348,-0.678413,0.000693172,0,0.5
1783082161464056832,0.001,-0.678348,-0.678348,-0.678413,0.0006921,0,0.5
1783082161465056768,0.001,-0.678348,-0.678348,-0.678413,0.00069108,0,0.5
1783082161466056704,0.001,-0.678348,-0.678348,-0.678413,0.000690107,0,0.5
1783082161467056640,0.001,-0.678348,-0.678348,-0.678413,0.000689181,0,0.5
1783082161468056576,0.001,-0.678348,-0.678348,-0.678413,0.000688299,0,0.5
1783082161469056512,0.001,-0.678348,-0.678348,-0.678413,0.000687458,0,0.5
1783082161470056448,0.001,-0.678348,-0.678348,-0.678413,0.000686658,0,0.5
1783082161471056384,0.001,-0.678348,-0.678348,-0.678413,0.000685895,0,0.5
1783082161472056320,0.001,-0.678348,-0.678348,-0.678413,0.000685168,0,0.5
1783082161473056256,0.001,-0.678348,-0.678348,-0.678413,0.000684475,0,0.5
1783082161474056192,0.001,-0.678348,-0.678348,-0.678413,0.000683815,0,0.5
1783082161475056128,0.001,-0.678348,-0.678348,-0.678413,0.000683186,0,0.5
1783082161476056064,0.001,-0.678348,-0.678348,-0.678413,0.000682586,0,0.5
1783082161477056000,0.001,-0.678348,-0.678348,-0.678413,0.000682015,0,0.5
1783082161478055936,0.001,-0.678348,-0.678348,-0.678413,0.00068147,0,0.5
1783082161479055872,0.001,-0.678348,-0.678348,-0.678413,0.00068095,0,0.5
1783082161480055808,0.001,-0.678348,-0.678348,-0.678413,0.000680455,0,0.5
1783082161481055744,0.001,-0.678348,-0.678348,-0.678413,0.000679983,0,0.5
1783082161482055680,0.001,-0.678348,-0.678348,-0.678413,0.000679533,0,0.5
1783082161483055616,0.001,-0.678348,-0.678348,-0.678413,0.000679104,0,0.5
1783082161484055552,0.001,-0.678348,-0.678348,-0.678413,0.000678695,0,0.5
1783082161485055488,0.001,-0.678348,-0.678348,-0.678413,0.000678305,0,0.5
1783082161486055424,0.001,-0.678348,-0.678348,-0.678413,0.000677933,0,0.5
1783082161487055360,0.001,-0.678348,-0.678348,-0.678413,0.000677579,0,0.5
1783082161488055296,0.001,-0.678348,-0.678348,-0.678413,0.00067724,0,0.5
1783082161489055232,0.001,-0.678348,-0.678348,-0.678413,0.000676918,0,0.5
1783082161490055168,0.001,-0.678348,-0.678348,-0.678413,0.00067661,0,0.5
1783082161491055104,0.001,-0.678348,-0.678348,-0.678413,0.000676317,0,0.5
1783082161492055040,0.001,-0.678348,-0.678348,-0.678413,0.000676037,0,0.5
1783082161493054976,0.001,-0.678348,-0.678348,-0.678413,0.000675769,0,0.5
1783082161494054912,0.001,-0.678348,-0.678348,-0.678413,0.000675515,0,0.5
1783082161495054848,0.001,-0.678348,-0.678348,-0.678413,0.000675272,0,0.5
1783082161496054784,0.001,-0.678348,-0.678348,-0.678413,0.00067504,0,0.5
1783082161497054720,0.001,-0.678348,-0.678348,-0.678413,0.000674819,0,0.5
1783082161498054656,0.001,-0.678348,-0.678348,-0.678413,0.000674607,0,0.5
1783082161499054592,0.001,-0.678348,-0.678348,-0.678413,0.000674406,0,0.5
1783082161500054528,0.001,-0.678348,-0.678348,-0.678413,0.000674214,0,0.5
1783082161501054464,0.001,-0.678348,-0.678348,-0.678413,0.00067403,0,0.5
1783082161502054400,0.001,-0.678348,-0.678348,-0.678413,0.000673855,0,0.5
1783082161503054336,0.001,-0.678348,-0.678348,-0.678413,0.000673688,0,0.5
1783082161504054272,0.001,-0.678348,-0.678348,-0.678412,0.000673529,0,0.5
1783082161505054208,0.001,-0.678348,-0.678348,-0.678412,0.000673376,0,0.5
1783082161506054144,0.001,-0.678348,-0.678348,-0.678412,0.000673231,0,0.5
1783082161507054080,0.001,-0.678348,-0.678348,-0.678412,0.000673092,0,0.5
1783082161508054016,0.001,-0.678348,-0.678348,-0.678412,0.00067296,0,0.5
1783082161509053952,0.001,-0.678348,-0.678348,-0.678412,0.000672833,0,0.5
1783082161510053888,0.001,-0.678348,-0.678348,-0.678412,0.000672713,0,0.5
1783082161511053824,0.001,-0.678348,-0.678348,-0.678412,0.000672597,0,0.5
1783082161512053760,0.001,-0.678348,-0.678348,-0.678412,0.000672487,0,0.5
1783082161513053696,0.001,-0.678348,-0.678348,-0.678412,0.000672382,0,0.5
1783082161514053632,0.001,-0.678348,-0.678348,-0.678412,0.000672281,0,0.5
1783082161515053568,0.001,-0.678348,-0.678348,-0.678412,0.000672185,0,0.5
1783082161516053504,0.001,-0.678348,-0.678348,-0.678412,0.000672093,0,0.5
1783082161517053440,0.001,-0.678348,-0.678348,-0.678412,0.000672006,0,0.5
1783082161518053376,0.001,-0.678348,-0.678348,-0.678412,0.000671922,0,0.5
1783082161519053312,0.001,-0.678348,-0.678348,-0.678412,0.000671842,0,0.5
1783082161520053248,0.001,-0.678348,-0.678348,-0.678412,0.000671766,0,0.5
1783082161521053184,0.001,-0.678348,-0.678348,-0.678412,0.000671692,0,0.5
1783082161522053120,0.001,-0.678348,-0.678348,-0.678412,0.000671623,0,0.5
1783082161523053056,0.001,-0.678348,-0.678348,-0.678412,0.000671556,0,0.5
1783082161524052992,0.001,0,0,-0.678411,0.000687624,0,0.5
1783082161525052928,0.001,0,0,-0.67841,0.000703691,0,0.5
1783082161526052864,0.001,0,0,-0.67841,0.000719759,0,0.5
1783082161527052800,0.001,0,0,-0.678409,0.000735827,0,0.5
1783082161528052736,0.001,0,0,-0.678408,0.000751895,0,0.5
1783082161529052672,0.001,0,0,-0.678407,0.000767963,0,0.5
1783082161530052608,0.001,0,0,-0.678407,0.00078403,0,0.5
1783082161531052544,0.001,0,0,-0.678406,0.000800098,0,0.5
1783082161532052480,0.001,-0.678348,-0.678348,-0.678406,0.000793529,0,0.5
1783082161533052416,0.001,0,0,-0.678405,0.000809597,0,0.5
1783082161534052352,0.001,-0.678348,-0.678348,-0.678405,0.000802505,0,0.5
1783082161535052288,0.001,-0.678348,-0.678348,-0.678406,0.000795803,0,0.5
1783082161536052224,0.001,-0.678348,-0.678348,-0.678406,0.000789468,0,0.5
1783082161537052160,0.001,-0.678348,-0.678348,-0.678406,0.000783476,0,0.5
1783082161538052096,0.001,-0.678348,-0.678348,-0.678406,0.000777807,0,0.5
1783082161539052032,0.001,-0.678348,-0.678348,-0.678406,0.000772442,0,0.5
1783082161540051968,0.001,-0.678348,-0.678348,-0.678406,0.000767361,0,0.5
1783082161541051904,0.001,-0.678348,-0.678348,-0.678406,0.000762548,0,0.5
1783082161542051840,0.001,-0.678348,-0.678348,-0.678406,0.000757988,0,0.5
1783082161543051776,0.001,-0.678348,-0.678348,-0.678406,0.000753666,0,0.5
1783082161544051712,0.001,-0.678348,-0.678348,-0.678406,0.000749568,0,0.5
1783082161545051648,0.001,-0.678348,-0.678348,-0.678407,0.000745681,0,0.5
1783082161546051584,0.001,-0.678348,-0.678348,-0.678407,0.000741994,0,0.5
1783082161547051520,0.001,-0.678348,-0.678348,-0.678407,0.000738495,0,0.5
1783082161548051456,0.001,-0.678348,-0.678348,-0.678407,0.000735174,0,0.5
1783082161549051392,0.001,-0.678348,-0.678348,-0.678407,0.000732021,0,0.5
1783082161550051328,0.001,-0.678348,-0.678348,-0.678407,0.000729027,0,0.5
1783082161551051264,0.001,-0.678348,-0.678348,-0.678407,0.000726183,0,0.5
1783082161552051200,0.001,-0.678348,-0.678348,-0.678407,0.000723482,0,0.5
1783082161553051136,0.001,-0.678348,-0.678348,-0.678407,0.000720915,0,0.5
1783082161554051072,0.001,-0.678348,-0.678348,-0.678407,0.000718476,0,0.5
1783082161555051008,0.001,-0.678348,-0.678348,-0.678407,0.000716157,0,0.5
1783082161556050944,0.001,-0.678348,-0.678348,-0.678407,0.000713953,0,0.5
1783082161557050880,0.001,-0.678348,-0.678348,-0.678407,0.000711857,0,0.5
1783082161558050816,0.001,-0.678348,-0.678348,-0.678407,0.000709864,0,0.5
1783082161559050752,0.001,-0.678348,-0.678348,-0.678407,0.000707969,0,0.5
1783082161560050688,0.001,-0.678348,-0.678348,-0.678407,0.000706166,0,0.5
1783082161561050624,0.001,-0.678348,-0.678348,-0.678407,0.00070445,0,0.5
1783082161562050560,0.001,-0.678348,-0.678348,-0.678407,0.000702818,0,0.5
1783082161563050496,0.001,-0.678348,-0.678348,-0.678407,0.000701265,0,0.5
1783082161564050432,0.001,-0.678348,-0.678348,-0.678407,0.000699787,0,0.5
1783082161565050368,0.001,-0.678348,-0.678348,-0.678407,0.00069838,0,0.5
1783082161566050304,0.001,-0.678348,-0.678348,-0.678407,0.000697041,0,0.5
1783082161567050240,0.001,-0.678348,-0.678348,-0.678407,0.000695766,0,0.5
1783082161568050176,0.001,-0.678348,-0.678348,-0.678407,0.000694552,0,0.5
1783082161569050112,0.001,-0.678348,-0.678348,-0.678408,0.000693397,0,0.5
1783082161570050048,0.001,-0.678348,-0.678348,-0.678408,0.000692296,0,0.5
1783082161571049984,0.001,-0.678348,-0.678348,-0.678408,0.000691248,0,0.5
1783082161572049920,0.001,-0.678348,-0.678348,-0.678408,0.00069025,0,0.5
1783082161573049856,0.001,-0.678348,-0.678348,-0.678408,0.000689299,0,0.5
1783082161574049792,0.001,-0.678348,-0.678348,-0.678408,0.000688393,0,0.5
1783082161575049728,0.001,-0.678348,-0.678348,-0.678408,0.00068753,0,0.5
1783082161576049664,0.001,-0.678348,-0.678348,-0.678408,0.000686708,0,0.5
1783082161577049600,0.001,-0.678348,-0.678348,-0.678408,0.000685925,0,0.5
1783082161578049536,0.001,-0.678348,-0.678348,-0.678408,0.000685179,0,0.5
1783082161579049472,0.001,-0.678348,-0.678348,-0.678408,0.000684468,0,0.5
1783082161580049408,0.001,-0.678348,-0.678348,-0.678408,0.00068379,0,0.5
1783082161581049344,0.001,-0.678348,-0.678348,-0.678408,0.000683145,0,0.5
1783082161582049280,0.001,-0.678348,-0.678348,-0.678408,0.000682529,0,0.5
1783082161583049216,0.001,-0.678348,-0.678348,-0.678408,0.000681943,0,0.5
1783082161584049152,0.001,-0.678348,-0.678348,-0.678408,0.000681384,0,0.5
1783082161585049088,0.001,-0.678348,-0.678348,-0.678408,0.000680851,0,0.5
1783082161586049024,0.001,-0.678348,-0.678348,-0.678408,0.000680343,0,0.5
1783082161587048960,0.001,-0.678348,-0.678348,-0.678408,0.000679858,0,0.5
1783082161588048896,0.001,-0.678348,-0.678348,-0.678408,0.000679397,0,0.5
1783082161589048832,0.001,-0.678348,-0.678348,-0.678408,0.000678956,0,0.5
1783082161590048768,0.001,-0.678348,-0.678348,-0.678408,0.000678536,0,0.5
1783082161591048704,0.001,-0.678348,-0.678348,-0.678407,0.000678136,0,0.5
1783082161592048640,0.001,-0.678348,-0.678348,-0.678407,0.000677755,0,0.5
1783082161593048576,0.001,-0.678348,-0.678348,-0.678407,0.000677391,0,0.5
1783082161594048512,0.001,-0.678348,-0.678348,-0.678407,0.000677043,0,0.5
1783082161595048448,0.001,-0.678348,-0.678348,-0.678407,0.000676712,0,0.5
1783082161596048384,0.001,-0.678348,-0.678348,-0.678407,0.000676397,0,0.5
1783082161597048320,0.001,-0.678348,-0.678348,-0.678407,0.000676096,0,0.5
1783082161598048256,0.001,-0.678348,-0.678348,-0.678407,0.000675808,0,0.5
1783082161599048192,0.001,-0.678348,-0.678348,-0.678407,0.000675534,0,0.5
1783082161600048128,0.001,-0.678348,-0.678348,-0.678407,0.000675273,0,0.5
1783082161601048064,0.001,-0.678348,-0.678348,-0.678407,0.000675024,0,0.5
1783082161602048000,0.001,-0.678348,-0.678348,-0.678407,0.000674786,0,0.5
1783082161603047936,0.001,-0.678348,-0.678348,-0.678407,0.000674559,0,0.5
1783082161604047872,0.001,-0.678348,-0.678348,-0.678407,0.000674342,0,0.5
1783082161605047808,0.001,-0.678348,-0.678348,-0.678407,0.000674136,0,0.5
1783082161606047744,0.001,-0.678348,-0.678348,-0.678407,0.000673938,0,0.5
1783082161607047680,0.001,-0.678348,-0.678348,-0.678407,0.00067375,0,0.5
1783082161608047616,0.001,-0.678348,-0.678348,-0.678407,0.00067357,0,0.5
1783082161609047552,0.001,-0.678348,-0.678348,-0.678407,0.000673399,0,0.5
1783082161610047488,0.001,-0.678348,-0.678348,-0.678407,0.000673235,0,0.5
1783082161611047424,0.001,-0.678348,-0.678348,-0.678407,0.000673079,0,0.5
1783082161612047360,0.001,-0.678348,-0.678348,-0.678407,0.00067293,0,0.5
1783082161613047296,0.001,-0.678348,-0.678348,-0.678407,0.000672788,0,0.5
1783082161614047232,0.001,-0.678348,-0.678348,-0.678407,0.000672652,0,0.5
1783082161615047168,0.001,-0.678348,-0.678348,-0.678407,0.000672522,0,0.5
1783082161616047104,0.001,-0.678348,-0.678348,-0.678407,0.000672398,0,0.5
1783082161617047040,0.001,-0.678348,-0.678348,-0.678407,0.00067228,0,0.5
1783082161618046976,0.001,-0.678348,-0.678348,-0.678407,0.000672167,0,0.5
1783082161619046912,0.001,-0.678348,-0.678348,-0.678407,0.000672059,0,0.5
1783082161620046848,0.001,-0.678348,-0.678348,-0.678407,0.000671956,0,0.5
1783082161621046784,0.001,-0.678348,-0.678348,-0.678407,0.000671858,0,0.5
1783082161622046720,0.001,-0.678348,-0.678348,-0.678407,0.000671763,0,0.5
1783082161623046656,0.001,-0.678348,-0.678348,-0.678407,0.000671674,0,0.5
1783082161624046592,0.001,-0.678348,-0.678348,-0.678407,0.000671588,0,0.5
1783082161625046528,0.001,-0.678348,-0.678348,-0.678407,0.000671506,0,0.5
1783082161626046464,0.001,-0.678348,-0.678348,-0.678407,0.000671427,0,0.5
1783082161627046400,0.001,-0.678348,-0.678348,-0.678407,0.000671352,0,0.5
1783082161628046336,0.001,-0.678348,-0.678348,-0.678407,0.00067128,0,0.5
1783082161629046272,0.001,-0.678348,-0.678348,-0.678407,0.000671212,0,0.5
1783082161630046208,0.001,-0.678348,-0.678348,-0.678406,0.000671146,0,0.5
1783082161631046144,0.001,-0.678348,-0.678348,-0.678406,0.000671084,0,0.5
1783082161632046080,0.001,-0.678348,-0.678348,-0.678406,0.000671024,0,0.5
1783082161633046016,0.001,-0.678348,-0.678348,-0.678406,0.000670967,0,0.5
1783082161634045952,0.001,0,0,-0.678406,0.000687026,0,0.5
1783082161635045888,0.001,-0.678348,-0.678348,-0.678406,0.000686217,0,0.5
1783082161636045824,0.001,-0.678348,-0.678348,-0.678406,0.000685447,0,0.5
1783082161637045760,0.001,-0.678348,-0.678348,-0.678406,0.000684712,0,0.5
1783082161638045696,0.001,-0.678348,-0.678348,-0.678406,0.000684013,0,0.5
1783082161639045632,0.001,-0.678348,-0.678348,-0.678406,0.000683346,0,0.5
1783082161640045568,0.001,-0.678348,-0.678348,-0.678406,0.000682711,0,0.5
1783082161641045504,0.001,-0.678348,-0.678348,-0.678406,0.000682105,0,0.5
1783082161642045440,0.001,-0.678348,-0.678348,-0.678406,0.000681528,0,0.5
1783082161643045376,0.001,-0.678348,-0.678348,-0.678405,0.000680978,0,0.5
1783082161644045312,0.001,-0.678348,-0.678348,-0.678405,0.000680453,0,0.5
1783082161645045248,0.001,-0.678348,-0.678348,-0.678405,0.000679953,0,0.5
1783082161646045184,0.001,-0.678348,-0.678348,-0.678405,0.000679476,0,0.5
1783082161647045120,0.001,-0.678348,-0.678348,-0.678405,0.000679022,0,0.5
1783082161648045056,0.001,-0.678348,-0.678348,-0.678405,0.000678589,0,0.5
1783082161649044992,0.001,-0.678348,-0.678348,-0.678405,0.000678176,0,0.5
1783082161650044928,0.001,-0.678348,-0.678348,-0.678405,0.000677782,0,0.5
1783082161651044864,0.001,-0.678348,-0.678348,-0.678405,0.000677406,0,0.5
1783082161652044800,0.001,-0.678348,-0.678348,-0.678405,0.000677048,0,0.5
1783082161653044736,0.001,-0.678348,-0.678348,-0.678405,0.000676706,0,0.5
1783082161654044672,0.001,-0.678348,-0.678348,-0.678405,0.00067638,0,0.5
1783082161655044608,0.001,-0.678348,-0.678348,-0.678405,0.00067607,0,0.5
1783082161656044544,0.001,-0.678348,-0.678348,-0.678405,0.000675773,0,0.5
1783082161657044480,0.001,-0.678348,-0.678348,-0.678405,0.00067549,0,0.5
1783082161658044416,0.001,-0.678348,-0.678348,-0.678405,0.000675221,0,0.5
1783082161659044352,0.001,-0.678348,-0.678348,-0.678405,0.000674964,0,0.5
1783082161660044288,0.001,-0.678348,-0.678348,-0.678405,0.000674718,0,0.5
1783082161661044224,0.001,-0.678348,-0.678348,-0.678405,0.000674484,0,0.5
1783082161662044160,0.001,-0.678348,-0.678348,-0.678405,0.00067426,0,0.5
1783082161663044096,0.001,-0.678348,-0.678348,-0.678405,0.000674047,0,0.5
1783082161664044032,0.001,-0.678348,-0.678348,-0.678405,0.000673844,0,0.5
1783082161665043968,0.001,-0.678348,-0.678348,-0.678405,0.00067365,0,0.5
1783082161666043904,0.001,-0.678348,-0.678348,-0.678405,0.000673465,0,0.5
1783082161667043840,0.001,-0.678348,-0.678348,-0.678405,0.000673288,0,0.5
1783082161668043776,0.001,-0.678348,-0.678348,-0.678405,0.000673119,0,0.5
1783082161669043712,0.001,-0.678348,-0.678348,-0.678405,0.000672958,0,0.5
1783082161670043648,0.001,-0.678348,-0.678348,-0.678405,0.000672804,0,0.5
1783082161671043584,0.001,-0.678348,-0.678348,-0.678405,0.000672658,0,0.5
1783082161672043520,0.001,-0.678348,-0.678348,-0.678405,0.000672518,0,0.5
1783082161673043456,0.001,-0.678348,-0.678348,-0.678404,0.000672384,0,0.5
1783082161674043392,0.001,-0.678348,-0.678348,-0.678404,0.000672256,0,0.5
1783082161675043328,0.001,-0.678348,-0.678348,-0.678404,0.000672134,0,0.5
1783082161676043264,0.001,-0.678348,-0.678348,-0.678404,0.000672018,0,0.5
1783082161677043200,0.001,-0.678348,-0.678348,-0.678404,0.000671907,0,0.5
1783082161678043136,0.001,-0.678348,-0.678348,-0.678404,0.0006718,0,0.5
1783082161679043072,0.001,-0.678348,-0.678348,-0.678404,0.000671699,0,0.5
1783082161680043008,0.001,-0.678348,-0.678348,-0.678404,0.000671602,0,0.5
1783082161681042944,0.001,-0.678348,-0.678348,-0.678404,0.00067151,0,0.5
1783082161682042880,0.001,-0.678348,-0.678348,-0.678404,0.000671421,0,0.5
1783082161683042816,0.001,-0.678348,-0.678348,-0.678404,0.000671337,0,0.5
1783082161684042752,0.001,-0.678348,-0.678348,-0.678404,0.000671256,0,0.5
1783082161685042688,0.001,-0.678348,-0.678348,-0.678404,0.000671179,0,0.5
1783082161686042624,0.001,-0.678348,-0.678348,-0.678404,0.000671105,0,0.5
1783082161687042560,0.001,-0.678348,-0.678348,-0.678404,0.000671034,0,0.5
1783082161688042496,0.001,-0.678348,-0.678348,-0.678404,0.000670967,0,0.5
1783082161689042432,0.001,-0.678348,-0.678348,-0.678404,0.000670902,0,0.5
1783082161690042368,0.001,-0.678348,-0.678348,-0.678404,0.000670841,0,0.5
1783082161691042304,0.001,-0.678348,-0.678348,-0.678404,0.000670782,0,0.5
1783082161692042240,0.001,-0.678348,-0.678348,-0.678404,0.000670725,0,0.5
1783082161693042176,0.001,-0.678348,-0.678348,-0.678404,0.000670672,0,0.5
1783082161694042112,0.001,-0.678348,-0.678348,-0.678404,0.00067062,0,0.5
1783082161695042048,0.001,-0.678348,-0.678348,-0.678404,0.00067057,0,0.5
1783082161696041984,0.001,-0.678348,-0.678348,-0.678404,0.000670523,0,0.5
1783082161697041920,0.001,-0.678348,-0.678348,-0.678403,0.000670478,0,0.5
1783082161698041856,0.001,-0.678348,-0.678348,-0.678403,0.000670435,0,0.5
1783082161699041792,0.001,-0.678348,-0.678348,-0.678403,0.000670393,0,0.5
1783082161700041728,0.001,-0.678348,-0.678348,-0.678403,0.000670353,0,0.5
1783082161701041664,0.001,-0.678348,-0.678348,-0.678403,0.000670315,0,0.5
1783082161702041600,0.001,-0.678348,-0.678348,-0.678403,0.000670279,0,0.5
1783082161703041536,0.001,-0.678348,-0.678348,-0.678403,0.000670244,0,0.5
1783082161704041472,0.001,-0.678348,-0.678348,-0.678403,0.00067021,0,0.5
1783082161705041408,0.001,-0.678348,-0.678348,-0.678403,0.000670178,0,0.5
1783082161706041344,0.001,-0.678348,-0.678348,-0.678403,0.000670147,0,0.5
1783082161707041280,0.001,-0.678348,-0.678348,-0.678403,0.000670118,0,0.5
1783082161708041216,0.001,-0.678348,-0.678348,-0.678403,0.00067009,0,0.5
1783082161709041152,0.001,-0.678348,-0.678348,-0.678403,0.000670062,0,0.5
1783082161710041088,0.001,-0.678348,-0.678348,-0.678403,0.000670036,0,0.5
1783082161711041024,0.001,0,0,-0.678402,0.00068609,0,0.5
1783082161712040960,0.001,-0.678348,-0.678348,-0.678402,0.000685312,0,0.5
1783082161713040896,0.001,-0.678348,-0.678348,-0.678402,0.000684571,0,0.5
1783082161714040832,0.001,-0.678348,-0.678348,-0.678402,0.000683864,0,0.5
1783082161715040768,0.001,-0.678348,-0.678348,-0.678402,0.000683191,0,0.5
1783082161716040704,0.001,-0.678348,-0.678348,-0.678402,0.000682549,0,0.5
1783082161717040640,0.001,-0.678348,-0.678348,-0.678402,0.000681938,0,0.5
1783082161718040576,0.001,-0.678348,-0.678348,-0.678402,0.000681355,0,0.5
1783082161719040512,0.001,-0.678348,-0.678348,-0.678402,0.0006808,0,0.5
1783082161720040448,0.001,-0.678348,-0.678348,-0.678402,0.00068027,0,0.5
1783082161721040384,0.001,0,0,-0.678401,0.000696323,0,0.5
1783082161722040320,0.001,-0.678348,-0.678348,-0.678401,0.000695055,0,0.5
1783082161723040256,0.001,0,0,-0.678401,0.000711108,0,0.5
1783082161724040192,0.001,-0.678348,-0.678348,-0.678401,0.000709121,0,0.5
1783082161725040128,0.001,0,0,-0.6784,0.000725174,0,0.5
1783082161726040064,0.001,-0.678348,-0.678348,-0.6784,0.00072249,0,0.5
1783082161727040000,0.001,0,0,-0.678399,0.000738543,0,0.5
1783082161728039936,0.001,-0.678348,-0.678348,-0.678399,0.000735186,0,0.5
1783082161729039872,0.001,-0.678348,-0.678348,-0.678399,0.000731998,0,0.5
1783082161730039808,0.001,-0.678348,-0.678348,-0.678399,0.000728972,0,0.5
1783082161731039744,0.001,0,0,-0.678398,0.000745024,0,0.5
1783082161732039680,0.001,0,0,-0.678398,0.000761077,0,0.5
1783082161733039616,0.001,0,0,-0.678397,0.000777129,0,0.5
1783082161734039552,0.001,-0.678348,-0.678348,-0.678397,0.000771761,0,0.5
1783082161735039488,0.001,0,0,-0.678396,0.000787813,0,0.5
1783082161736039424,0.001,-0.678348,-0.678348,-0.678396,0.000781871,0,0.5
1783082161737039360,0.001,-0.678348,-0.678348,-0.678397,0.000776249,0,0.5
1783082161738039296,0.001,-0.678348,-0.678348,-0.678397,0.000770927,0,0.5
1783082161739039232,0.001,-0.678348,-0.678348,-0.678397,0.000765888,0,0.5
1783082161740039168,0.001,-0.678348,-0.678348,-0.678397,0.000761114,0,0.5
1783082161741039104,0.001,-0.678348,-0.678348,-0.678397,0.000756591,0,0.5
1783082161742039040,0.001,-0.678348,-0.678348,-0.678397,0.000752303,0,0.5
1783082161743038976,0.001,-0.678348,-0.678348,-0.678397,0.000748238,0,0.5
1783082161744038912,0.001,-0.678348,-0.678348,-0.678397,0.000744382,0,0.5
1783082161745038848,0.001,-0.678348,-0.678348,-0.678397,0.000740724,0,0.5
1783082161746038784,0.001,-0.678348,-0.678348,-0.678397,0.000737252,0,0.5
1783082161747038720,0.001,-0.678348,-0.678348,-0.678397,0.000733957,0,0.5
1783082161748038656,0.001,-0.678348,-0.678348,-0.678397,0.000730829,0,0.5
1783082161749038592,0.001,-0.678348,-0.678348,-0.678397,0.000727858,0,0.5
1783082161750038528,0.001,-0.678348,-0.678348,-0.678398,0.000725036,0,0.5
1783082161751038464,0.001,-0.678348,-0.678348,-0.678398,0.000722356,0,0.5
1783082161752038400,0.001,-0.678348,-0.678348,-0.678398,0.000719809,0,0.5
1783082161753038336,0.001,-0.678348,-0.678348,-0.678398,0.000717388,0,0.5
1783082161754038272,0.001,-0.678348,-0.678348,-0.678398,0.000715088,0,0.5
1783082161755038208,0.001,-0.678348,-0.678348,-0.678398,0.0007129,0,0.5
1783082161756038144,0.001,-0.678348,-0.678348,-0.678398,0.00071082,0,0.5
1783082161757038080,0.001,-0.678348,-0.678348,-0.678398,0.000708842,0,0.5
1783082161758038016,0.001,-0.678348,-0.678348,-0.678398,0.000706961,0,0.5
1783082161759037952,0.001,-0.678348,-0.678348,-0.678398,0.000705172,0,0.5
1783082161760037888,0.001,-0.678348,-0.678348,-0.678398,0.000703469,0,0.5
1783082161761037824,0.001,-0.678348,-0.678348,-0.678398,0.00070185,0,0.5
1783082161762037760,0.001,-0.678348,-0.678348,-0.678398,0.000700308,0,0.5
1783082161763037696,0.001,-0.678348,-0.678348,-0.678398,0.000698841,0,0.5
1783082161764037632,0.001,-0.678348,-0.678348,-0.678398,0.000697445,0,0.5
1783082161765037568,0.001,-0.678348,-0.678348,-0.678398,0.000696116,0,0.5
1783082161766037504,0.001,-0.678348,-0.678348,-0.678398,0.000694851,0,0.5
1783082161767037440,0.001,-0.678348,-0.678348,-0.678398,0.000693646,0,0.5
1783082161768037376,0.001,-0.678348,-0.678348,-0.678398,0.000692499,0,0.5
1783082161769037312,0.001,-0.678348,-0.678348,-0.678398,0.000691406,0,0.5
1783082161770037248,0.001,-0.678348,-0.678348,-0.678398,0.000690366,0,0.5
1783082161771037184,0.001,-0.678348,-0.678348,-0.678398,0.000689375,0,0.5
1783082161772037120,0.001,-0.678348,-0.678348,-0.678398,0.000688432,0,0.5
1783082161773037056,0.001,-0.678348,-0.678348,-0.678398,0.000687533,0,0.5
1783082161774036992,0.001,-0.678348,-0.678348,-0.678398,0.000686676,0,0.5
1783082161775036928,0.001,-0.678348,-0.678348,-0.678398,0.000685861,0,0.5
1783082161776036864,0.001,-0.678348,-0.678348,-0.678398,0.000685083,0,0.5
1783082161777036800,0.001,-0.678348,-0.678348,-0.678398,0.000684343,0,0.5
1783082161778036736,0.001,-0.678348,-0.678348,-0.678398,0.000683637,0,0.5
1783082161779036672,0.001,-0.678348,-0.678348,-0.678398,0.000682964,0,0.5
1783082161780036608,0.001,-0.678348,-0.678348,-0.678398,0.000682323,0,0.5
1783082161781036544,0.001,-0.678348,-0.678348,-0.678398,0.000681712,0,0.5
1783082161782036480,0.001,-0.678348,-0.678348,-0.678398,0.00068113,0,0.5
1783082161783036416,0.001,-0.678348,-0.678348,-0.678398,0.000680575,0,0.5
1783082161784036352,0.001,-0.678348,-0.678348,-0.678398,0.000680046,0,0.5
1783082161785036288,0.001,-0.678348,-0.678348,-0.678398,0.000679542,0,0.5
1783082161786036224,0.001,-0.678348,-0.678348,-0.678398,0.000679061,0,0.5
1783082161787036160,0.001,-0.678348,-0.678348,-0.678398,0.000678603,0,0.5
1783082161788036096,0.001,-0.678348,-0.678348,-0.678398,0.000678166,0,0.5
1783082161789036032,0.001,-0.678348,-0.678348,-0.678398,0.000677749,0,0.5
1783082161790035968,0.001,-0.678348,-0.678348,-0.678398,0.000677352,0,0.5
1783082161791035904,0.001,-0.678348,-0.678348,-0.678398,0.000676973,0,0.5
1783082161792035840,0.001,-0.678348,-0.678348,-0.678398,0.000676612,0,0.5
1783082161793035776,0.001,-0.678348,-0.678348,-0.678398,0.000676268,0,0.5
1783082161794035712,0.001,-0.678348,-0.678348,-0.678398,0.000675939,0,0.5
1783082161795035648,0.001,-0.678348,-0.678348,-0.678398,0.000675626,0,0.5
1783082161796035584,0.001,-0.678348,-0.678348,-0.678398,0.000675327,0,0.5
1783082161797035520,0.001,-0.678348,-0.678348,-0.678398,0.000675042,0,0.5
1783082161798035456,0.001,-0.678348,-0.678348,-0.678398,0.00067477,0,0.5
1783082161799035392,0.001,-0.678348,-0.678348,-0.678398,0.000674511,0,0.5
1783082161800035328,0.001,-0.678348,-0.678348,-0.678398,0.000674263,0,0.5
1783082161801035264,0.001,-0.678348,-0.678348,-0.678398,0.000674027,0,0.5
1783082161802035200,0.001,-0.678348,-0.678348,-0.678398,0.000673802,0,0.5
1783082161803035136,0.001,-0.678348,-0.678348,-0.678398,0.000673587,0,0.5
1783082161804035072,0.001,-0.678348,-0.678348,-0.678398,0.000673382,0,0.5
1783082161805035008,0.001,-0.678348,-0.678348,-0.678398,0.000673186,0,0.5
1783082161806034944,0.001,-0.678348,-0.678348,-0.678398,0.000672999,0,0.5
1783082161807034880,0.001,-0.678348,-0.678348,-0.678398,0.000672821,0,0.5
1783082161808034816,0.001,-0.678348,-0.678348,-0.678398,0.000672651,0,0.5
1783082161809034752,0.001,-0.678348,-0.678348,-0.678398,0.000672489,0,0.5
1783082161810034688,0.001,-0.678348,-0.678348,-0.678398,0.000672334,0,0.5
1783082161811034624,0.001,-0.678348,-0.678348,-0.678398,0.000672186,0,0.5
1783082161812034560,0.001,-0.678348,-0.678348,-0.678398,0.000672045,0,0.5
1783082161813034496,0.001,-0.678348,-0.678348,-0.678398,0.00067191,0,0.5
1783082161814034432,0.001,-0.678348,-0.678348,-0.678398,0.000671781,0,0.5
1783082161815034368,0.001,-0.678348,-0.678348,-0.678398,0.000671658,0,0.5
1783082161816034304,0.001,-0.678348,-0.678348,-0.678398,0.000671541,0,0.5
1783082161817034240,0.001,-0.678348,-0.678348,-0.678398,0.000671429,0,0.5
1783082161818034176,0.001,0,0,-0.678397,0.000687474,0,0.5
1783082161819034112,0.001,-0.678348,-0.678348,-0.678397,0.000686613,0,0.5
1783082161820034048,0.001,0,0,-0.678396,0.000702658,0,0.5
1783082161821033984,0.001,-0.678348,-0.678348,-0.678396,0.000701067,0,0.5
1783082161822033920,0.001,0,0,-0.678396,0.000717113,0,0.5
1783082161823033856,0.001,-0.678348,-0.678348,-0.678396,0.000714813,0,0.5
1783082161824033792,0.001,0,0,-0.678395,0.000730859,0,0.5
1783082161825033728,0.001,-0.678348,-0.678348,-0.678395,0.000727873,0,0.5
1783082161826033664,0.001,-0.678348,-0.678348,-0.678395,0.000725037,0,0.5
1783082161827033600,0.001,0,0,-0.678394,0.000741082,0,0.5
1783082161828033536,0.001,0,0,-0.678393,0.000757127,0,0.5
1783082161829033472,0.001,0,0,-0.678393,0.000773172,0,0.5
1783082161830033408,0.001,0,0,-0.678392,0.000789217,0,0.5
1783082161831033344,0.001,0,0,-0.678391,0.000805263,0,0.5
1783082161832033280,0.001,0,0,-0.67839,0.000821308,0,0.5
1783082161833033216,0.001,0,0,-0.678389,0.000837353,0,0.5
1783082161834033152,0.001,0,0,-0.678389,0.000853398,0,0.5
1783082161835033088,0.001,-0.678348,-0.678348,-0.678389,0.000843754,0,0.5
1783082161836033024,0.001,0,0,-0.678388,0.000859799,0,0.5
1783082161837032960,0.001,-0.678348,-0.678348,-0.678388,0.000849781,0,0.5
1783082161838032896,0.001,-0.678348,-0.678348,-0.678388,0.000840347,0,0.5
1783082161839032832,0.001,-0.678348,-0.678348,-0.678389,0.000831457,0,0.5
1783082161840032768,0.001,-0.678348,-0.678348,-0.678389,0.000823076,0,0.5
1783082161841032704,0.001,-0.678348,-0.678348,-0.678389,0.000815168,0,0.5
1783082161842032640,0.001,-0.678348,-0.678348,-0.678389,0.000807704,0,0.5
1783082161843032576,0.001,-0.678348,-0.678348,-0.678389,0.000800654,0,0.5
1783082161844032512,0.001,-0.678348,-0.678348,-0.67839,0.000793992,0,0.5
1783082161845032448,0.001,-0.678348,-0.678348,-0.67839,0.000787695,0,0.5
1783082161846032384,0.001,-0.678348,-0.678348,-0.67839,0.000781739,0,0.5
1783082161847032320,0.001,-0.678348,-0.678348,-0.67839,0.000776103,0,0.5
1783082161848032256,0.001,-0.678348,-0.678348,-0.67839,0.000770769,0,0.5
1783082161849032192,0.001,-0.678348,-0.678348,-0.67839,0.000765717,0,0.5
1783082161850032128,0.001,-0.678348,-0.678348,-0.678391,0.000760933,0,0.5
1783082161851032064,0.001,-0.678348,-0.678348,-0.678391,0.000756399,0,0.5
1783082161852032000,0.001,-0.678348,-0.678348,-0.678391,0.000752101,0,0.5
1783082161853031936,0.001,-0.678348,-0.678348,-0.678391,0.000748026,0,0.5
1783082161854031872,0.001,-0.678348,-0.678348,-0.678391,0.000744162,0,0.5
1783082161855031808,0.001,-0.678348,-0.678348,-0.678391,0.000740496,0,0.5
1783082161856031744,0.001,-0.678348,-0.678348,-0.678391,0.000737016,0,0.5
1783082161857031680,0.001,-0.678348,-0.678348,-0.678391,0.000733714,0,0.5
1783082161858031616,0.001,-0.678348,-0.678348,-0.678391,0.000730579,0,0.5
1783082161859031552,0.001,-0.678348,-0.678348,-0.678392,0.000727602,0,0.5
1783082161860031488,0.001,-0.678348,-0.678348,-0.678392,0.000724774,0,0.5
1783082161861031424,0.001,-0.678348,-0.678348,-0.678392,0.000722088,0,0.5
1783082161862031360,0.001,-0.678348,-0.678348,-0.678392,0.000719535,0,0.5
1783082161863031296,0.001,-0.678348,-0.678348,-0.678392,0.000717109,0,0.5
1783082161864031232,0.001,-0.678348,-0.678348,-0.678392,0.000714804,0,0.5
1783082161865031168,0.001,-0.678348,-0.678348,-0.678392,0.000712612,0,0.5
1783082161866031104,0.001,-0.678348,-0.678348,-0.678392,0.000710527,0,0.5
1783082161867031040,0.001,-0.678348,-0.678348,-0.678392,0.000708545,0,0.5
1783082161868030976,0.001,-0.678348,-0.678348,-0.678392,0.00070666,0,0.5
1783082161869030912,0.001,-0.678348,-0.678348,-0.678392,0.000704867,0,0.5
1783082161870030848,0.001,-0.678348,-0.678348,-0.678392,0.000703161,0,0.5
1783082161871030784,0.001,-0.678348,-0.678348,-0.678392,0.000701538,0,0.5
1783082161872030720,0.001,-0.678348,-0.678348,-0.678392,0.000699993,0,0.5
1783082161873030656,0.001,-0.678348,-0.678348,-0.678393,0.000698523,0,0.5
1783082161874030592,0.001,-0.678348,-0.678348,-0.678393,0.000697124,0,0.5
1783082161875030528,0.001,-0.678348,-0.678348,-0.678393,0.000695792,0,0.5
1783082161876030464,0.001,-0.678348,-0.678348,-0.678393,0.000694524,0,0.5
1783082161877030400,0.001,-0.678348,-0.678348,-0.678393,0.000693317,0,0.5
1783082161878030336,0.001,-0.678348,-0.678348,-0.678393,0.000692168,0,0.5
1783082161879030272,0.001,-0.678348,-0.678348,-0.678393,0.000691073,0,0.5
1783082161880030208,0.001,-0.678348,-0.678348,-0.678393,0.000690031,0,0.5
1783082161881030144,0.001,-0.678348,-0.678348,-0.678393,0.000689038,0,0.5
1783082161882030080,0.001,-0.678348,-0.678348,-0.678393,0.000688092,0,0.5
1783082161883030016,0.001,-0.678348,-0.678348,-0.678393,0.000687191,0,0.5
1783082161884029952,0.001,-0.678348,-0.678348,-0.678393,0.000686333,0,0.5
1783082161885029888,0.001,-0.678348,-0.678348,-0.678393,0.000685516,0,0.5
1783082161886029824,0.001,-0.678348,-0.678348,-0.678393,0.000684737,0,0.5
1783082161887029760,0.001,-0.678348,-0.678348,-0.678393,0.000683994,0,0.5
1783082161888029696,0.001,-0.678348,-0.678348,-0.678393,0.000683287,0,0.5
1783082161889029632,0.001,-0.678348,-0.678348,-0.678393,0.000682613,0,0.5
1783082161890029568,0.001,-0.678348,-0.678348,-0.678393,0.000681971,0,0.5
1783082161891029504,0.001,-0.678348,-0.678348,-0.678393,0.000681359,0,0.5
1783082161892029440,0.001,-0.678348,-0.678348,-0.678393,0.000680775,0,0.5
1783082161893029376,0.001,-0.678348,-0.678348,-0.678393,0.000680219,0,0.5
1783082161894029312,0.001,-0.678348,-0.678348,-0.678393,0.000679689,0,0.5
1783082161895029248,0.001,-0.678348,-0.678348,-0.678393,0.000679184,0,0.5
1783082161896029184,0.001,-0.678348,-0.678348,-0.678393,0.000678702,0,0.5
1783082161897029120,0.001,-0.678348,-0.678348,-0.678393,0.000678243,0,0.5
1783082161898029056,0.001,-0.678348,-0.678348,-0.678393,0.000677805,0,0.5
1783082161899028992,0.001,-0.678348,-0.678348,-0.678393,0.000677387,0,0.5
1783082161900028928,0.001,-0.678348,-0.678348,-0.678393,0.000676989,0,0.5
1783082161901028864,0.001,-0.678348,-0.678348,-0.678393,0.00067661,0,0.5
1783082161902028800,0.001,-0.678348,-0.678348,-0.678393,0.000676248,0,0.5
1783082161903028736,0.001,-0.678348,-0.678348,-0.678393,0.000675902,0,0.5
1783082161904028672,0.001,-0.678348,-0.678348,-0.678393,0.000675573,0,0.5
1783082161905028608,0.001,-0.678348,-0.678348,-0.678393,0.000675259,0,0.5
1783082161906028544,0.001,-0.678348,-0.678348,-0.678393,0.00067496,0,0.5
1783082161907028480,0.001,-0.678348,-0.678348,-0.678393,0.000674674,0,0.5
1783082161908028416,0.001,-0.678348,-0.678348,-0.678393,0.000674401,0,0.5
1783082161909028352,0.001,-0.678348,-0.678348,-0.678393,0.000674141,0,0.5
1783082161910028288,0.001,-0.678348,-0.678348,-0.678393,0.000673893,0,0.5
1783082161911028224,0.001,-0.678348,-0.678348,-0.678393,0.000673657,0,0.5
1783082161912028160,0.001,-0.678348,-0.678348,-0.678393,0.000673431,0,0.5
1783082161913028096,0.001,-0.678348,-0.678348,-0.678393,0.000673216,0,0.5
1783082161914028032,0.001,-0.678348,-0.678348,-0.678393,0.00067301,0,0.5
1783082161915027968,0.001,-0.678348,-0.678348,-0.678393,0.000672814,0,0.5
1783082161916027904,0.001,-0.678348,-0.678348,-0.678393,0.000672627,0,0.5
1783082161917027840,0.001,-0.678348,-0.678348,-0.678393,0.000672448,0,0.5
1783082161918027776,0.001,-0.678348,-0.678348,-0.678393,0.000672278,0,0.5
1783082161919027712,0.001,-0.678348,-0.678348,-0.678393,0.000672115,0,0.5
1783082161920027648,0.001,-0.678348,-0.678348,-0.678393,0.000671959,0,0.5
1783082161921027584,0.001,-0.678348,-0.678348,-0.678393,0.000671811,0,0.5
1783082161922027520,0.001,-0.678348,-0.678348,-0.678393,0.00067167,0,0.5
1783082161923027456,0.001,-0.678348,-0.678348,-0.678393,0.000671535,0,0.5
1783082161924027392,0.001,-0.678348,-0.678348,-0.678393,0.000671405,0,0.5
1783082161925027328,0.001,-0.678348,-0.678348,-0.678393,0.000671282,0,0.5
1783082161926027264,0.001,-0.678348,-0.678348,-0.678393,0.000671165,0,0.5
1783082161927027200,0.001,-0.678348,-0.678348,-0.678393,0.000671052,0,0.5
1783082161928027136,0.001,-0.678348,-0.678348,-0.678393,0.000670945,0,0.5
1783082161929027072,0.001,-0.678348,-0.678348,-0.678393,0.000670842,0,0.5
1783082161930027008,0.001,-0.678348,-0.678348,-0.678393,0.000670744,0,0.5
1783082161931026944,0.001,-0.678348,-0.678348,-0.678393,0.000670651,0,0.5
1783082161932026880,0.001,-0.678348,-0.678348,-0.678393,0.000670561,0,0.5
1783082161933026816,0.001,0,0,-0.678392,0.000686598,0,0.5
1783082161934026752,0.001,0,0,-0.678391,0.000702635,0,0.5
1783082161935026688,0.001,0,0,-0.678391,0.000718672,0,0.5
1783082161936026624,0.001,-0.678348,-0.678348,-0.678391,0.000716276,0,0.5
1783082161937026560,0.001,0,0,-0.67839,0.000732313,0,0.5
1783082161938026496,0.001,-0.678348,-0.678348,-0.67839,0.000729233,0,0.5
1783082161939026432,0.001,-0.678348,-0.678348,-0.67839,0.000726309,0,0.5
1783082161940026368,0.001,-0.678348,-0.678348,-0.67839,0.000723531,0,0.5
1783082161941026304,0.001,-0.678348,-0.678348,-0.67839,0.000720893,0,0.5
1783082161942026240,0.001,-0.678348,-0.678348,-0.67839,0.000718385,0,0.5
1783082161943026176,0.001,-0.678348,-0.678348,-0.67839,0.000716002,0,0.5
1783082161944026112,0.001,-0.678348,-0.678348,-0.67839,0.000713736,0,0.5
1783082161945026048,0.001,-0.678348,-0.678348,-0.67839,0.000711582,0,0.5
1783082161946025984,0.001,-0.678348,-0.678348,-0.67839,0.000709534,0,0.5
1783082161947025920,0.001,-0.678348,-0.678348,-0.67839,0.000707586,0,0.5
1783082161948025856,0.001,-0.678348,-0.678348,-0.67839,0.000705733,0,0.5
1783082161949025792,0.001,-0.678348,-0.678348,-0.67839,0.000703971,0,0.5
1783082161950025728,0.001,-0.678348,-0.678348,-0.67839,0.000702294,0,0.5
1783082161951025664,0.001,-0.678348,-0.678348,-0.67839,0.000700699,0,0.5
1783082161952025600,0.001,-0.678348,-0.678348,-0.67839,0.00069918,0,0.5
1783082161953025536,0.001,-0.678348,-0.678348,-0.67839,0.000697735,0,0.5
1783082161954025472,0.001,-0.678348,-0.678348,-0.67839,0.00069636,0,0.5
1783082161955025408,0.001,-0.678348,-0.678348,-0.67839,0.000695051,0,0.5
1783082161956025344,0.001,-0.678348,-0.678348,-0.67839,0.000693804,0,0.5
1783082161957025280,0.001,-0.678348,-0.678348,-0.67839,0.000692617,0,0.5
1783082161958025216,0.001,-0.678348,-0.678348,-0.67839,0.000691487,0,0.5
1783082161959025152,0.001,-0.678348,-0.678348,-0.67839,0.000690411,0,0.5
1783082161960025088,0.001,-0.678348,-0.678348,-0.67839,0.000689386,0,0.5
1783082161961025024,0.001,-0.678348,-0.678348,-0.67839,0.00068841,0,0.5
1783082161962024960,0.001,-0.678348,-0.678348,-0.678391,0.00068748,0,0.5
1783082161963024896,0.001,-0.678348,-0.678348,-0.678391,0.000686594,0,0.5
1783082161964024832,0.001,-0.678348,-0.678348,-0.678391,0.00068575,0,0.5
1783082161965024768,0.001,-0.678348,-0.678348,-0.678391,0.000684946,0,0.5
1783082161966024704,0.001,-0.678348,-0.678348,-0.678391,0.00068418,0,0.5
1783082161967024640,0.001,-0.678348,-0.678348,-0.678391,0.00068345,0,0.5
1783082161968024576,0.001,-0.678348,-0.678348,-0.67839,0.000682755,0,0.5
1783082161969024512,0.001,-0.678348,-0.678348,-0.67839,0.000682092,0,0.5
1783082161970024448,0.001,-0.678348,-0.678348,-0.67839,0.00068146,0,0.5
1783082161971024384,0.001,-0.678348,-0.678348,-0.67839,0.000680858,0,0.5
1783082161972024320,0.001,-0.678348,-0.678348,-0.67839,0.000680284,0,0.5
1783082161973024256,0.001,-0.678348,-0.678348,-0.67839,0.000679737,0,0.5
1783082161974024192,0.001,-0.678348,-0.678348,-0.67839,0.000679216,0,0.5
1783082161975024128,0.001,-0.678348,-0.678348,-0.67839,0.000678719,0,0.5
1783082161976024064,0.001,-0.678348,-0.678348,-0.67839,0.000678245,0,0.5
1783082161977024000,0.001,-0.678348,-0.678348,-0.67839,0.000677793,0,0.5
1783082161978023936,0.001,-0.678348,-0.678348,-0.67839,0.000677363,0,0.5
1783082161979023872,0.001,-0.678348,-0.678348,-0.67839,0.000676952,0,0.5
1783082161980023808,0.001,-0.678348,-0.678348,-0.67839,0.00067656,0,0.5
1783082161981023744,0.001,-0.678348,-0.678348,-0.67839,0.000676187,0,0.5
1783082161982023680,0.001,-0.678348,-0.678348,-0.67839,0.000675831,0,0.5
1783082161983023616,0.001,-0.678348,-0.678348,-0.67839,0.000675491,0,0.5
1783082161984023552,0.001,-0.678348,-0.678348,-0.67839,0.000675167,0,0.5
1783082161985023488,0.001,-0.678348,-0.678348,-0.67839,0.000674859,0,0.5
1783082161986023424,0.001,-0.678348,-0.678348,-0.67839,0.000674564,0,0.5
1783082161987023360,0.001,-0.678348,-0.678348,-0.67839,0.000674283,0,0.5
1783082161988023296,0.001,-0.678348,-0.678348,-0.67839,0.000674015,0,0.5
1783082161989023232,0.001,-0.678348,-0.678348,-0.67839,0.000673759,0,0.5
1783082161990023168,0.001,-0.678348,-0.678348,-0.67839,0.000673515,0,0.5
1783082161991023104,0.001,-0.678348,-0.678348,-0.67839,0.000673282,0,0.5
1783082161992023040,0.001,-0.678348,-0.678348,-0.67839,0.00067306,0,0.5
1783082161993022976,0.001,-0.678348,-0.678348,-0.67839,0.000672849,0,0.5
1783082161994022912,0.001,-0.678348,-0.678348,-0.67839,0.000672646,0,0.5
1783082161995022848,0.001,-0.678348,-0.678348,-0.67839,0.000672453,0,0.5
1783082161996022784,0.001,-0.678348,-0.678348,-0.67839,0.000672269,0,0.5
1783082161997022720,0.001,-0.678348,-0.678348,-0.67839,0.000672094,0,0.5
1783082161998022656,0.001,-0.678348,-0.678348,-0.67839,0.000671926,0,0.5
1783082161999022592,0.001,-0.678348,-0.678348,-0.67839,0.000671766,0,0.5
1783082162000022528,0.001,-0.678348,-0.678348,-0.67839,0.000671613,0,0.5
1783082162001022464,0.001,-0.678348,-0.678348,-0.67839,0.000671467,0,0.5
1783082162002022400,0.001,-0.678348,-0.678348,-0.67839,0.000671328,0,0.5
1783082162003022336,0.001,-0.678348,-0.678348,-0.67839,0.000671195,0,0.5
1783082162004022272,0.001,-0.678348,-0.678348,-0.67839,0.000671068,0,0.5
1783082162005022208,0.001,-0.678348,-0.678348,-0.67839,0.000670947,0,0.5
1783082162006022144,0.001,-0.678348,-0.678348,-0.67839,0.000670831,0,0.5
1783082162007022080,0.001,-0.678348,-0.678348,-0.67839,0.000670721,0,0.5
1783082162008022016,0.001,-0.678348,-0.678348,-0.67839,0.000670615,0,0.5
1783082162009021952,0.001,-0.678348,-0.678348,-0.67839,0.000670515,0,0.5
1783082162010021888,0.001,-0.678348,-0.678348,-0.67839,0.000670418,0,0.5
1783082162011021824,0.001,-0.678348,-0.678348,-0.67839,0.000670326,0,0.5
1783082162012021760,0.001,-0.678348,-0.678348,-0.67839,0.000670238,0,0.5
1783082162013021696,0.001,-0.678348,-0.678348,-0.67839,0.000670154,0,0.5
1783082162014021632,0.001,-0.678348,-0.678348,-0.67839,0.000670074,0,0.5
1783082162015021568,0.001,-0.678348,-0.678348,-0.67839,0.000669997,0,0.5
1783082162016021504,0.001,-0.678348,-0.678348,-0.67839,0.000669924,0,0.5
1783082162017021440,0.001,-0.678348,-0.678348,-0.678389,0.000669854,0,0.5
1783082162018021376,0.001,-0.678348,-0.678348,-0.678389,0.000669787,0,0.5
1783082162019021312,0.001,-0.678348,-0.678348,-0.678389,0.000669723,0,0.5
1783082162020021248,0.001,-0.678348,-0.678348,-0.678389,0.000669662,0,0.5
1783082162021021184,0.001,-0.678348,-0.678348,-0.678389,0.000669603,0,0.5
1783082162022021120,0.001,-0.678348,-0.678348,-0.678389,0.000669547,0,0.5
1783082162023021056,0.001,-0.678348,-0.678348,-0.678389,0.000669494,0,0.5
1783082162024020992,0.001,-0.678348,-0.678348,-0.678389,0.000669442,0,0.5
1783082162025020928,0.001,-0.678348,-0.678348,-0.678389,0.000669393,0,0.5
1783082162026020864,0.001,-0.678348,-0.678348,-0.678389,0.000669346,0,0.5
1783082162027020800,0.001,-0.678348,-0.678348,-0.678389,0.000669301,0,0.5
1783082162028020736,0.001,-0.678348,-0.678348,-0.678389,0.000669258,0,0.5
1783082162029020672,0.001,-0.678348,-0.678348,-0.678389,0.000669217,0,0.5
1783082162030020608,0.001,-0.678348,-0.678348,-0.678389,0.000669178,0,0.5
1783082162031020544,0.001,-0.678348,-0.678348,-0.678389,0.00066914,0,0.5
1783082162032020480,0.001,-0.678348,-0.678348,-0.678389,0.000669103,0,0.5
1783082162033020416,0.001,-0.678348,-0.678348,-0.678389,0.000669069,0,0.5
1783082162034020352,0.001,-0.678348,-0.678348,-0.678389,0.000669035,0,0.5
1783082162035020288,0.001,-0.678348,-0.678348,-0.678389,0.000669004,0,0.5
1783082162036020224,0.001,-0.678348,-0.678348,-0.678389,0.000668973,0,0.5
1783082162037020160,0.001,-0.678348,-0.678348,-0.678389,0.000668944,0,0.5
1783082162038020096,0.001,-0.678348,-0.678348,-0.678389,0.000668915,0,0.5
1783082162039020032,0.001,0,0,-0.678388,0.000684944,0,0.5
1783082162040019968,0.001,-0.678348,-0.678348,-0.678388,0.000684165,0,0.5
1783082162041019904,0.001,-0.678348,-0.678348,-0.678388,0.000683423,0,0.5
1783082162042019840,0.001,-0.678348,-0.678348,-0.678388,0.000682716,0,0.5
1783082162043019776,0.001,-0.678348,-0.678348,-0.678388,0.000682042,0,0.5
1783082162044019712,0.001,-0.678348,-0.678348,-0.678388,0.0006814,0,0.5
1783082162045019648,0.001,-0.678348,-0.678348,-0.678388,0.000680788,0,0.5
1783082162046019584,0.001,-0.678348,-0.678348,-0.678388,0.000680205,0,0.5
1783082162047019520,0.001,-0.678348,-0.678348,-0.678388,0.000679649,0,0.5
1783082162048019456,0.001,-0.678348,-0.678348,-0.678388,0.000679119,0,0.5
1783082162049019392,0.001,-0.678348,-0.678348,-0.678388,0.000678613,0,0.5
1783082162050019328,0.001,-0.678348,-0.678348,-0.678388,0.000678132,0,0.5
1783082162051019264,0.001,-0.678348,-0.678348,-0.678388,0.000677673,0,0.5
1783082162052019200,0.001,-0.678348,-0.678348,-0.678388,0.000677235,0,0.5
1783082162053019136,0.001,-0.678348,-0.678348,-0.678388,0.000676817,0,0.5
1783082162054019072,0.001,-0.678348,-0.678348,-0.678388,0.000676419,0,0.5
1783082162055019008,0.001,-0.678348,-0.678348,-0.678388,0.00067604,0,0.5
1783082162056018944,0.001,-0.678348,-0.678348,-0.678388,0.000675678,0,0.5
1783082162057018880,0.001,-0.678348,-0.678348,-0.678388,0.000675333,0,0.5
1783082162058018816,0.001,-0.678348,-0.678348,-0.678388,0.000675004,0,0.5
1783082162059018752,0.001,-0.678348,-0.678348,-0.678388,0.00067469,0,0.5
1783082162060018688,0.001,-0.678348,-0.678348,-0.678388,0.00067439,0,0.5
1783082162061018624,0.001,-0.678348,-0.678348,-0.678388,0.000674105,0,0.5
1783082162062018560,0.001,-0.678348,-0.678348,-0.678388,0.000673832,0,0.5
1783082162063018496,0.001,-0.678348,-0.678348,-0.678388,0.000673572,0,0.5
1783082162064018432,0.001,-0.678348,-0.678348,-0.678388,0.000673325,0,0.5
1783082162065018368,0.001,-0.678348,-0.678348,-0.678388,0.000673088,0,0.5
1783082162066018304,0.001,-0.678348,-0.678348,-0.678387,0.000672862,0,0.5
1783082162067018240,0.001,-0.678348,-0.678348,-0.678387,0.000672647,0,0.5
1783082162068018176,0.001,-0.678348,-0.678348,-0.678387,0.000672442,0,0.5
1783082162069018112,0.001,-0.678348,-0.678348,-0.678387,0.000672246,0,0.5
1783082162070018048,0.001,-0.678348,-0.678348,-0.678387,0.000672059,0,0.5
1783082162071017984,0.001,-0.678348,-0.678348,-0.678387,0.00067188,0,0.5
1783082162072017920,0.001,-0.678348,-0.678348,-0.678387,0.00067171,0,0.5
1783082162073017856,0.001,-0.678348,-0.678348,-0.678387,0.000671547,0,0.5
1783082162074017792,0.001,-0.678348,-0.678348,-0.678387,0.000671392,0,0.5
1783082162075017728,0.001,-0.678348,-0.678348,-0.678387,0.000671244,0,0.5
1783082162076017664,0.001,-0.678348,-0.678348,-0.678387,0.000671103,0,0.5
1783082162077017600,0.001,-0.678348,-0.678348,-0.678387,0.000670968,0,0.5
1783082162078017536,0.001,-0.678348,-0.678348,-0.678387,0.000670839,0,0.5
1783082162079017472,0.001,-0.678348,-0.678348,-0.678387,0.000670716,0,0.5
1783082162080017408,0.001,-0.678348,-0.678348,-0.678387,0.000670598,0,0.5
1783082162081017344,0.001,-0.678348,-0.678348,-0.678387,0.000670486,0,0.5
1783082162082017280,0.001,-0.678348,-0.678348,-0.678387,0.000670379,0,0.5
1783082162083017216,0.001,-0.678348,-0.678348,-0.678387,0.000670277,0,0.5
1783082162084017152,0.001,-0.678348,-0.678348,-0.678387,0.000670179,0,0.5
1783082162085017088,0.001,-0.678348,-0.678348,-0.678387,0.000670086,0,0.5
1783082162086017024,0.001,-0.678348,-0.678348,-0.678387,0.000669996,0,0.5
1783082162087016960,0.001,-0.678348,-0.678348,-0.678387,0.000669911,0,0.5
1783082162088016896,0.001,-0.678348,-0.678348,-0.678387,0.00066983,0,0.5
1783082162089016832,0.001,-0.678348,-0.678348,-0.678387,0.000669752,0,0.5
1783082162090016768,0.001,-0.678348,-0.678348,-0.678387,0.000669678,0,0.5
1783082162091016704,0.001,-0.678348,-0.678348,-0.678387,0.000669607,0,0.5
1783082162092016640,0.001,-0.678348,-0.678348,-0.678387,0.000669539,0,0.5
1783082162093016576,0.001,-0.678348,-0.678348,-0.678387,0.000669474,0,0.5
1783082162094016512,0.001,-0.678348,-0.678348,-0.678387,0.000669412,0,0.5
1783082162095016448,0.001,-0.678348,-0.678348,-0.678387,0.000669352,0,0.5
1783082162096016384,0.001,-0.678348,-0.678348,-0.678387,0.000669295,0,0.5
1783082162097016320,0.001,-0.678348,-0.678348,-0.678386,0.000669241,0,0.5
1783082162098016256,0.001,-0.678348,-0.678348,-0.678386,0.000669189,0,0.5
1783082162099016192,0.001,-0.678348,-0.678348,-0.678386,0.000669139,0,0.5
1783082162100016128,0.001,-0.678348,-0.678348,-0.678386,0.000669092,0,0.5
1783082162101016064,0.001,-0.678348,-0.678348,-0.678386,0.000669046,0,0.5
1783082162102016000,0.001,-0.678348,-0.678348,-0.678386,0.000669003,0,0.5
1783082162103015936,0.001,-0.678348,-0.678348,-0.678386,0.000668961,0,0.5
1783082162104015872,0.001,-0.678348,-0.678348,-0.678386,0.000668921,0,0.5
1783082162105015808,0.001,-0.678348,-0.678348,-0.678386,0.000668883,0,0.5
1783082162106015744,0.001,-0.678348,-0.678348,-0.678386,0.000668846,0,0.5
1783082162107015680,0.001,-0.678348,-0.678348,-0.678386,0.000668811,0,0.5
1783082162108015616,0.001,-0.678348,-0.678348,-0.678386,0.000668777,0,0.5
1783082162109015552,0.001,-0.678348,-0.678348,-0.678386,0.000668745,0,0.5
1783082162110015488,0.001,-0.678348,-0.678348,-0.678386,0.000668714,0,0.5
1783082162111015424,0.001,-0.678348,-0.678348,-0.678386,0.000668684,0,0.5
1783082162112015360,0.001,-0.678348,-0.678348,-0.678386,0.000668656,0,0.5
1783082162113015296,0.001,-0.678348,-0.678348,-0.678386,0.000668628,0,0.5
1783082162114015232,0.001,-0.678348,-0.678348,-0.678386,0.000668602,0,0.5
1783082162115015168,0.001,-0.678348,-0.678348,-0.678386,0.000668577,0,0.5
1783082162116015104,0.001,-0.678348,-0.678348,-0.678386,0.000668553,0,0.5
1783082162117015040,0.001,-0.678348,-0.678348,-0.678386,0.00066853,0,0.5
1783082162118014976,0.001,-0.678348,-0.678348,-0.678386,0.000668507,0,0.5
1783082162119014912,0.001,-0.678348,-0.678348,-0.678386,0.000668486,0,0.5
1783082162120014848,0.001,-0.678348,-0.678348,-0.678386,0.000668465,0,0.5
1783082162121014784,0.001,-0.678348,-0.678348,-0.678386,0.000668445,0,0.5
1783082162122014720,0.001,-0.678348,-0.678348,-0.678386,0.000668426,0,0.5
1783082162123014656,0.001,-0.678348,-0.678348,-0.678385,0.000668408,0,0.5
1783082162124014592,0.001,-0.678348,-0.678348,-0.678385,0.00066839,0,0.5
1783082162125014528,0.001,-0.678348,-0.678348,-0.678385,0.000668373,0,0.5
1783082162126014464,0.001,-0.678348,-0.678348,-0.678385,0.000668357,0,0.5
1783082162127014400,0.001,-0.678348,-0.678348,-0.678385,0.000668341,0,0.5
1783082162128014336,0.001,-0.678348,-0.678348,-0.678385,0.000668326,0,0.5
1783082162129014272,0.001,0,0,-0.678385,0.000684348,0,0.5
1783082162130014208,0.001,0,0,-0.678384,0.00070037,0,0.5
1783082162131014144,0.001,0,0,-0.678383,0.000716392,0,0.5
1783082162132014080,0.001,0,0,-0.678383,0.000732414,0,0.5
1783082162133014016,0.001,0,0,-0.678382,0.000748436,0,0.5
1783082162134013952,0.001,0,0,-0.678381,0.000764458,0,0.5
1783082162135013888,0.001,0,0,-0.67838,0.00078048,0,0.5
1783082162136013824,0.001,0,0,-0.678379,0.000796502,0,0.5
1783082162137013760,0.001,0,0,-0.678379,0.000812524,0,0.5
1783082162138013696,0.001,-0.678348,-0.678348,-0.678379,0.000805147,0,0.5
1783082162139013632,0.001,-0.678348,-0.678348,-0.678379,0.000798179,0,0.5
1783082162140013568,0.001,0,0,-0.678378,0.0008142,0,0.5
1783082162141013504,0.001,-0.678348,-0.678348,-0.678378,0.000806729,0,0.5
1783082162142013440,0.001,-0.678348,-0.678348,-0.678378,0.000799673,0,0.5
1783082162143013376,0.001,-0.678348,-0.678348,-0.678379,0.000793005,0,0.5
1783082162144013312,0.001,-0.678348,-0.678348,-0.678379,0.000786702,0,0.5
1783082162145013248,0.001,-0.678348,-0.678348,-0.678379,0.000780741,0,0.5
1783082162146013184,0.001,-0.678348,-0.678348,-0.678379,0.000775101,0,0.5
1783082162147013120,0.001,-0.678348,-0.678348,-0.678379,0.000769762,0,0.5
1783082162148013056,0.001,-0.678348,-0.678348,-0.678379,0.000764707,0,0.5
1783082162149012992,0.001,-0.678348,-0.678348,-0.678379,0.000759918,0,0.5
1783082162150012928,0.001,-0.678348,-0.678348,-0.678379,0.000755381,0,0.5
1783082162151012864,0.001,-0.678348,-0.678348,-0.67838,0.00075108,0,0.5
1783082162152012800,0.001,-0.678348,-0.678348,-0.67838,0.000747002,0,0.5
1783082162153012736,0.001,-0.678348,-0.678348,-0.67838,0.000743134,0,0.5
1783082162154012672,0.001,-0.678348,-0.678348,-0.67838,0.000739465,0,0.5
1783082162155012608,0.001,-0.678348,-0.678348,-0.67838,0.000735984,0,0.5
1783082162156012544,0.001,-0.678348,-0.678348,-0.67838,0.000732679,0,0.5
1783082162157012480,0.001,-0.678348,-0.678348,-0.67838,0.000729541,0,0.5
1783082162158012416,0.001,-0.678348,-0.678348,-0.67838,0.000726562,0,0.5
1783082162159012352,0.001,-0.678348,-0.678348,-0.67838,0.000723732,0,0.5
1783082162160012288,0.001,-0.678348,-0.678348,-0.67838,0.000721044,0,0.5
1783082162161012224,0.001,-0.678348,-0.678348,-0.67838,0.00071849,0,0.5
1783082162162012160,0.001,-0.678348,-0.678348,-0.67838,0.000716063,0,0.5
1783082162163012096,0.001,-0.678348,-0.678348,-0.67838,0.000713755,0,0.5
1783082162164012032,0.001,-0.678348,-0.678348,-0.678381,0.000711562,0,0.5
1783082162165011968,0.001,-0.678348,-0.678348,-0.678381,0.000709476,0,0.5
1783082162166011904,0.001,-0.678348,-0.678348,-0.678381,0.000707493,0,0.5
1783082162167011840,0.001,-0.678348,-0.678348,-0.678381,0.000705607,0,0.5
1783082162168011776,0.001,-0.678348,-0.678348,-0.678381,0.000703812,0,0.5
1783082162169011712,0.001,-0.678348,-0.678348,-0.678381,0.000702105,0,0.5
1783082162170011648,0.001,-0.678348,-0.678348,-0.678381,0.000700481,0,0.5
1783082162171011584,0.001,-0.678348,-0.678348,-0.678381,0.000698935,0,0.5
1783082162172011520,0.001,-0.678348,-0.678348,-0.678381,0.000697465,0,0.5
1783082162173011456,0.001,-0.678348,-0.678348,-0.678381,0.000696065,0,0.5
1783082162174011392,0.001,-0.678348,-0.678348,-0.678381,0.000694732,0,0.5
1783082162175011328,0.001,-0.678348,-0.678348,-0.678381,0.000693463,0,0.5
1783082162176011264,0.001,-0.678348,-0.678348,-0.678381,0.000692256,0,0.5
1783082162177011200,0.001,-0.678348,-0.678348,-0.678381,0.000691105,0,0.5
1783082162178011136,0.001,-0.678348,-0.678348,-0.678381,0.00069001,0,0.5
1783082162179011072,0.001,-0.678348,-0.678348,-0.678381,0.000688967,0,0.5
1783082162180011008,0.001,-0.678348,-0.678348,-0.678381,0.000687974,0,0.5
1783082162181010944,0.001,-0.678348,-0.678348,-0.678381,0.000687028,0,0.5
1783082162182010880,0.001,-0.678348,-0.678348,-0.678381,0.000686127,0,0.5
1783082162183010816,0.001,-0.678348,-0.678348,-0.678381,0.000685268,0,0.5
1783082162184010752,0.001,-0.678348,-0.678348,-0.678381,0.00068445,0,0.5
1783082162185010688,0.001,-0.678348,-0.678348,-0.678381,0.000683671,0,0.5
1783082162186010624,0.001,-0.678348,-0.678348,-0.678381,0.000682928,0,0.5
1783082162187010560,0.001,-0.678348,-0.678348,-0.678381,0.000682221,0,0.5
1783082162188010496,0.001,-0.678348,-0.678348,-0.678381,0.000681547,0,0.5
1783082162189010432,0.001,-0.678348,-0.678348,-0.678381,0.000680904,0,0.5
1783082162190010368,0.001,-0.678348,-0.678348,-0.678381,0.000680292,0,0.5
1783082162191010304,0.001,-0.678348,-0.678348,-0.678381,0.000679708,0,0.5
1783082162192010240,0.001,-0.678348,-0.678348,-0.678381,0.000679152,0,0.5
1783082162193010176,0.001,-0.678348,-0.678348,-0.678381,0.000678622,0,0.5
1783082162194010112,0.001,-0.678348,-0.678348,-0.678381,0.000678116,0,0.5
1783082162195010048,0.001,-0.678348,-0.678348,-0.678381,0.000677634,0,0.5
1783082162196009984,0.001,-0.678348,-0.678348,-0.678381,0.000677175,0,0.5
1783082162197009920,0.001,-0.678348,-0.678348,-0.678381,0.000676737,0,0.5
1783082162198009856,0.001,-0.678348,-0.678348,-0.678381,0.000676319,0,0.5
1783082162199009792,0.001,-0.678348,-0.678348,-0.678381,0.000675921,0,0.5
1783082162200009728,0.001,-0.678348,-0.678348,-0.678381,0.000675541,0,0.5
1783082162201009664,0.001,-0.678348,-0.678348,-0.678381,0.000675179,0,0.5
1783082162202009600,0.001,-0.678348,-0.678348,-0.678381,0.000674834,0,0.5
1783082162203009536,0.001,-0.678348,-0.678348,-0.678381,0.000674505,0,0.5
1783082162204009472,0.001,-0.678348,-0.678348,-0.678381,0.000674191,0,0.5
1783082162205009408,0.001,-0.678348,-0.678348,-0.678381,0.000673891,0,0.5
1783082162206009344,0.001,-0.678348,-0.678348,-0.678381,0.000673606,0,0.5
1783082162207009280,0.001,-0.678348,-0.678348,-0.678381,0.000673333,0,0.5
1783082162208009216,0.001,-0.678348,-0.678348,-0.678381,0.000673073,0,0.5
1783082162209009152,0.001,-0.678348,-0.678348,-0.678381,0.000672825,0,0.5
1783082162210009088,0.001,-0.678348,-0.678348,-0.678381,0.000672589,0,0.5
1783082162211009024,0.001,-0.678348,-0.678348,-0.678381,0.000672363,0,0.5
1783082162212008960,0.001,-0.678348,-0.678348,-0.678381,0.000672148,0,0.5
1783082162213008896,0.001,-0.678348,-0.678348,-0.678381,0.000671942,0,0.5
1783082162214008832,0.001,-0.678348,-0.678348,-0.678381,0.000671746,0,0.5
1783082162215008768,0.001,-0.678348,-0.678348,-0.678381,0.000671559,0,0.5
1783082162216008704,0.001,-0.678348,-0.678348,-0.678381,0.00067138,0,0.5
1783082162217008640,0.001,-0.678348,-0.678348,-0.678381,0.00067121,0,0.5
1783082162218008576,0.001,-0.678348,-0.678348,-0.678381,0.000671047,0,0.5
1783082162219008512,0.001,-0.678348,-0.678348,-0.678381,0.000670892,0,0.5
1783082162220008448,0.001,-0.678348,-0.678348,-0.678381,0.000670744,0,0.5
1783082162221008384,0.001,-0.678348,-0.678348,-0.678381,0.000670603,0,0.5
1783082162222008320,0.001,-0.678348,-0.678348,-0.678381,0.000670468,0,0.5
1783082162223008256,0.001,-0.678348,-0.678348,-0.678381,0.000670339,0,0.5
1783082162224008192,0.001,-0.678348,-0.678348,-0.678381,0.000670216,0,0.5
1783082162225008128,0.001,-0.678348,-0.678348,-0.678381,0.000670098,0,0.5
1783082162226008064,0.001,-0.678348,-0.678348,-0.678381,0.000669986,0,0.5
1783082162227008000,0.001,-0.678348,-0.678348,-0.678381,0.000669879,0,0.5
1783082162228007936,0.001,-0.678348,-0.678348,-0.678381,0.000669776,0,0.5
1783082162229007872,0.001,0,0,-0.67838,0.000685791,0,0.5
1783082162230007808,0.001,0,0,-0.67838,0.000701805,0,0.5
1783082162231007744,0.001,0,0,-0.678379,0.00071782,0,0.5
1783082162232007680,0.001,0,0,-0.678378,0.000733834,0,0.5
1783082162233007616,0.001,0,0,-0.678377,0.000749849,0,0.5
1783082162234007552,0.001,0,0,-0.678377,0.000765863,0,0.5
1783082162235007488,0.001,0,0,-0.678376,0.000781877,0,0.5
1783082162236007424,0.001,0,0,-0.678375,0.000797892,0,0.5
1783082162237007360,0.001,0,0,-0.678374,0.000813906,0,0.5
1783082162238007296,0.001,0,0,-0.678374,0.000829921,0,0.5
1783082162239007232,0.001,-0.678348,-0.678348,-0.678374,0.000821544,0,0.5
1783082162240007168,0.001,0,0,-0.678373,0.000837559,0,0.5
1783082162241007104,0.001,-0.678348,-0.678348,-0.678373,0.000828746,0,0.5
1783082162242007040,0.001,-0.678348,-0.678348,-0.678373,0.000820435,0,0.5
1783082162243006976,0.001,-0.678348,-0.678348,-0.678374,0.000812595,0,0.5
1783082162244006912,0.001,-0.678348,-0.678348,-0.678374,0.000805193,0,0.5
1783082162245006848,0.001,-0.678348,-0.678348,-0.678374,0.000798202,0,0.5
1783082162246006784,0.001,-0.678348,-0.678348,-0.678374,0.000791596,0,0.5
1783082162247006720,0.001,-0.678348,-0.678348,-0.678374,0.00078535,0,0.5
1783082162248006656,0.001,-0.678348,-0.678348,-0.678374,0.000779442,0,0.5
1783082162249006592,0.001,-0.678348,-0.678348,-0.678375,0.000773853,0,0.5
1783082162250006528,0.001,-0.678348,-0.678348,-0.678375,0.000768561,0,0.5
1783082162251006464,0.001,-0.678348,-0.678348,-0.678375,0.000763551,0,0.5
1783082162252006400,0.001,-0.678348,-0.678348,-0.678375,0.000758804,0,0.5
1783082162253006336,0.001,-0.678348,-0.678348,-0.678375,0.000754307,0,0.5
1783082162254006272,0.001,-0.678348,-0.678348,-0.678375,0.000750043,0,0.5
1783082162255006208,0.001,-0.678348,-0.678348,-0.678375,0.000746,0,0.5
1783082162256006144,0.001,-0.678348,-0.678348,-0.678375,0.000742166,0,0.5
1783082162257006080,0.001,-0.678348,-0.678348,-0.678376,0.000738529,0,0.5
1783082162258006016,0.001,-0.678348,-0.678348,-0.678376,0.000735077,0,0.5
1783082162259005952,0.001,-0.678348,-0.678348,-0.678376,0.0007318,0,0.5
1783082162260005888,0.001,-0.678348,-0.678348,-0.678376,0.000728689,0,0.5
1783082162261005824,0.001,-0.678348,-0.678348,-0.678376,0.000725735,0,0.5
1783082162262005760,0.001,-0.678348,-0.678348,-0.678376,0.000722929,0,0.5
1783082162263005696,0.001,-0.678348,-0.678348,-0.678376,0.000720263,0,0.5
1783082162264005632,0.001,-0.678348,-0.678348,-0.678376,0.00071773,0,0.5
1783082162265005568,0.001,-0.678348,-0.678348,-0.678376,0.000715323,0,0.5
1783082162266005504,0.001,-0.678348,-0.678348,-0.678376,0.000713035,0,0.5
1783082162267005440,0.001,-0.678348,-0.678348,-0.678376,0.000710859,0,0.5
1783082162268005376,0.001,-0.678348,-0.678348,-0.678376,0.000708791,0,0.5
1783082162269005312,0.001,-0.678348,-0.678348,-0.678376,0.000706824,0,0.5
1783082162270005248,0.001,-0.678348,-0.678348,-0.678377,0.000704953,0,0.5
1783082162271005184,0.001,-0.678348,-0.678348,-0.678377,0.000703173,0,0.5
1783082162272005120,0.001,-0.678348,-0.678348,-0.678377,0.00070148,0,0.5
1783082162273005056,0.001,-0.678348,-0.678348,-0.678377,0.000699869,0,0.5
1783082162274004992,0.001,-0.678348,-0.678348,-0.678377,0.000698336,0,0.5
1783082162275004928,0.001,-0.678348,-0.678348,-0.678377,0.000696877,0,0.5
1783082162276004864,0.001,-0.678348,-0.678348,-0.678377,0.000695488,0,0.5
1783082162277004800,0.001,-0.678348,-0.678348,-0.678377,0.000694166,0,0.5
1783082162278004736,0.001,-0.678348,-0.678348,-0.678377,0.000692908,0,0.5
1783082162279004672,0.001,-0.678348,-0.678348,-0.678377,0.00069171,0,0.5
1783082162280004608,0.001,-0.678348,-0.678348,-0.678377,0.000690569,0,0.5
1783082162281004544,0.001,-0.678348,-0.678348,-0.678377,0.000689482,0,0.5
1783082162282004480,0.001,-0.678348,-0.678348,-0.678377,0.000688448,0,0.5
1783082162283004416,0.001,-0.678348,-0.678348,-0.678377,0.000687462,0,0.5
1783082162284004352,0.001,0,0,-0.678376,0.000703473,0,0.5
1783082162285004288,0.001,-0.678348,-0.678348,-0.678377,0.000701763,0,0.5
1783082162286004224,0.001,-0.678348,-0.678348,-0.678377,0.000700136,0,0.5
1783082162287004160,0.001,-0.678348,-0.678348,-0.678377,0.000698588,0,0.5
1783082162288004096,0.001,-0.678348,-0.678348,-0.678377,0.000697114,0,0.5
1783082162289004032,0.001,-0.678348,-0.678348,-0.678377,0.000695712,0,0.5
1783082162290003968,0.001,-0.678348,-0.678348,-0.678377,0.000694377,0,0.5
1783082162291003904,0.001,-0.678348,-0.678348,-0.678377,0.000693106,0,0.5
1783082162292003840,0.001,-0.678348,-0.678348,-0.678377,0.000691896,0,0.5
1783082162293003776,0.001,-0.678348,-0.678348,-0.678377,0.000690744,0,0.5
1783082162294003712,0.001,-0.678348,-0.678348,-0.678377,0.000689647,0,0.5
1783082162295003648,0.001,-0.678348,-0.678348,-0.678377,0.000688603,0,0.5
1783082162296003584,0.001,-0.678348,-0.678348,-0.678377,0.000687608,0,0.5
1783082162297003520,0.001,-0.678348,-0.678348,-0.678377,0.00068666,0,0.5
1783082162298003456,0.001,-0.678348,-0.678348,-0.678377,0.000685757,0,0.5
1783082162299003392,0.001,-0.678348,-0.678348,-0.678377,0.000684897,0,0.5
1783082162300003328,0.001,-0.678348,-0.678348,-0.678377,0.000684078,0,0.5
1783082162301003264,0.001,-0.678348,-0.678348,-0.678377,0.000683297,0,0.5
1783082162302003200,0.001,-0.678348,-0.678348,-0.678377,0.000682554,0,0.5
1783082162303003136,0.001,-0.678348,-0.678348,-0.678377,0.000681845,0,0.5
1783082162304003072,0.001,-0.678348,-0.678348,-0.678377,0.00068117,0,0.5
1783082162305003008,0.001,-0.678348,-0.678348,-0.678377,0.000680526,0,0.5
1783082162306002944,0.001,-0.678348,-0.678348,-0.678377,0.000679913,0,0.5
1783082162307002880,0.001,-0.678348,-0.678348,-0.678377,0.000679328,0,0.5
1783082162308002816,0.001,-0.678348,-0.678348,-0.678377,0.000678771,0,0.5
1783082162309002752,0.001,-0.678348,-0.678348,-0.678377,0.000678239,0,0.5
1783082162310002688,0.001,-0.678348,-0.678348,-0.678377,0.000677733,0,0.5
1783082162311002624,0.001,-0.678348,-0.678348,-0.678377,0.00067725,0,0.5
1783082162312002560,0.001,-0.678348,-0.678348,-0.678377,0.00067679,0,0.5
1783082162313002496,0.001,-0.678348,-0.678348,-0.678377,0.000676351,0,0.5
1783082162314002432,0.001,-0.678348,-0.678348,-0.678377,0.000675933,0,0.5
1783082162315002368,0.001,-0.678348,-0.678348,-0.678377,0.000675534,0,0.5
1783082162316002304,0.001,-0.678348,-0.678348,-0.678377,0.000675154,0,0.5
1783082162317002240,0.001,-0.678348,-0.678348,-0.678377,0.000674791,0,0.5
1783082162318002176,0.001,-0.678348,-0.678348,-0.678377,0.000674445,0,0.5
1783082162319002112,0.001,-0.678348,-0.678348,-0.678377,0.000674116,0,0.5
1783082162320002048,0.001,-0.678348,-0.678348,-0.678377,0.000673801,0,0.5
1783082162321001984,0.001,-0.678348,-0.678348,-0.678377,0.000673501,0,0.5
1783082162322001920,0.001,-0.678348,-0.678348,-0.678377,0.000673215,0,0.5
1783082162323001856,0.001,-0.678348,-0.678348,-0.678377,0.000672942,0,0.5
1783082162324001792,0.001,-0.678348,-0.678348,-0.678377,0.000672681,0,0.5
1783082162325001728,0.001,-0.678348,-0.678348,-0.678377,0.000672433,0,0.5
1783082162326001664,0.001,-0.678348,-0.678348,-0.678377,0.000672196,0,0.5
1783082162327001600,0.001,-0.678348,-0.678348,-0.678377,0.00067197,0,0.5
1783082162328001536,0.001,-0.678348,-0.678348,-0.678377,0.000671754,0,0.5
1783082162329001472,0.001,-0.678348,-0.678348,-0.678377,0.000671548,0,0.5
1783082162330001408,0.001,-0.678348,-0.678348,-0.678377,0.000671352,0,0.5
1783082162331001344,0.001,-0.678348,-0.678348,-0.678377,0.000671164,0,0.5
1783082162332001280,0.001,-0.678348,-0.678348,-0.678377,0.000670986,0,0.5
1783082162333001216,0.001,-0.678348,-0.678348,-0.678377,0.000670815,0,0.5
1783082162334001152,0.001,-0.678348,-0.678348,-0.678377,0.000670652,0,0.5
1783082162335001088,0.001,-0.678348,-0.678348,-0.678377,0.000670496,0,0.5
1783082162336001024,0.001,-0.678348,-0.678348,-0.678377,0.000670348,0,0.5
1783082162337000960,0.001,-0.678348,-0.678348,-0.678377,0.000670206,0,0.5
1783082162338000896,0.001,-0.678348,-0.678348,-0.678377,0.000670071,0,0.5
1783082162339000832,0.001,-0.678348,-0.678348,-0.678377,0.000669942,0,0.5
1783082162340000768,0.001,-0.678348,-0.678348,-0.678377,0.000669819,0,0.5
1783082162341000704,0.001,-0.678348,-0.678348,-0.678377,0.000669701,0,0.5
1783082162342000640,0.001,0,0,-0.678376,0.000685707,0,0.5
1783082162343000576,0.001,-0.678348,-0.678348,-0.678376,0.000684842,0,0.5
1783082162344000512,0.001,-0.678348,-0.678348,-0.678376,0.000684017,0,0.5
1783082162345000448,0.001,-0.678348,-0.678348,-0.678376,0.000683232,0,0.5
1783082162346000384,0.001,-0.678348,-0.678348,-0.678376,0.000682484,0,0.5
1783082162347000320,0.001,-0.678348,-0.678348,-0.678376,0.000681771,0,0.5
1783082162348000256,0.001,-0.678348,-0.678348,-0.678376,0.000681092,0,0.5
1783082162349000192,0.001,-0.678348,-0.678348,-0.678376,0.000680444,0,0.5
1783082162350000128,0.001,-0.678348,-0.678348,-0.678376,0.000679827,0,0.5
1783082162351000064,0.001,-0.678348,-0.678348,-0.678376,0.000679239,0,0.5
1783082162352000000,0.001,-0.678348,-0.678348,-0.678376,0.000678679,0,0.5
1783082162352999936,0.001,-0.678348,-0.678348,-0.678376,0.000678144,0,0.5
1783082162353999872,0.001,-0.678348,-0.678348,-0.678376,0.000677635,0,0.5
1783082162354999808,0.001,-0.678348,-0.678348,-0.678376,0.000677149,0,0.5
1783082162355999744,0.001,-0.678348,-0.678348,-0.678376,0.000676686,0,0.5
1783082162356999680,0.001,-0.678348,-0.678348,-0.678376,0.000676245,0,0.5
1783082162357999616,0.001,-0.678348,-0.678348,-0.678376,0.000675824,0,0.5
1783082162358999552,0.001,-0.678348,-0.678348,-0.678376,0.000675423,0,0.5
1783082162359999488,0.001,-0.678348,-0.678348,-0.678376,0.00067504,0,0.5
1783082162360999424,0.001,-0.678348,-0.678348,-0.678376,0.000674676,0,0.5
1783082162361999360,0.001,-0.678348,-0.678348,-0.678376,0.000674328,0,0.5
1783082162362999296,0.001,-0.678348,-0.678348,-0.678376,0.000673996,0,0.5
1783082162363999232,0.001,-0.678348,-0.678348,-0.678376,0.000673679,0,0.5
1783082162364999168,0.001,-0.678348,-0.678348,-0.678376,0.000673378,0,0.5
1783082162365999104,0.001,-0.678348,-0.678348,-0.678376,0.00067309,0,0.5
1783082162366999040,0.001,-0.678348,-0.678348,-0.678376,0.000672815,0,0.5
1783082162367998976,0.001,-0.678348,-0.678348,-0.678376,0.000672553,0,0.5
1783082162368998912,0.001,-0.678348,-0.678348,-0.678376,0.000672303,0,0.5
1783082162369998848,0.001,-0.678348,-0.678348,-0.678376,0.000672065,0,0.5
1783082162370998784,0.001,-0.678348,-0.678348,-0.678376,0.000671838,0,0.5
1783082162371998720,0.001,-0.678348,-0.678348,-0.678376,0.000671621,0,0.5
1783082162372998656,0.001,-0.678348,-0.678348,-0.678376,0.000671414,0,0.5
1783082162373998592,0.001,-0.678348,-0.678348,-0.678376,0.000671216,0,0.5
1783082162374998528,0.001,-0.678348,-0.678348,-0.678376,0.000671028,0,0.5
1783082162375998464,0.001,-0.678348,-0.678348,-0.678376,0.000670848,0,0.5
1783082162376998400,0.001,-0.678348,-0.678348,-0.678376,0.000670676,0,0.5
1783082162377998336,0.001,-0.678348,-0.678348,-0.678376,0.000670512,0,0.5
1783082162378998272,0.001,-0.678348,-0.678348,-0.678376,0.000670356,0,0.5
1783082162379998208,0.001,-0.678348,-0.678348,-0.678376,0.000670207,0,0.5
1783082162380998144,0.001,-0.678348,-0.678348,-0.678376,0.000670064,0,0.5
1783082162381998080,0.001,-0.678348,-0.678348,-0.678376,0.000669928,0,0.5
1783082162382998016,0.001,-0.678348,-0.678348,-0.678376,0.000669798,0,0.5
1783082162383997952,0.001,-0.678348,-0.678348,-0.678376,0.000669674,0,0.5
1783082162384997888,0.001,-0.678348,-0.678348,-0.678376,0.000669556,0,0.5
1783082162385997824,0.001,-0.678348,-0.678348,-0.678376,0.000669443,0,0.5
1783082162386997760,0.001,-0.678348,-0.678348,-0.678376,0.000669335,0,0.5
1783082162387997696,0.001,-0.678348,-0.678348,-0.678376,0.000669232,0,0.5
1783082162388997632,0.001,-0.678348,-0.678348,-0.678376,0.000669133,0,0.5
1783082162389997568,0.001,-0.678348,-0.678348,-0.678376,0.000669039,0,0.5
1783082162390997504,0.001,-0.678348,-0.678348,-0.678376,0.000668949,0,0.5
1783082162391997440,0.001,-0.678348,-0.678348,-0.678376,0.000668863,0,0.5
1783082162392997376,0.001,-0.678348,-0.678348,-0.678376,0.000668781,0,0.5
1783082162393997312,0.001,-0.678348,-0.678348,-0.678376,0.000668703,0,0.5
1783082162394997248,0.001,-0.678348,-0.678348,-0.678376,0.000668628,0,0.5
1783082162395997184,0.001,-0.678348,-0.678348,-0.678376,0.000668556,0,0.5
1783082162396997120,0.001,-0.678348,-0.678348,-0.678375,0.000668488,0,0.5
1783082162397997056,0.001,-0.678348,-0.678348,-0.678375,0.000668422,0,0.5
1783082162398996992,0.001,-0.678348,-0.678348,-0.678375,0.00066836,0,0.5
1783082162399996928,0.001,-0.678348,-0.678348,-0.678375,0.0006683,0,0.5
1783082162400996864,0.001,-0.678348,-0.678348,-0.678375,0.000668243,0,0.5
1783082162401996800,0.001,-0.678348,-0.678348,-0.678375,0.000668188,0,0.5
1783082162402996736,0.001,-0.678348,-0.678348,-0.678375,0.000668136,0,0.5
1783082162403996672,0.001,-0.678348,-0.678348,-0.678375,0.000668086,0,0.5
1783082162404996608,0.001,-0.678348,-0.678348,-0.678375,0.000668038,0,0.5
1783082162405996544,0.001,-0.678348,-0.678348,-0.678375,0.000667992,0,0.5
1783082162406996480,0.001,-0.678348,-0.678348,-0.678375,0.000667948,0,0.5
1783082162407996416,0.001,-0.678348,-0.678348,-0.678375,0.000667906,0,0.5
1783082162408996352,0.001,-0.678348,-0.678348,-0.678375,0.000667866,0,0.5
1783082162409996288,0.001,-0.678348,-0.678348,-0.678375,0.000667827,0,0.5
1783082162410996224,0.001,-0.678348,-0.678348,-0.678375,0.00066779,0,0.5
1783082162411996160,0.001,-0.678348,-0.678348,-0.678375,0.000667755,0,0.5
1783082162412996096,0.001,-0.678348,-0.678348,-0.678375,0.000667721,0,0.5
1783082162413996032,0.001,-0.678348,-0.678348,-0.678375,0.000667688,0,0.5
1783082162414995968,0.001,-0.678348,-0.678348,-0.678375,0.000667657,0,0.5
1783082162415995904,0.001,-0.678348,-0.678348,-0.678375,0.000667627,0,0.5
1783082162416995840,0.001,-0.678348,-0.678348,-0.678375,0.000667599,0,0.5
1783082162417995776,0.001,-0.678348,-0.678348,-0.678375,0.000667571,0,0.5
1783082162418995712,0.001,-0.678348,-0.678348,-0.678375,0.000667545,0,0.5
1783082162419995648,0.001,-0.678348,-0.678348,-0.678375,0.000667519,0,0.5
1783082162420995584,0.001,-0.678348,-0.678348,-0.678375,0.000667495,0,0.5
1783082162421995520,0.001,-0.678348,-0.678348,-0.678375,0.000667472,0,0.5
1783082162422995456,0.001,-0.678348,-0.678348,-0.678375,0.000667449,0,0.5
1783082162423995392,0.001,-0.678348,-0.678348,-0.678375,0.000667428,0,0.5
1783082162424995328,0.001,-0.678348,-0.678348,-0.678375,0.000667407,0,0.5
1783082162425995264,0.001,-0.678348,-0.678348,-0.678375,0.000667387,0,0.5
1783082162426995200,0.001,-0.678348,-0.678348,-0.678375,0.000667368,0,0.5
1783082162427995136,0.001,-0.678348,-0.678348,-0.678375,0.000667349,0,0.5
1783082162428995072,0.001,-0.678348,-0.678348,-0.678375,0.000667332,0,0.5
1783082162429995008,0.001,-0.678348,-0.678348,-0.678375,0.000667315,0,0.5
1783082162430994944,0.001,-0.678348,-0.678348,-0.678375,0.000667298,0,0.5
1783082162431994880,0.001,-0.678348,-0.678348,-0.678375,0.000667282,0,0.5
1783082162432994816,0.001,-0.678348,-0.678348,-0.678374,0.000667267,0,0.5
1783082162433994752,0.001,-0.678348,-0.678348,-0.678374,0.000667252,0,0.5
1783082162434994688,0.001,-0.678348,-0.678348,-0.678374,0.000667238,0,0.5
1783082162435994624,0.001,-0.678348,-0.678348,-0.678374,0.000667224,0,0.5
1783082162436994560,0.001,-0.678348,-0.678348,-0.678374,0.000667211,0,0.5
1783082162437994496,0.001,-0.678348,-0.678348,-0.678374,0.000667198,0,0.5
1783082162438994432,0.001,-0.678348,-0.678348,-0.678374,0.000667186,0,0.5
1783082162439994368,0.001,-0.678348,-0.678348,-0.678374,0.000667174,0,0.5
1783082162440994304,0.001,-0.678348,-0.678348,-0.678374,0.000667162,0,0.5
1783082162441994240,0.001,0,0,-0.678374,0.00068316,0,0.5
1783082162442994176,0.001,-0.678348,-0.678348,-0.678374,0.000682399,0,0.5
1783082162443994112,0.001,-0.678348,-0.678348,-0.678374,0.000681674,0,0.5
1783082162444994048,0.001,-0.678348,-0.678348,-0.678374,0.000680983,0,0.5
1783082162445993984,0.001,-0.678348,-0.678348,-0.678374,0.000680324,0,0.5
1783082162446993920,0.001,-0.678348,-0.678348,-0.678373,0.000679696,0,0.5
1783082162447993856,0.001,-0.678348,-0.678348,-0.678373,0.000679098,0,0.5
1783082162448993792,0.001,-0.678348,-0.678348,-0.678373,0.000678528,0,0.5
1783082162449993728,0.001,-0.678348,-0.678348,-0.678373,0.000677984,0,0.5
1783082162450993664,0.001,-0.678348,-0.678348,-0.678373,0.000677466,0,0.5
1783082162451993600,0.001,-0.678348,-0.678348,-0.678373,0.000676972,0,0.5
1783082162452993536,0.001,-0.678348,-0.678348,-0.678373,0.000676501,0,0.5
1783082162453993472,0.001,-0.678348,-0.678348,-0.678373,0.000676052,0,0.5
1783082162454993408,0.001,-0.678348,-0.678348,-0.678373,0.000675624,0,0.5
1783082162455993344,0.001,-0.678348,-0.678348,-0.678373,0.000675216,0,0.5
1783082162456993280,0.001,-0.678348,-0.678348,-0.678373,0.000674827,0,0.5
1783082162457993216,0.001,-0.678348,-0.678348,-0.678373,0.000674456,0,0.5
1783082162458993152,0.001,-0.678348,-0.678348,-0.678373,0.000674102,0,0.5
1783082162459993088,0.001,-0.678348,-0.678348,-0.678373,0.000673765,0,0.5
1783082162460993024,0.001,-0.678348,-0.678348,-0.678373,0.000673443,0,0.5
1783082162461992960,0.001,-0.678348,-0.678348,-0.678373,0.000673136,0,0.5
1783082162462992896,0.001,-0.678348,-0.678348,-0.678373,0.000672844,0,0.5
1783082162463992832,0.001,-0.678348,-0.678348,-0.678373,0.000672564,0,0.5
1783082162464992768,0.001,-0.678348,-0.678348,-0.678373,0.000672298,0,0.5
1783082162465992704,0.001,-0.678348,-0.678348,-0.678373,0.000672044,0,0.5
1783082162466992640,0.001,-0.678348,-0.678348,-0.678373,0.000671802,0,0.5
1783082162467992576,0.001,-0.678348,-0.678348,-0.678373,0.00067157,0,0.5
1783082162468992512,0.001,-0.678348,-0.678348,-0.678373,0.00067135,0,0.5
1783082162469992448,0.001,-0.678348,-0.678348,-0.678373,0.000671139,0,0.5
1783082162470992384,0.001,-0.678348,-0.678348,-0.678373,0.000670939,0,0.5
1783082162471992320,0.001,-0.678348,-0.678348,-0.678373,0.000670747,0,0.5
1783082162472992256,0.001,-0.678348,-0.678348,-0.678373,0.000670564,0,0.5
1783082162473992192,0.001,-0.678348,-0.678348,-0.678373,0.00067039,0,0.5
1783082162474992128,0.001,-0.678348,-0.678348,-0.678373,0.000670223,0,0.5
1783082162475992064,0.001,-0.678348,-0.678348,-0.678373,0.000670064,0,0.5
1783082162476992000,0.001,-0.678348,-0.678348,-0.678373,0.000669913,0,0.5
1783082162477991936,0.001,-0.678348,-0.678348,-0.678373,0.000669768,0,0.5
1783082162478991872,0.001,-0.678348,-0.678348,-0.678373,0.00066963,0,0.5
1783082162479991808,0.001,-0.678348,-0.678348,-0.678373,0.000669498,0,0.5
1783082162480991744,0.001,-0.678348,-0.678348,-0.678373,0.000669372,0,0.5
1783082162481991680,0.001,-0.678348,-0.678348,-0.678373,0.000669251,0,0.5
1783082162482991616,0.001,-0.678348,-0.678348,-0.678373,0.000669136,0,0.5
1783082162483991552,0.001,-0.678348,-0.678348,-0.678373,0.000669027,0,0.5
1783082162484991488,0.001,-0.678348,-0.678348,-0.678373,0.000668922,0,0.5
1783082162485991424,0.001,-0.678348,-0.678348,-0.678373,0.000668822,0,0.5
1783082162486991360,0.001,-0.678348,-0.678348,-0.678373,0.000668727,0,0.5
1783082162487991296,0.001,-0.678348,-0.678348,-0.678373,0.000668635,0,0.5
1783082162488991232,0.001,-0.678348,-0.678348,-0.678373,0.000668548,0,0.5
1783082162489991168,0.001,-0.678348,-0.678348,-0.678372,0.000668465,0,0.5
1783082162490991104,0.001,-0.678348,-0.678348,-0.678372,0.000668385,0,0.5
1783082162491991040,0.001,-0.678348,-0.678348,-0.678372,0.000668309,0,0.5
1783082162492990976,0.001,-0.678348,-0.678348,-0.678372,0.000668236,0,0.5
1783082162493990912,0.001,-0.678348,-0.678348,-0.678372,0.000668167,0,0.5
1783082162494990848,0.001,-0.678348,-0.678348,-0.678372,0.0006681,0,0.5
1783082162495990784,0.001,-0.678348,-0.678348,-0.678372,0.000668037,0,0.5
1783082162496990720,0.001,-0.678348,-0.678348,-0.678372,0.000667976,0,0.5
1783082162497990656,0.001,-0.678348,-0.678348,-0.678372,0.000667918,0,0.5
1783082162498990592,0.001,-0.678348,-0.678348,-0.678372,0.000667863,0,0.5
1783082162499990528,0.001,-0.678348,-0.678348,-0.678372,0.00066781,0,0.5
1783082162500990464,0.001,-0.678348,-0.678348,-0.678372,0.000667759,0,0.5
1783082162501990400,0.001,-0.678348,-0.678348,-0.678372,0.00066771,0,0.5
1783082162502990336,0.001,-0.678348,-0.678348,-0.678372,0.000667664,0,0.5
1783082162503990272,0.001,-0.678348,-0.678348,-0.678372,0.000667619,0,0.5
1783082162504990208,0.001,-0.678348,-0.678348,-0.678372,0.000667577,0,0.5
1783082162505990144,0.001,-0.678348,-0.678348,-0.678372,0.000667536,0,0.5
1783082162506990080,0.001,-0.678348,-0.678348,-0.678372,0.000667497,0,0.5
1783082162507990016,0.001,-0.678348,-0.678348,-0.678372,0.000667459,0,0.5
1783082162508989952,0.001,-0.678348,-0.678348,-0.678372,0.000667423,0,0.5
1783082162509989888,0.001,-0.678348,-0.678348,-0.678372,0.000667389,0,0.5
1783082162510989824,0.001,-0.678348,-0.678348,-0.678372,0.000667356,0,0.5
1783082162511989760,0.001,-0.678348,-0.678348,-0.678372,0.000667325,0,0.5
1783082162512989696,0.001,-0.678348,-0.678348,-0.678372,0.000667294,0,0.5
1783082162513989632,0.001,-0.678348,-0.678348,-0.678372,0.000667265,0,0.5
1783082162514989568,0.001,-0.678348,-0.678348,-0.678372,0.000667238,0,0.5
1783082162515989504,0.001,-0.678348,-0.678348,-0.678372,0.000667211,0,0.5
1783082162516989440,0.001,-0.678348,-0.678348,-0.678372,0.000667185,0,0.5
1783082162517989376,0.001,-0.678348,-0.678348,-0.678372,0.000667161,0,0.5
1783082162518989312,0.001,-0.678348,-0.678348,-0.678372,0.000667137,0,0.5
1783082162519989248,0.001,-0.678348,-0.678348,-0.678372,0.000667114,0,0.5
1783082162520989184,0.001,-0.678348,-0.678348,-0.678372,0.000667093,0,0.5
1783082162521989120,0.001,-0.678348,-0.678348,-0.678372,0.000667072,0,0.5
1783082162522989056,0.001,-0.678348,-0.678348,-0.678371,0.000667052,0,0.5
1783082162523988992,0.001,-0.678348,-0.678348,-0.678371,0.000667032,0,0.5
1783082162524988928,0.001,-0.678348,-0.678348,-0.678371,0.000667014,0,0.5
1783082162525988864,0.001,-0.678348,-0.678348,-0.678371,0.000666996,0,0.5
1783082162526988800,0.001,-0.678348,-0.678348,-0.678371,0.000666978,0,0.5
1783082162527988736,0.001,-0.678348,-0.678348,-0.678371,0.000666962,0,0.5
1783082162528988672,0.001,-0.678348,-0.678348,-0.678371,0.000666946,0,0.5
1783082162529988608,0.001,-0.678348,-0.678348,-0.678371,0.00066693,0,0.5
1783082162530988544,0.001,-0.678348,-0.678348,-0.678371,0.000666916,0,0.5
1783082162531988480,0.001,-0.678348,-0.678348,-0.678371,0.000666901,0,0.5
1783082162532988416,0.001,-0.678348,-0.678348,-0.678371,0.000666887,0,0.5
1783082162533988352,0.001,-0.678348,-0.678348,-0.678371,0.000666874,0,0.5
1783082162534988288,0.001,0,0,-0.67837,0.000682865,0,0.5
1783082162535988224,0.001,0,0,-0.67837,0.000698856,0,0.5
1783082162536988160,0.001,0,0,-0.678369,0.000714848,0,0.5
1783082162537988096,0.001,0,0,-0.678368,0.000730839,0,0.5
1783082162538988032,0.001,0,0,-0.678368,0.00074683,0,0.5
1783082162539987968,0.001,0,0,-0.678367,0.000762822,0,0.5
1783082162540987904,0.001,0,0,-0.678366,0.000778813,0,0.5
1783082162541987840,0.001,-0.678348,-0.678348,-0.678366,0.000773201,0,0.5
1783082162542987776,0.001,0,0,-0.678365,0.000789192,0,0.5
1783082162543987712,0.001,-0.678348,-0.678348,-0.678366,0.00078302,0,0.5
1783082162544987648,0.001,-0.678348,-0.678348,-0.678366,0.000777181,0,0.5
1783082162545987584,0.001,-0.678348,-0.678348,-0.678366,0.000771656,0,0.5
1783082162546987520,0.001,-0.678348,-0.678348,-0.678366,0.000766426,0,0.5
1783082162547987456,0.001,-0.678348,-0.678348,-0.678366,0.000761472,0,0.5
1783082162548987392,0.001,-0.678348,-0.678348,-0.678366,0.00075678,0,0.5
1783082162549987328,0.001,-0.678348,-0.678348,-0.678366,0.000752333,0,0.5
1783082162550987264,0.001,-0.678348,-0.678348,-0.678366,0.000748117,0,0.5
1783082162551987200,0.001,-0.678348,-0.678348,-0.678366,0.00074412,0,0.5
1783082162552987136,0.001,-0.678348,-0.678348,-0.678366,0.000740329,0,0.5
1783082162553987072,0.001,-0.678348,-0.678348,-0.678366,0.000736731,0,0.5
1783082162554987008,0.001,-0.678348,-0.678348,-0.678367,0.000733317,0,0.5
1783082162555986944,0.001,-0.678348,-0.678348,-0.678367,0.000730077,0,0.5
1783082162556986880,0.001,-0.678348,-0.678348,-0.678367,0.000727,0,0.5
1783082162557986816,0.001,-0.678348,-0.678348,-0.678367,0.000724078,0,0.5
1783082162558986752,0.001,-0.678348,-0.678348,-0.678367,0.000721302,0,0.5
1783082162559986688,0.001,-0.678348,-0.678348,-0.678367,0.000718666,0,0.5
1783082162560986624,0.001,-0.678348,-0.678348,-0.678367,0.00071616,0,0.5
1783082162561986560,0.001,-0.678348,-0.678348,-0.678367,0.000713779,0,0.5
1783082162562986496,0.001,-0.678348,-0.678348,-0.678367,0.000711515,0,0.5
1783082162563986432,0.001,-0.678348,-0.678348,-0.678367,0.000709363,0,0.5
1783082162564986368,0.001,-0.678348,-0.678348,-0.678367,0.000707317,0,0.5
1783082162565986304,0.001,-0.678348,-0.678348,-0.678367,0.000705371,0,0.5
1783082162566986240,0.001,-0.678348,-0.678348,-0.678367,0.00070352,0,0.5
1783082162567986176,0.001,-0.678348,-0.678348,-0.678367,0.000701759,0,0.5
1783082162568986112,0.001,-0.678348,-0.678348,-0.678367,0.000700084,0,0.5
1783082162569986048,0.001,-0.678348,-0.678348,-0.678367,0.000698489,0,0.5
1783082162570985984,0.001,-0.678348,-0.678348,-0.678367,0.000696973,0,0.5
1783082162571985920,0.001,-0.678348,-0.678348,-0.678367,0.000695529,0,0.5
1783082162572985856,0.001,-0.678348,-0.678348,-0.678367,0.000694155,0,0.5
1783082162573985792,0.001,-0.678348,-0.678348,-0.678368,0.000692847,0,0.5
1783082162574985728,0.001,-0.678348,-0.678348,-0.678368,0.000691602,0,0.5
1783082162575985664,0.001,-0.678348,-0.678348,-0.678368,0.000690416,0,0.5
1783082162576985600,0.001,-0.678348,-0.678348,-0.678368,0.000689287,0,0.5
1783082162577985536,0.001,-0.678348,-0.678348,-0.678368,0.000688212,0,0.5
1783082162578985472,0.001,-0.678348,-0.678348,-0.678368,0.000687188,0,0.5
1783082162579985408,0.001,-0.678348,-0.678348,-0.678368,0.000686213,0,0.5
1783082162580985344,0.001,-0.678348,-0.678348,-0.678368,0.000685284,0,0.5
1783082162581985280,0.001,-0.678348,-0.678348,-0.678368,0.000684399,0,0.5
1783082162582985216,0.001,-0.678348,-0.678348,-0.678368,0.000683556,0,0.5
1783082162583985152,0.001,-0.678348,-0.678348,-0.678368,0.000682753,0,0.5
1783082162584985088,0.001,-0.678348,-0.678348,-0.678368,0.000681988,0,0.5
1783082162585985024,0.001,-0.678348,-0.678348,-0.678368,0.000681259,0,0.5
1783082162586984960,0.001,-0.678348,-0.678348,-0.678368,0.000680565,0,0.5
1783082162587984896,0.001,-0.678348,-0.678348,-0.678368,0.000679903,0,0.5
1783082162588984832,0.001,-0.678348,-0.678348,-0.678368,0.000679272,0,0.5
1783082162589984768,0.001,-0.678348,-0.678348,-0.678368,0.000678671,0,0.5
1783082162590984704,0.001,-0.678348,-0.678348,-0.678368,0.000678098,0,0.5
1783082162591984640,0.001,-0.678348,-0.678348,-0.678368,0.000677551,0,0.5
1783082162592984576,0.001,-0.678348,-0.678348,-0.678368,0.000677031,0,0.5
1783082162593984512,0.001,-0.678348,-0.678348,-0.678368,0.000676534,0,0.5
1783082162594984448,0.001,-0.678348,-0.678348,-0.678368,0.000676061,0,0.5
1783082162595984384,0.001,-0.678348,-0.678348,-0.678368,0.00067561,0,0.5
1783082162596984320,0.001,-0.678348,-0.678348,-0.678368,0.00067518,0,0.5
1783082162597984256,0.001,-0.678348,-0.678348,-0.678368,0.00067477,0,0.5
1783082162598984192,0.001,-0.678348,-0.678348,-0.678368,0.000674379,0,0.5
1783082162599984128,0.001,-0.678348,-0.678348,-0.678368,0.000674006,0,0.5
1783082162600984064,0.001,-0.678348,-0.678348,-0.678368,0.000673651,0,0.5
1783082162601984000,0.001,-0.678348,-0.678348,-0.678368,0.000673312,0,0.5
1783082162602983936,0.001,-0.678348,-0.678348,-0.678368,0.000672988,0,0.5
1783082162603983872,0.001,-0.678348,-0.678348,-0.678368,0.00067268,0,0.5
1783082162604983808,0.001,-0.678348,-0.678348,-0.678368,0.000672386,0,0.5
1783082162605983744,0.001,-0.678348,-0.678348,-0.678368,0.000672105,0,0.5
1783082162606983680,0.001,-0.678348,-0.678348,-0.678368,0.000671838,0,0.5
1783082162607983616,0.001,-0.678348,-0.678348,-0.678368,0.000671583,0,0.5
1783082162608983552,0.001,-0.678348,-0.678348,-0.678368,0.000671339,0,0.5
1783082162609983488,0.001,-0.678348,-0.678348,-0.678368,0.000671107,0,0.5
1783082162610983424,0.001,-0.678348,-0.678348,-0.678368,0.000670885,0,0.5
1783082162611983360,0.001,-0.678348,-0.678348,-0.678368,0.000670674,0,0.5
1783082162612983296,0.001,-0.678348,-0.678348,-0.678368,0.000670472,0,0.5
1783082162613983232,0.001,-0.678348,-0.678348,-0.678368,0.00067028,0,0.5
1783082162614983168,0.001,-0.678348,-0.678348,-0.678368,0.000670096,0,0.5
1783082162615983104,0.001,-0.678348,-0.678348,-0.678368,0.000669921,0,0.5
1783082162616983040,0.001,-0.678348,-0.678348,-0.678368,0.000669753,0,0.5
1783082162617982976,0.001,-0.678348,-0.678348,-0.678368,0.000669594,0,0.5
1783082162618982912,0.001,-0.678348,-0.678348,-0.678368,0.000669441,0,0.5
1783082162619982848,0.001,-0.678348,-0.678348,-0.678368,0.000669296,0,0.5
1783082162620982784,0.001,-0.678348,-0.678348,-0.678368,0.000669157,0,0.5
1783082162621982720,0.001,-0.678348,-0.678348,-0.678368,0.000669025,0,0.5
1783082162622982656,0.001,-0.678348,-0.678348,-0.678368,0.000668898,0,0.5
1783082162623982592,0.001,-0.678348,-0.678348,-0.678368,0.000668777,0,0.5
1783082162624982528,0.001,-0.678348,-0.678348,-0.678368,0.000668662,0,0.5
1783082162625982464,0.001,-0.678348,-0.678348,-0.678368,0.000668552,0,0.5
1783082162626982400,0.001,-0.678348,-0.678348,-0.678368,0.000668446,0,0.5
1783082162627982336,0.001,-0.678348,-0.678348,-0.678368,0.000668346,0,0.5
1783082162628982272,0.001,-0.678348,-0.678348,-0.678368,0.00066825,0,0.5
1783082162629982208,0.001,-0.678348,-0.678348,-0.678368,0.000668158,0,0.5
1783082162630982144,0.001,-0.678348,-0.678348,-0.678368,0.000668071,0,0.5
1783082162631982080,0.001,-0.678348,-0.678348,-0.678368,0.000667987,0,0.5
1783082162632982016,0.001,-0.678348,-0.678348,-0.678368,0.000667907,0,0.5
1783082162633981952,0.001,-0.678348,-0.678348,-0.678368,0.000667831,0,0.5
1783082162634981888,0.001,-0.678348,-0.678348,-0.678368,0.000667758,0,0.5
1783082162635981824,0.001,-0.678348,-0.678348,-0.678368,0.000667688,0,0.5
1783082162636981760,0.001,-0.678348,-0.678348,-0.678368,0.000667621,0,0.5
1783082162637981696,0.001,-0.678348,-0.678348,-0.678368,0.000667557,0,0.5
1783082162638981632,0.001,-0.678348,-0.678348,-0.678367,0.000667497,0,0.5
1783082162639981568,0.001,-0.678348,-0.678348,-0.678367,0.000667438,0,0.5
1783082162640981504,0.001,-0.678348,-0.678348,-0.678367,0.000667382,0,0.5
1783082162641981440,0.001,0,0,-0.678367,0.000683366,0,0.5
1783082162642981376,0.001,-0.678348,-0.678348,-0.678367,0.000682562,0,0.5
1783082162643981312,0.001,-0.678348,-0.678348,-0.678367,0.000681796,0,0.5
1783082162644981248,0.001,0,0,-0.678366,0.000697779,0,0.5
1783082162645981184,0.001,-0.678348,-0.678348,-0.678366,0.000696284,0,0.5
1783082162646981120,0.001,-0.678348,-0.678348,-0.678366,0.000694862,0,0.5
1783082162647981056,0.001,-0.678348,-0.678348,-0.678366,0.000693507,0,0.5
1783082162648980992,0.001,-0.678348,-0.678348,-0.678366,0.000692218,0,0.5
1783082162649980928,0.001,-0.678348,-0.678348,-0.678366,0.000690991,0,0.5
1783082162650980864,0.001,-0.678348,-0.678348,-0.678366,0.000689822,0,0.5
1783082162651980800,0.001,-0.678348,-0.678348,-0.678366,0.000688709,0,0.5
1783082162652980736,0.001,-0.678348,-0.678348,-0.678366,0.000687649,0,0.5
1783082162653980672,0.001,-0.678348,-0.678348,-0.678366,0.00068664,0,0.5
1783082162654980608,0.001,-0.678348,-0.678348,-0.678366,0.000685679,0,0.5
1783082162655980544,0.001,-0.678348,-0.678348,-0.678366,0.000684763,0,0.5
1783082162656980480,0.001,-0.678348,-0.678348,-0.678366,0.00068389,0,0.5
1783082162657980416,0.001,-0.678348,-0.678348,-0.678366,0.000683059,0,0.5
1783082162658980352,0.001,-0.678348,-0.678348,-0.678366,0.000682268,0,0.5
1783082162659980288,0.001,-0.678348,-0.678348,-0.678366,0.000681513,0,0.5
1783082162660980224,0.001,-0.678348,-0.678348,-0.678366,0.000680795,0,0.5
1783082162661980160,0.001,-0.678348,-0.678348,-0.678366,0.00068011,0,0.5
1783082162662980096,0.001,-0.678348,-0.678348,-0.678366,0.000679457,0,0.5
1783082162663980032,0.001,-0.678348,-0.678348,-0.678366,0.000678835,0,0.5
1783082162664979968,0.001,-0.678348,-0.678348,-0.678366,0.000678242,0,0.5
1783082162665979904,0.001,-0.678348,-0.678348,-0.678366,0.000677677,0,0.5
1783082162666979840,0.001,-0.678348,-0.678348,-0.678366,0.000677138,0,0.5
1783082162667979776,0.001,-0.678348,-0.678348,-0.678366,0.000676625,0,0.5
1783082162668979712,0.001,-0.678348,-0.678348,-0.678366,0.000676135,0,0.5
1783082162669979648,0.001,-0.678348,-0.678348,-0.678366,0.000675669,0,0.5
1783082162670979584,0.001,-0.678348,-0.678348,-0.678366,0.000675224,0,0.5
1783082162671979520,0.001,-0.678348,-0.678348,-0.678366,0.0006748,0,0.5
1783082162672979456,0.001,-0.678348,-0.678348,-0.678366,0.000674395,0,0.5
1783082162673979392,0.001,-0.678348,-0.678348,-0.678366,0.00067401,0,0.5
1783082162674979328,0.001,-0.678348,-0.678348,-0.678366,0.000673642,0,0.5
1783082162675979264,0.001,-0.678348,-0.678348,-0.678366,0.000673291,0,0.5
1783082162676979200,0.001,-0.678348,-0.678348,-0.678366,0.000672957,0,0.5
1783082162677979136,0.001,-0.678348,-0.678348,-0.678366,0.000672638,0,0.5
1783082162678979072,0.001,-0.678348,-0.678348,-0.678366,0.000672334,0,0.5
1783082162679979008,0.001,-0.678348,-0.678348,-0.678366,0.000672044,0,0.5
1783082162680978944,0.001,-0.678348,-0.678348,-0.678366,0.000671767,0,0.5
1783082162681978880,0.001,-0.678348,-0.678348,-0.678366,0.000671503,0,0.5
1783082162682978816,0.001,-0.678348,-0.678348,-0.678366,0.000671251,0,0.5
1783082162683978752,0.001,-0.678348,-0.678348,-0.678366,0.000671011,0,0.5
1783082162684978688,0.001,-0.678348,-0.678348,-0.678366,0.000670782,0,0.5
1783082162685978624,0.001,-0.678348,-0.678348,-0.678366,0.000670563,0,0.5
1783082162686978560,0.001,-0.678348,-0.678348,-0.678366,0.000670355,0,0.5
1783082162687978496,0.001,-0.678348,-0.678348,-0.678366,0.000670156,0,0.5
1783082162688978432,0.001,-0.678348,-0.678348,-0.678366,0.000669966,0,0.5
1783082162689978368,0.001,-0.678348,-0.678348,-0.678366,0.000669785,0,0.5
1783082162690978304,0.001,-0.678348,-0.678348,-0.678366,0.000669612,0,0.5
1783082162691978240,0.001,-0.678348,-0.678348,-0.678366,0.000669447,0,0.5
1783082162692978176,0.001,-0.678348,-0.678348,-0.678366,0.000669289,0,0.5
1783082162693978112,0.001,-0.678348,-0.678348,-0.678366,0.000669139,0,0.5
1783082162694978048,0.001,-0.678348,-0.678348,-0.678366,0.000668996,0,0.5
1783082162695977984,0.001,-0.678348,-0.678348,-0.678366,0.000668859,0,0.5
1783082162696977920,0.001,-0.678348,-0.678348,-0.678366,0.000668728,0,0.5
1783082162697977856,0.001,-0.678348,-0.678348,-0.678366,0.000668603,0,0.5
1783082162698977792,0.001,-0.678348,-0.678348,-0.678366,0.000668484,0,0.5
1783082162699977728,0.001,-0.678348,-0.678348,-0.678366,0.00066837,0,0.5
1783082162700977664,0.001,-0.678348,-0.678348,-0.678366,0.000668261,0,0.5
1783082162701977600,0.001,-0.678348,-0.678348,-0.678366,0.000668157,0,0.5
1783082162702977536,0.001,-0.678348,-0.678348,-0.678366,0.000668058,0,0.5
1783082162703977472,0.001,-0.678348,-0.678348,-0.678366,0.000667964,0,0.5
1783082162704977408,0.001,-0.678348,-0.678348,-0.678366,0.000667873,0,0.5
1783082162705977344,0.001,-0.678348,-0.678348,-0.678366,0.000667787,0,0.5
1783082162706977280,0.001,-0.678348,-0.678348,-0.678366,0.000667704,0,0.5
1783082162707977216,0.001,-0.678348,-0.678348,-0.678366,0.000667625,0,0.5
1783082162708977152,0.001,-0.678348,-0.678348,-0.678366,0.00066755,0,0.5
1783082162709977088,0.001,-0.678348,-0.678348,-0.678366,0.000667478,0,0.5
1783082162710977024,0.001,-0.678348,-0.678348,-0.678365,0.000667409,0,0.5
1783082162711976960,0.001,-0.678348,-0.678348,-0.678365,0.000667343,0,0.5
1783082162712976896,0.001,-0.678348,-0.678348,-0.678365,0.00066728,0,0.5
1783082162713976832,0.001,-0.678348,-0.678348,-0.678365,0.00066722,0,0.5
1783082162714976768,0.001,-0.678348,-0.678348,-0.678365,0.000667162,0,0.5
1783082162715976704,0.001,-0.678348,-0.678348,-0.678365,0.000667107,0,0.5
1783082162716976640,0.001,-0.678348,-0.678348,-0.678365,0.000667055,0,0.5
1783082162717976576,0.001,-0.678348,-0.678348,-0.678365,0.000667004,0,0.5
1783082162718976512,0.001,-0.678348,-0.678348,-0.678365,0.000666956,0,0.5
1783082162719976448,0.001,-0.678348,-0.678348,-0.678365,0.00066691,0,0.5
1783082162720976384,0.001,-0.678348,-0.678348,-0.678365,0.000666866,0,0.5
1783082162721976320,0.001,-0.678348,-0.678348,-0.678365,0.000666824,0,0.5
1783082162722976256,0.001,-0.678348,-0.678348,-0.678365,0.000666783,0,0.5
1783082162723976192,0.001,-0.678348,-0.678348,-0.678365,0.000666745,0,0.5
1783082162724976128,0.001,-0.678348,-0.678348,-0.678365,0.000666708,0,0.5
1783082162725976064,0.001,-0.678348,-0.678348,-0.678365,0.000666672,0,0.5
1783082162726976000,0.001,-0.678348,-0.678348,-0.678365,0.000666638,0,0.5
1783082162727975936,0.001,-0.678348,-0.678348,-0.678365,0.000666605,0,0.5
1783082162728975872,0.001,-0.678348,-0.678348,-0.678365,0.000666574,0,0.5
1783082162729975808,0.001,-0.678348,-0.678348,-0.678365,0.000666544,0,0.5
1783082162730975744,0.001,-0.678348,-0.678348,-0.678365,0.000666515,0,0.5
1783082162731975680,0.001,-0.678348,-0.678348,-0.678365,0.000666488,0,0.5
1783082162732975616,0.001,-0.678348,-0.678348,-0.678365,0.000666461,0,0.5
1783082162733975552,0.001,-0.678348,-0.678348,-0.678365,0.000666436,0,0.5
1783082162734975488,0.001,-0.678348,-0.678348,-0.678365,0.000666411,0,0.5
1783082162735975424,0.001,-0.678348,-0.678348,-0.678365,0.000666388,0,0.5
1783082162736975360,0.001,-0.678348,-0.678348,-0.678365,0.000666366,0,0.5
1783082162737975296,0.001,-0.678348,-0.678348,-0.678365,0.000666344,0,0.5
1783082162738975232,0.001,-0.678348,-0.678348,-0.678365,0.000666323,0,0.5
1783082162739975168,0.001,-0.678348,-0.678348,-0.678365,0.000666303,0,0.5
1783082162740975104,0.001,-0.678348,-0.678348,-0.678365,0.000666284,0,0.5
1783082162741975040,0.001,0,0,-0.678364,0.00068226,0,0.5
1783082162742974976,0.001,0,0,-0.678363,0.000698235,0,0.5
1783082162743974912,0.001,-0.678348,-0.678348,-0.678363,0.000696702,0,0.5
1783082162744974848,0.001,0,0,-0.678363,0.000712677,0,0.5
1783082162745974784,0.001,-0.678348,-0.678348,-0.678363,0.000710437,0,0.5
1783082162746974720,0.001,-0.678348,-0.678348,-0.678363,0.000708307,0,0.5
1783082162747974656,0.001,-0.678348,-0.678348,-0.678363,0.000706281,0,0.5
1783082162748974592,0.001,-0.678348,-0.678348,-0.678363,0.000704355,0,0.5
1783082162749974528,0.001,-0.678348,-0.678348,-0.678363,0.000702523,0,0.5
1783082162750974464,0.001,-0.678348,-0.678348,-0.678363,0.00070078,0,0.5
1783082162751974400,0.001,-0.678348,-0.678348,-0.678363,0.000699122,0,0.5
1783082162752974336,0.001,-0.678348,-0.678348,-0.678363,0.000697544,0,0.5
1783082162753974272,0.001,-0.678348,-0.678348,-0.678363,0.000696042,0,0.5
1783082162754974208,0.001,-0.678348,-0.678348,-0.678363,0.000694613,0,0.5
1783082162755974144,0.001,-0.678348,-0.678348,-0.678363,0.000693252,0,0.5
1783082162756974080,0.001,-0.678348,-0.678348,-0.678363,0.000691957,0,0.5
1783082162757974016,0.001,-0.678348,-0.678348,-0.678363,0.000690724,0,0.5
1783082162758973952,0.001,-0.678348,-0.678348,-0.678363,0.000689551,0,0.5
1783082162759973888,0.001,-0.678348,-0.678348,-0.678363,0.000688433,0,0.5
1783082162760973824,0.001,-0.678348,-0.678348,-0.678363,0.000687368,0,0.5
1783082162761973760,0.001,-0.678348,-0.678348,-0.678363,0.000686355,0,0.5
1783082162762973696,0.001,-0.678348,-0.678348,-0.678363,0.000685389,0,0.5
1783082162763973632,0.001,-0.678348,-0.678348,-0.678363,0.000684469,0,0.5
1783082162764973568,0.001,-0.678348,-0.678348,-0.678363,0.000683593,0,0.5
1783082162765973504,0.001,-0.678348,-0.678348,-0.678363,0.000682759,0,0.5
1783082162766973440,0.001,-0.678348,-0.678348,-0.678363,0.000681963,0,0.5
1783082162767973376,0.001,-0.678348,-0.678348,-0.678363,0.000681206,0,0.5
1783082162768973312,0.001,-0.678348,-0.678348,-0.678363,0.000680484,0,0.5
1783082162769973248,0.001,-0.678348,-0.678348,-0.678363,0.000679796,0,0.5
1783082162770973184,0.001,-0.678348,-0.678348,-0.678363,0.00067914,0,0.5
1783082162771973120,0.001,-0.678348,-0.678348,-0.678363,0.000678516,0,0.5
1783082162772973056,0.001,-0.678348,-0.678348,-0.678363,0.00067792,0,0.5
1783082162773972992,0.001,-0.678348,-0.678348,-0.678363,0.000677353,0,0.5
1783082162774972928,0.001,-0.678348,-0.678348,-0.678363,0.000676812,0,0.5
1783082162775972864,0.001,-0.678348,-0.678348,-0.678363,0.000676296,0,0.5
1783082162776972800,0.001,-0.678348,-0.678348,-0.678363,0.000675805,0,0.5
1783082162777972736,0.001,-0.678348,-0.678348,-0.678363,0.000675336,0,0.5
1783082162778972672,0.001,-0.678348,-0.678348,-0.678363,0.000674889,0,0.5
1783082162779972608,0.001,-0.678348,-0.678348,-0.678363,0.000674463,0,0.5
1783082162780972544,0.001,-0.678348,-0.678348,-0.678363,0.000674057,0,0.5
1783082162781972480,0.001,-0.678348,-0.678348,-0.678363,0.00067367,0,0.5
1783082162782972416,0.001,-0.678348,-0.678348,-0.678363,0.000673301,0,0.5
1783082162783972352,0.001,-0.678348,-0.678348,-0.678363,0.000672949,0,0.5
1783082162784972288,0.001,-0.678348,-0.678348,-0.678363,0.000672613,0,0.5
1783082162785972224,0.001,-0.678348,-0.678348,-0.678363,0.000672293,0,0.5
1783082162786972160,0.001,-0.678348,-0.678348,-0.678363,0.000671987,0,0.5
1783082162787972096,0.001,-0.678348,-0.678348,-0.678363,0.000671696,0,0.5
1783082162788972032,0.001,-0.678348,-0.678348,-0.678363,0.000671418,0,0.5
1783082162789971968,0.001,-0.678348,-0.678348,-0.678363,0.000671153,0,0.5
1783082162790971904,0.001,-0.678348,-0.678348,-0.678363,0.0006709,0,0.5
1783082162791971840,0.001,-0.678348,-0.678348,-0.678363,0.000670659,0,0.5
1783082162792971776,0.001,-0.678348,-0.678348,-0.678363,0.000670429,0,0.5
1783082162793971712,0.001,-0.678348,-0.678348,-0.678363,0.00067021,0,0.5
1783082162794971648,0.001,-0.678348,-0.678348,-0.678363,0.00067,0,0.5
1783082162795971584,0.001,-0.678348,-0.678348,-0.678363,0.000669801,0,0.5
1783082162796971520,0.001,-0.678348,-0.678348,-0.678363,0.00066961,0,0.5
1783082162797971456,0.001,-0.678348,-0.678348,-0.678363,0.000669428,0,0.5
1783082162798971392,0.001,-0.678348,-0.678348,-0.678363,0.000669254,0,0.5
1783082162799971328,0.001,-0.678348,-0.678348,-0.678363,0.000669089,0,0.5
1783082162800971264,0.001,-0.678348,-0.678348,-0.678363,0.000668931,0,0.5
1783082162801971200,0.001,-0.678348,-0.678348,-0.678363,0.00066878,0,0.5
1783082162802971136,0.001,-0.678348,-0.678348,-0.678363,0.000668636,0,0.5
1783082162803971072,0.001,-0.678348,-0.678348,-0.678363,0.000668498,0,0.5
1783082162804971008,0.001,-0.678348,-0.678348,-0.678363,0.000668367,0,0.5
1783082162805970944,0.001,-0.678348,-0.678348,-0.678363,0.000668241,0,0.5
1783082162806970880,0.001,-0.678348,-0.678348,-0.678363,0.000668122,0,0.5
1783082162807970816,0.001,-0.678348,-0.678348,-0.678363,0.000668008,0,0.5
1783082162808970752,0.001,-0.678348,-0.678348,-0.678363,0.000667898,0,0.5
1783082162809970688,0.001,-0.678348,-0.678348,-0.678363,0.000667794,0,0.5
1783082162810970624,0.001,-0.678348,-0.678348,-0.678363,0.000667695,0,0.5
1783082162811970560,0.001,-0.678348,-0.678348,-0.678362,0.0006676,0,0.5
1783082162812970496,0.001,-0.678348,-0.678348,-0.678362,0.000667509,0,0.5
1783082162813970432,0.001,-0.678348,-0.678348,-0.678362,0.000667422,0,0.5
1783082162814970368,0.001,-0.678348,-0.678348,-0.678362,0.000667339,0,0.5
1783082162815970304,0.001,-0.678348,-0.678348,-0.678362,0.00066726,0,0.5
1783082162816970240,0.001,-0.678348,-0.678348,-0.678362,0.000667184,0,0.5
1783082162817970176,0.001,-0.678348,-0.678348,-0.678362,0.000667112,0,0.5
1783082162818970112,0.001,-0.678348,-0.678348,-0.678362,0.000667043,0,0.5
1783082162819970048,0.001,-0.678348,-0.678348,-0.678362,0.000666977,0,0.5
1783082162820969984,0.001,-0.678348,-0.678348,-0.678362,0.000666914,0,0.5
1783082162821969920,0.001,-0.678348,-0.678348,-0.678362,0.000666854,0,0.5
1783082162822969856,0.001,-0.678348,-0.678348,-0.678362,0.000666796,0,0.5
1783082162823969792,0.001,-0.678348,-0.678348,-0.678362,0.000666741,0,0.5
1783082162824969728,0.001,-0.678348,-0.678348,-0.678362,0.000666688,0,0.5
1783082162825969664,0.001,-0.678348,-0.678348,-0.678362,0.000666637,0,0.5
1783082162826969600,0.001,-0.678348,-0.678348,-0.678362,0.000666589,0,0.5
1783082162827969536,0.001,-0.678348,-0.678348,-0.678362,0.000666543,0,0.5
1783082162828969472,0.001,-0.678348,-0.678348,-0.678362,0.000666498,0,0.5
1783082162829969408,0.001,-0.678348,-0.678348,-0.678362,0.000666456,0,0.5
1783082162830969344,0.001,-0.678348,-0.678348,-0.678362,0.000666415,0,0.5
1783082162831969280,0.001,-0.678348,-0.678348,-0.678362,0.000666377,0,0.5
1783082162832969216,0.001,-0.678348,-0.678348,-0.678362,0.000666339,0,0.5
1783082162833969152,0.001,-0.678348,-0.678348,-0.678362,0.000666304,0,0.5
1783082162834969088,0.001,-0.678348,-0.678348,-0.678362,0.00066627,0,0.5
1783082162835969024,0.001,-0.678348,-0.678348,-0.678362,0.000666237,0,0.5
1783082162836968960,0.001,-0.678348,-0.678348,-0.678362,0.000666206,0,0.5
1783082162837968896,0.001,-0.678348,-0.678348,-0.678362,0.000666176,0,0.5
1783082162838968832,0.001,-0.678348,-0.678348,-0.678362,0.000666147,0,0.5
1783082162839968768,0.001,-0.678348,-0.678348,-0.678362,0.000666119,0,0.5
1783082162840968704,0.001,-0.678348,-0.678348,-0.678362,0.000666093,0,0.5
1783082162841968640,0.001,-0.678348,-0.678348,-0.678362,0.000666067,0,0.5
1783082162842968576,0.001,-0.678348,-0.678348,-0.678362,0.000666043,0,0.5
1783082162843968512,0.001,-0.678348,-0.678348,-0.678362,0.000666019,0,0.5
1783082162844968448,0.001,-0.678348,-0.678348,-0.678362,0.000665997,0,0.5
1783082162845968384,0.001,-0.678348,-0.678348,-0.678362,0.000665975,0,0.5
1783082162846968320,0.001,-0.678348,-0.678348,-0.678362,0.000665954,0,0.5
1783082162847968256,0.001,-0.678348,-0.678348,-0.678362,0.000665934,0,0.5
1783082162848968192,0.001,0,0,-0.678361,0.000681902,0,0.5
1783082162849968128,0.001,-0.678348,-0.678348,-0.678361,0.000681134,0,0.5
1783082162850968064,0.001,-0.678348,-0.678348,-0.678361,0.000680402,0,0.5
1783082162851968000,0.001,-0.678348,-0.678348,-0.678361,0.000679705,0,0.5
1783082162852967936,0.001,-0.678348,-0.678348,-0.678361,0.00067904,0,0.5
1783082162853967872,0.001,-0.678348,-0.678348,-0.678361,0.000678407,0,0.5
1783082162854967808,0.001,-0.678348,-0.678348,-0.678361,0.000677803,0,0.5
1783082162855967744,0.001,-0.678348,-0.678348,-0.678361,0.000677228,0,0.5
1783082162856967680,0.001,-0.678348,-0.678348,-0.678361,0.00067668,0,0.5
1783082162857967616,0.001,-0.678348,-0.678348,-0.678361,0.000676157,0,0.5
1783082162858967552,0.001,-0.678348,-0.678348,-0.678361,0.000675659,0,0.5
1783082162859967488,0.001,-0.678348,-0.678348,-0.678361,0.000675184,0,0.5
1783082162860967424,0.001,-0.678348,-0.678348,-0.678361,0.000674731,0,0.5
1783082162861967360,0.001,-0.678348,-0.678348,-0.678361,0.0006743,0,0.5
1783082162862967296,0.001,-0.678348,-0.678348,-0.678361,0.000673888,0,0.5
1783082162863967232,0.001,-0.678348,-0.678348,-0.678361,0.000673495,0,0.5
1783082162864967168,0.001,-0.678348,-0.678348,-0.678361,0.000673121,0,0.5
1783082162865967104,0.001,-0.678348,-0.678348,-0.678361,0.000672764,0,0.5
1783082162866967040,0.001,-0.678348,-0.678348,-0.678361,0.000672424,0,0.5
1783082162867966976,0.001,-0.678348,-0.678348,-0.678361,0.0006721,0,0.5
1783082162868966912,0.001,-0.678348,-0.678348,-0.678361,0.00067179,0,0.5
1783082162869966848,0.001,-0.678348,-0.678348,-0.678361,0.000671495,0,0.5
1783082162870966784,0.001,-0.678348,-0.678348,-0.678361,0.000671213,0,0.5
1783082162871966720,0.001,-0.678348,-0.678348,-0.678361,0.000670945,0,0.5
1783082162872966656,0.001,-0.678348,-0.678348,-0.678361,0.000670689,0,0.5
1783082162873966592,0.001,-0.678348,-0.678348,-0.678361,0.000670444,0,0.5
1783082162874966528,0.001,-0.678348,-0.678348,-0.678361,0.000670211,0,0.5
1783082162875966464,0.001,-0.678348,-0.678348,-0.678361,0.000669989,0,0.5
1783082162876966400,0.001,-0.678348,-0.678348,-0.678361,0.000669776,0,0.5
1783082162877966336,0.001,-0.678348,-0.678348,-0.678361,0.000669574,0,0.5
1783082162878966272,0.001,-0.678348,-0.678348,-0.678361,0.000669381,0,0.5
1783082162879966208,0.001,-0.678348,-0.678348,-0.678361,0.000669196,0,0.5
1783082162880966144,0.001,-0.678348,-0.678348,-0.678361,0.00066902,0,0.5
1783082162881966080,0.001,-0.678348,-0.678348,-0.678361,0.000668853,0,0.5
1783082162882966016,0.001,-0.678348,-0.678348,-0.678361,0.000668692,0,0.5
1783082162883965952,0.001,-0.678348,-0.678348,-0.678361,0.000668539,0,0.5
1783082162884965888,0.001,-0.678348,-0.678348,-0.678361,0.000668394,0,0.5
1783082162885965824,0.001,-0.678348,-0.678348,-0.678361,0.000668254,0,0.5
1783082162886965760,0.001,-0.678348,-0.678348,-0.678361,0.000668121,0,0.5
1783082162887965696,0.001,-0.678348,-0.678348,-0.67836,0.000667994,0,0.5
1783082162888965632,0.001,-0.678348,-0.678348,-0.67836,0.000667873,0,0.5
1783082162889965568,0.001,-0.678348,-0.678348,-0.67836,0.000667757,0,0.5
1783082162890965504,0.001,-0.678348,-0.678348,-0.67836,0.000667647,0,0.5
1783082162891965440,0.001,-0.678348,-0.678348,-0.67836,0.000667541,0,0.5
1783082162892965376,0.001,-0.678348,-0.678348,-0.67836,0.00066744,0,0.5
1783082162893965312,0.001,-0.678348,-0.678348,-0.67836,0.000667344,0,0.5
1783082162894965248,0.001,-0.678348,-0.678348,-0.67836,0.000667252,0,0.5
1783082162895965184,0.001,-0.678348,-0.678348,-0.67836,0.000667164,0,0.5
1783082162896965120,0.001,-0.678348,-0.678348,-0.67836,0.00066708,0,0.5
1783082162897965056,0.001,-0.678348,-0.678348,-0.67836,0.000667,0,0.5
1783082162898964992,0.001,-0.678348,-0.678348,-0.67836,0.000666923,0,0.5
1783082162899964928,0.001,-0.678348,-0.678348,-0.67836,0.00066685,0,0.5
1783082162900964864,0.001,-0.678348,-0.678348,-0.67836,0.00066678,0,0.5
1783082162901964800,0.001,-0.678348,-0.678348,-0.67836,0.000666713,0,0.5
1783082162902964736,0.001,-0.678348,-0.678348,-0.67836,0.000666649,0,0.5
1783082162903964672,0.001,-0.678348,-0.678348,-0.67836,0.000666588,0,0.5
1783082162904964608,0.001,-0.678348,-0.678348,-0.67836,0.00066653,0,0.5
1783082162905964544,0.001,-0.678348,-0.678348,-0.67836,0.000666474,0,0.5
1783082162906964480,0.001,-0.678348,-0.678348,-0.67836,0.00066642,0,0.5
1783082162907964416,0.001,-0.678348,-0.678348,-0.67836,0.000666369,0,0.5
1783082162908964352,0.001,-0.678348,-0.678348,-0.67836,0.00066632,0,0.5
1783082162909964288,0.001,-0.678348,-0.678348,-0.67836,0.000666274,0,0.5
1783082162910964224,0.001,-0.678348,-0.678348,-0.67836,0.000666229,0,0.5
1783082162911964160,0.001,-0.678348,-0.678348,-0.67836,0.000666186,0,0.5
1783082162912964096,0.001,-0.678348,-0.678348,-0.67836,0.000666145,0,0.5
1783082162913964032,0.001,-0.678348,-0.678348,-0.67836,0.000666106,0,0.5
1783082162914963968,0.001,-0.678348,-0.678348,-0.67836,0.000666068,0,0.5
1783082162915963904,0.001,-0.678348,-0.678348,-0.67836,0.000666032,0,0.5
1783082162916963840,0.001,-0.678348,-0.678348,-0.67836,0.000665997,0,0.5
1783082162917963776,0.001,-0.678348,-0.678348,-0.67836,0.000665964,0,0.5
1783082162918963712,0.001,-0.678348,-0.678348,-0.67836,0.000665932,0,0.5
1783082162919963648,0.001,-0.678348,-0.678348,-0.67836,0.000665902,0,0.5
1783082162920963584,0.001,-0.678348,-0.678348,-0.67836,0.000665873,0,0.5
1783082162921963520,0.001,-0.678348,-0.678348,-0.67836,0.000665845,0,0.5
1783082162922963456,0.001,-0.678348,-0.678348,-0.67836,0.000665818,0,0.5
1783082162923963392,0.001,-0.678348,-0.678348,-0.67836,0.000665792,0,0.5
1783082162924963328,0.001,-0.678348,-0.678348,-0.67836,0.000665768,0,0.5
1783082162925963264,0.001,-0.678348,-0.678348,-0.67836,0.000665744,0,0.5
1783082162926963200,0.001,-0.678348,-0.678348,-0.67836,0.000665721,0,0.5
1783082162927963136,0.001,-0.678348,-0.678348,-0.67836,0.000665699,0,0.5
1783082162928963072,0.001,-0.678348,-0.678348,-0.67836,0.000665678,0,0.5
1783082162929963008,0.001,-0.678348,-0.678348,-0.67836,0.000665658,0,0.5
1783082162930962944,0.001,-0.678348,-0.678348,-0.67836,0.000665639,0,0.5
1783082162931962880,0.001,-0.678348,-0.678348,-0.67836,0.00066562,0,0.5
1783082162932962816,0.001,-0.678348,-0.678348,-0.678359,0.000665602,0,0.5
1783082162933962752,0.001,-0.678348,-0.678348,-0.678359,0.000665585,0,0.5
1783082162934962688,0.001,-0.678348,-0.678348,-0.678359,0.000665568,0,0.5
1783082162935962624,0.001,-0.678348,-0.678348,-0.678359,0.000665552,0,0.5
1783082162936962560,0.001,-0.678348,-0.678348,-0.678359,0.000665537,0,0.5
1783082162937962496,0.001,-0.678348,-0.678348,-0.678359,0.000665522,0,0.5
1783082162938962432,0.001,-0.678348,-0.678348,-0.678359,0.000665507,0,0.5
1783082162939962368,0.001,-0.678348,-0.678348,-0.678359,0.000665493,0,0.5
1783082162940962304,0.001,-0.678348,-0.678348,-0.678359,0.00066548,0,0.5
1783082162941962240,0.001,0,0,-0.678359,0.00068144,0,0.5
1783082162942962176,0.001,0,0,-0.678358,0.000697401,0,0.5
1783082162943962112,0.001,0,0,-0.678357,0.000713361,0,0.5
1783082162944962048,0.001,0,0,-0.678356,0.000729322,0,0.5
1783082162945961984,0.001,-0.678348,-0.678348,-0.678357,0.000726215,0,0.5
1783082162946961920,0.001,0,0,-0.678356,0.000742176,0,0.5
1783082162947961856,0.001,-0.678348,-0.678348,-0.678356,0.000738414,0,0.5
1783082162948961792,0.001,-0.678348,-0.678348,-0.678356,0.000734845,0,0.5
1783082162949961728,0.001,-0.678348,-0.678348,-0.678356,0.000731458,0,0.5
1783082162950961664,0.001,-0.678348,-0.678348,-0.678356,0.000728243,0,0.5
1783082162951961600,0.001,-0.678348,-0.678348,-0.678356,0.00072519,0,0.5
1783082162952961536,0.001,-0.678348,-0.678348,-0.678356,0.000722291,0,0.5
1783082162953961472,0.001,-0.678348,-0.678348,-0.678356,0.000719537,0,0.5
1783082162954961408,0.001,-0.678348,-0.678348,-0.678356,0.00071692,0,0.5
1783082162955961344,0.001,-0.678348,-0.678348,-0.678356,0.000714434,0,0.5
1783082162956961280,0.001,-0.678348,-0.678348,-0.678356,0.000712071,0,0.5
1783082162957961216,0.001,-0.678348,-0.678348,-0.678356,0.000709824,0,0.5
1783082162958961152,0.001,-0.678348,-0.678348,-0.678356,0.000707689,0,0.5
1783082162959961088,0.001,-0.678348,-0.678348,-0.678356,0.000705658,0,0.5
1783082162960961024,0.001,-0.678348,-0.678348,-0.678356,0.000703726,0,0.5
1783082162961960960,0.001,-0.678348,-0.678348,-0.678357,0.00070189,0,0.5
1783082162962960896,0.001,-0.678348,-0.678348,-0.678357,0.000700142,0,0.5
1783082162963960832,0.001,-0.678348,-0.678348,-0.678357,0.000698479,0,0.5
1783082162964960768,0.001,-0.678348,-0.678348,-0.678357,0.000696897,0,0.5
1783082162965960704,0.001,-0.678348,-0.678348,-0.678357,0.000695392,0,0.5
1783082162966960640,0.001,-0.678348,-0.678348,-0.678357,0.000693959,0,0.5
1783082162967960576,0.001,-0.678348,-0.678348,-0.678357,0.000692595,0,0.5
1783082162968960512,0.001,-0.678348,-0.678348,-0.678357,0.000691297,0,0.5
1783082162969960448,0.001,0,0,-0.678356,0.000707255,0,0.5
1783082162970960384,0.001,-0.678348,-0.678348,-0.678356,0.000705244,0,0.5
1783082162971960320,0.001,-0.678348,-0.678348,-0.678356,0.000703331,0,0.5
1783082162972960256,0.001,-0.678348,-0.678348,-0.678356,0.000701512,0,0.5
1783082162973960192,0.001,-0.678348,-0.678348,-0.678356,0.000699781,0,0.5
1783082162974960128,0.001,-0.678348,-0.678348,-0.678356,0.000698134,0,0.5
1783082162975960064,0.001,-0.678348,-0.678348,-0.678356,0.000696567,0,0.5
1783082162976960000,0.001,-0.678348,-0.678348,-0.678356,0.000695075,0,0.5
1783082162977959936,0.001,-0.678348,-0.678348,-0.678356,0.000693656,0,0.5
1783082162978959872,0.001,-0.678348,-0.678348,-0.678356,0.000692305,0,0.5
1783082162979959808,0.001,-0.678348,-0.678348,-0.678356,0.000691019,0,0.5
1783082162980959744,0.001,-0.678348,-0.678348,-0.678356,0.000689794,0,0.5
1783082162981959680,0.001,-0.678348,-0.678348,-0.678356,0.000688629,0,0.5
1783082162982959616,0.001,-0.678348,-0.678348,-0.678356,0.000687519,0,0.5
1783082162983959552,0.001,-0.678348,-0.678348,-0.678356,0.000686461,0,0.5
1783082162984959488,0.001,-0.678348,-0.678348,-0.678356,0.000685455,0,0.5
1783082162985959424,0.001,-0.678348,-0.678348,-0.678356,0.000684496,0,0.5
1783082162986959360,0.001,-0.678348,-0.678348,-0.678356,0.000683582,0,0.5
1783082162987959296,0.001,-0.678348,-0.678348,-0.678356,0.000682712,0,0.5
1783082162988959232,0.001,-0.678348,-0.678348,-0.678357,0.000681883,0,0.5
1783082162989959168,0.001,-0.678348,-0.678348,-0.678357,0.000681093,0,0.5
1783082162990959104,0.001,-0.678348,-0.678348,-0.678357,0.000680341,0,0.5
1783082162991959040,0.001,-0.678348,-0.678348,-0.678357,0.000679624,0,0.5
1783082162992958976,0.001,-0.678348,-0.678348,-0.678357,0.000678941,0,0.5
1783082162993958912,0.001,0,0,-0.678356,0.000694897,0,0.5
1783082162994958848,0.001,-0.678348,-0.678348,-0.678356,0.000693484,0,0.5
1783082162995958784,0.001,-0.678348,-0.678348,-0.678356,0.000692138,0,0.5
1783082162996958720,0.001,-0.678348,-0.678348,-0.678356,0.000690858,0,0.5
1783082162997958656,0.001,-0.678348,-0.678348,-0.678356,0.000689638,0,0.5
1783082162998958592,0.001,-0.678348,-0.678348,-0.678356,0.000688477,0,0.5
1783082162999958528,0.001,-0.678348,-0.678348,-0.678356,0.000687371,0,0.5
1783082163000958464,0.001,-0.678348,-0.678348,-0.678356,0.000686319,0,0.5
1783082163001958400,0.001,-0.678348,-0.678348,-0.678356,0.000685316,0,0.5
1783082163002958336,0.001,-0.678348,-0.678348,-0.678356,0.000684361,0,0.5
1783082163003958272,0.001,-0.678348,-0.678348,-0.678356,0.000683451,0,0.5
1783082163004958208,0.001,-0.678348,-0.678348,-0.678356,0.000682585,0,0.5
1783082163005958144,0.001,-0.678348,-0.678348,-0.678356,0.000681759,0,0.5
1783082163006958080,0.001,-0.678348,-0.678348,-0.678356,0.000680972,0,0.5
1783082163007958016,0.001,-0.678348,-0.678348,-0.678356,0.000680223,0,0.5
1783082163008957952,0.001,-0.678348,-0.678348,-0.678356,0.000679509,0,0.5
1783082163009957888,0.001,-0.678348,-0.678348,-0.678356,0.000678828,0,0.5
1783082163010957824,0.001,-0.678348,-0.678348,-0.678356,0.00067818,0,0.5
1783082163011957760,0.001,-0.678348,-0.678348,-0.678356,0.000677562,0,0.5
1783082163012957696,0.001,-0.678348,-0.678348,-0.678356,0.000676973,0,0.5
1783082163013957632,0.001,0,0,-0.678356,0.000692928,0,0.5
1783082163014957568,0.001,-0.678348,-0.678348,-0.678356,0.000691606,0,0.5
1783082163015957504,0.001,0,0,-0.678355,0.000707561,0,0.5
1783082163016957440,0.001,-0.678348,-0.678348,-0.678355,0.000705527,0,0.5
1783082163017957376,0.001,-0.678348,-0.678348,-0.678355,0.000703593,0,0.5
1783082163018957312,0.001,-0.678348,-0.678348,-0.678355,0.000701753,0,0.5
1783082163019957248,0.001,0,0,-0.678354,0.000717708,0,0.5
1783082163020957184,0.001,-0.678348,-0.678348,-0.678354,0.000715171,0,0.5
1783082163021957120,0.001,-0.678348,-0.678348,-0.678354,0.000712761,0,0.5
1783082163022957056,0.001,-0.678348,-0.678348,-0.678354,0.000710469,0,0.5
1783082163023956992,0.001,-0.678348,-0.678348,-0.678354,0.000708291,0,0.5
1783082163024956928,0.001,-0.678348,-0.678348,-0.678355,0.00070622,0,0.5
1783082163025956864,0.001,0,0,-0.678354,0.000722174,0,0.5
1783082163026956800,0.001,-0.678348,-0.678348,-0.678354,0.000719414,0,0.5
1783082163027956736,0.001,-0.678348,-0.678348,-0.678354,0.000716791,0,0.5
1783082163028956672,0.001,-0.678348,-0.678348,-0.678354,0.000714299,0,0.5
1783082163029956608,0.001,-0.678348,-0.678348,-0.678354,0.00071193,0,0.5
1783082163030956544,0.001,-0.678348,-0.678348,-0.678354,0.000709679,0,0.5
1783082163031956480,0.001,0,0,-0.678353,0.000725632,0,0.5
1783082163032956416,0.001,-0.678348,-0.678348,-0.678353,0.000722697,0,0.5
1783082163033956352,0.001,-0.678348,-0.678348,-0.678353,0.000719909,0,0.5
1783082163034956288,0.001,-0.678348,-0.678348,-0.678354,0.000717261,0,0.5
1783082163035956224,0.001,-0.678348,-0.678348,-0.678354,0.000714744,0,0.5
1783082163036956160,0.001,-0.678348,-0.678348,-0.678354,0.000712352,0,0.5
1783082163037956096,0.001,-0.678348,-0.678348,-0.678354,0.000710079,0,0.5
1783082163038956032,0.001,-0.678348,-0.678348,-0.678354,0.000707917,0,0.5
1783082163039955968,0.001,-0.678348,-0.678348,-0.678354,0.000705862,0,0.5
1783082163040955904,0.001,-0.678348,-0.678348,-0.678354,0.000703907,0,0.5
1783082163041955840,0.001,0,0,-0.678353,0.00071986,0,0.5
1783082163042955776,0.001,-0.678348,-0.678348,-0.678353,0.000717213,0,0.5
1783082163043955712,0.001,-0.678348,-0.678348,-0.678353,0.000714697,0,0.5
1783082163044955648,0.001,-0.678348,-0.678348,-0.678353,0.000712306,0,0.5
1783082163045955584,0.001,-0.678348,-0.678348,-0.678353,0.000710033,0,0.5
1783082163046955520,0.001,-0.678348,-0.678348,-0.678353,0.000707873,0,0.5
1783082163047955456,0.001,0,0,-0.678353,0.000723825,0,0.5
1783082163048955392,0.001,-0.678348,-0.678348,-0.678353,0.000720978,0,0.5
1783082163049955328,0.001,-0.678348,-0.678348,-0.678353,0.000718274,0,0.5
1783082163050955264,0.001,-0.678348,-0.678348,-0.678353,0.000715704,0,0.5
1783082163051955200,0.001,-0.678348,-0.678348,-0.678353,0.000713262,0,0.5
1783082163052955136,0.001,-0.678348,-0.678348,-0.678353,0.000710941,0,0.5
1783082163053955072,0.001,-0.678348,-0.678348,-0.678353,0.000708734,0,0.5
1783082163054955008,0.001,-0.678348,-0.678348,-0.678353,0.000706636,0,0.5
1783082163055954944,0.001,-0.678348,-0.678348,-0.678353,0.000704641,0,0.5
1783082163056954880,0.001,-0.678348,-0.678348,-0.678353,0.000702744,0,0.5
1783082163057954816,0.001,-0.678348,-0.678348,-0.678353,0.000700939,0,0.5
1783082163058954752,0.001,-0.678348,-0.678348,-0.678353,0.000699222,0,0.5
1783082163059954688,0.001,-0.678348,-0.678348,-0.678354,0.000697588,0,0.5
1783082163060954624,0.001,-0.678348,-0.678348,-0.678354,0.000696034,0,0.5
1783082163061954560,0.001,-0.678348,-0.678348,-0.678354,0.000694554,0,0.5
1783082163062954496,0.001,-0.678348,-0.678348,-0.678354,0.000693146,0,0.5
1783082163063954432,0.001,-0.678348,-0.678348,-0.678354,0.000691806,0,0.5
1783082163064954368,0.001,-0.678348,-0.678348,-0.678354,0.00069053,0,0.5
1783082163065954304,0.001,-0.678348,-0.678348,-0.678354,0.000689316,0,0.5
1783082163066954240,0.001,-0.678348,-0.678348,-0.678354,0.000688159,0,0.5
1783082163067954176,0.001,-0.678348,-0.678348,-0.678354,0.000687058,0,0.5
1783082163068954112,0.001,-0.678348,-0.678348,-0.678354,0.000686009,0,0.5
1783082163069954048,0.001,-0.678348,-0.678348,-0.678354,0.00068501,0,0.5
1783082163070953984,0.001,-0.678348,-0.678348,-0.678354,0.000684059,0,0.5
1783082163071953920,0.001,-0.678348,-0.678348,-0.678354,0.000683152,0,0.5
1783082163072953856,0.001,-0.678348,-0.678348,-0.678354,0.000682289,0,0.5
1783082163073953792,0.001,-0.678348,-0.678348,-0.678354,0.000681467,0,0.5
1783082163074953728,0.001,-0.678348,-0.678348,-0.678354,0.000680683,0,0.5
1783082163075953664,0.001,-0.678348,-0.678348,-0.678354,0.000679937,0,0.5
1783082163076953600,0.001,-0.678348,-0.678348,-0.678354,0.000679225,0,0.5
1783082163077953536,0.001,-0.678348,-0.678348,-0.678354,0.000678547,0,0.5
1783082163078953472,0.001,-0.678348,-0.678348,-0.678354,0.000677901,0,0.5
1783082163079953408,0.001,-0.678348,-0.678348,-0.678354,0.000677286,0,0.5
1783082163080953344,0.001,-0.678348,-0.678348,-0.678354,0.000676699,0,0.5
1783082163081953280,0.001,-0.678348,-0.678348,-0.678354,0.00067614,0,0.5
1783082163082953216,0.001,-0.678348,-0.678348,-0.678354,0.000675607,0,0.5
1783082163083953152,0.001,-0.678348,-0.678348,-0.678354,0.000675099,0,0.5
1783082163084953088,0.001,-0.678348,-0.678348,-0.678354,0.000674614,0,0.5
1783082163085953024,0.001,-0.678348,-0.678348,-0.678354,0.000674152,0,0.5
1783082163086952960,0.001,-0.678348,-0.678348,-0.678354,0.000673712,0,0.5
1783082163087952896,0.001,-0.678348,-0.678348,-0.678354,0.000673292,0,0.5
1783082163088952832,0.001,-0.678348,-0.678348,-0.678354,0.000672892,0,0.5
1783082163089952768,0.001,-0.678348,-0.678348,-0.678354,0.000672511,0,0.5
1783082163090952704,0.001,-0.678348,-0.678348,-0.678354,0.000672147,0,0.5
1783082163091952640,0.001,-0.678348,-0.678348,-0.678354,0.0006718,0,0.5
1783082163092952576,0.001,-0.678348,-0.678348,-0.678354,0.000671469,0,0.5
1783082163093952512,0.001,-0.678348,-0.678348,-0.678354,0.000671153,0,0.5
1783082163094952448,0.001,0,0,-0.678354,0.000687102,0,0.5
1783082163095952384,0.001,-0.678348,-0.678348,-0.678354,0.000686047,0,0.5
1783082163096952320,0.001,-0.678348,-0.678348,-0.678354,0.000685042,0,0.5
1783082163097952256,0.001,-0.678348,-0.678348,-0.678354,0.000684085,0,0.5
1783082163098952192,0.001,-0.678348,-0.678348,-0.678354,0.000683173,0,0.5
1783082163099952128,0.001,-0.678348,-0.678348,-0.678354,0.000682304,0,0.5
1783082163100952064,0.001,-0.678348,-0.678348,-0.678354,0.000681477,0,0.5
1783082163101952000,0.001,-0.678348,-0.678348,-0.678354,0.000680689,0,0.5
1783082163102951936,0.001,-0.678348,-0.678348,-0.678354,0.000679937,0,0.5
1783082163103951872,0.001,-0.678348,-0.678348,-0.678354,0.000679222,0,0.5
1783082163104951808,0.001,-0.678348,-0.678348,-0.678354,0.00067854,0,0.5
1783082163105951744,0.001,-0.678348,-0.678348,-0.678354,0.00067789,0,0.5
1783082163106951680,0.001,-0.678348,-0.678348,-0.678354,0.000677271,0,0.5
1783082163107951616,0.001,-0.678348,-0.678348,-0.678354,0.00067668,0,0.5
1783082163108951552,0.001,-0.678348,-0.678348,-0.678354,0.000676118,0,0.5
1783082163109951488,0.001,-0.678348,-0.678348,-0.678354,0.000675581,0,0.5
1783082163110951424,0.001,-0.678348,-0.678348,-0.678354,0.00067507,0,0.5
1783082163111951360,0.001,-0.678348,-0.678348,-0.678354,0.000674583,0,0.5
1783082163112951296,0.001,-0.678348,-0.678348,-0.678354,0.000674118,0,0.5
1783082163113951232,0.001,-0.678348,-0.678348,-0.678354,0.000673675,0,0.5
1783082163114951168,0.001,-0.678348,-0.678348,-0.678354,0.000673253,0,0.5
1783082163115951104,0.001,-0.678348,-0.678348,-0.678354,0.00067285,0,0.5
1783082163116951040,0.001,-0.678348,-0.678348,-0.678354,0.000672466,0,0.5
1783082163117950976,0.001,-0.678348,-0.678348,-0.678354,0.0006721,0,0.5
1783082163118950912,0.001,-0.678348,-0.678348,-0.678354,0.000671751,0,0.5
1783082163119950848,0.001,-0.678348,-0.678348,-0.678354,0.000671418,0,0.5
1783082163120950784,0.001,-0.678348,-0.678348,-0.678354,0.000671101,0,0.5
1783082163121950720,0.001,-0.678348,-0.678348,-0.678354,0.000670798,0,0.5
1783082163122950656,0.001,-0.678348,-0.678348,-0.678354,0.000670509,0,0.5
1783082163123950592,0.001,-0.678348,-0.678348,-0.678354,0.000670234,0,0.5
1783082163124950528,0.001,-0.678348,-0.678348,-0.678354,0.000669971,0,0.5
1783082163125950464,0.001,-0.678348,-0.678348,-0.678354,0.00066972,0,0.5
1783082163126950400,0.001,-0.678348,-0.678348,-0.678354,0.000669481,0,0.5
1783082163127950336,0.001,-0.678348,-0.678348,-0.678354,0.000669253,0,0.5
1783082163128950272,0.001,-0.678348,-0.678348,-0.678354,0.000669035,0,0.5
1783082163129950208,0.001,-0.678348,-0.678348,-0.678354,0.000668828,0,0.5
1783082163130950144,0.001,-0.678348,-0.678348,-0.678354,0.00066863,0,0.5
1783082163131950080,0.001,-0.678348,-0.678348,-0.678354,0.000668441,0,0.5
1783082163132950016,0.001,-0.678348,-0.678348,-0.678354,0.00066826,0,0.5
1783082163133949952,0.001,-0.678348,-0.678348,-0.678354,0.000668088,0,0.5
1783082163134949888,0.001,-0.678348,-0.678348,-0.678354,0.000667924,0,0.5
1783082163135949824,0.001,-0.678348,-0.678348,-0.678354,0.000667767,0,0.5
1783082163136949760,0.001,-0.678348,-0.678348,-0.678354,0.000667617,0,0.5
1783082163137949696,0.001,-0.678348,-0.678348,-0.678354,0.000667475,0,0.5
1783082163138949632,0.001,-0.678348,-0.678348,-0.678354,0.000667338,0,0.5
1783082163139949568,0.001,-0.678348,-0.678348,-0.678354,0.000667208,0,0.5
1783082163140949504,0.001,-0.678348,-0.678348,-0.678354,0.000667084,0,0.5
1783082163141949440,0.001,-0.678348,-0.678348,-0.678354,0.000666965,0,0.5
1783082163142949376,0.001,-0.678348,-0.678348,-0.678354,0.000666852,0,0.5
1783082163143949312,0.001,-0.678348,-0.678348,-0.678354,0.000666744,0,0.5
1783082163144949248,0.001,-0.678348,-0.678348,-0.678354,0.00066664,0,0.5
1783082163145949184,0.001,-0.678348,-0.678348,-0.678354,0.000666542,0,0.5
1783082163146949120,0.001,-0.678348,-0.678348,-0.678354,0.000666448,0,0.5
1783082163147949056,0.001,-0.678348,-0.678348,-0.678354,0.000666357,0,0.5
1783082163148948992,0.001,0,0,-0.678353,0.000682302,0,0.5
1783082163149948928,0.001,-0.678348,-0.678348,-0.678353,0.000681467,0,0.5
1783082163150948864,0.001,-0.678348,-0.678348,-0.678353,0.000680671,0,0.5
1783082163151948800,0.001,-0.678348,-0.678348,-0.678353,0.000679913,0,0.5
1783082163152948736,0.001,-0.678348,-0.678348,-0.678353,0.000679191,0,0.5
1783082163153948672,0.001,-0.678348,-0.678348,-0.678353,0.000678502,0,0.5
1783082163154948608,0.001,-0.678348,-0.678348,-0.678353,0.000677846,0,0.5
1783082163155948544,0.001,-0.678348,-0.678348,-0.678353,0.000677221,0,0.5
1783082163156948480,0.001,-0.678348,-0.678348,-0.678353,0.000676625,0,0.5
1783082163157948416,0.001,-0.678348,-0.678348,-0.678353,0.000676057,0,0.5
1783082163158948352,0.001,-0.678348,-0.678348,-0.678353,0.000675516,0,0.5
1783082163159948288,0.001,-0.678348,-0.678348,-0.678353,0.000675,0,0.5
1783082163160948224,0.001,-0.678348,-0.678348,-0.678353,0.000674508,0,0.5
1783082163161948160,0.001,-0.678348,-0.678348,-0.678353,0.000674039,0,0.5
1783082163162948096,0.001,-0.678348,-0.678348,-0.678353,0.000673592,0,0.5
1783082163163948032,0.001,-0.678348,-0.678348,-0.678353,0.000673166,0,0.5
1783082163164947968,0.001,-0.678348,-0.678348,-0.678353,0.00067276,0,0.5
1783082163165947904,0.001,-0.678348,-0.678348,-0.678353,0.000672372,0,0.5
1783082163166947840,0.001,-0.678348,-0.678348,-0.678353,0.000672003,0,0.5
1783082163167947776,0.001,-0.678348,-0.678348,-0.678353,0.00067165,0,0.5
1783082163168947712,0.001,-0.678348,-0.678348,-0.678353,0.000671314,0,0.5
1783082163169947648,0.001,-0.678348,-0.678348,-0.678353,0.000670994,0,0.5
1783082163170947584,0.001,-0.678348,-0.678348,-0.678353,0.000670688,0,0.5
1783082163171947520,0.001,-0.678348,-0.678348,-0.678353,0.000670397,0,0.5
1783082163172947456,0.001,-0.678348,-0.678348,-0.678353,0.000670119,0,0.5
1783082163173947392,0.001,-0.678348,-0.678348,-0.678353,0.000669854,0,0.5
1783082163174947328,0.001,-0.678348,-0.678348,-0.678353,0.000669601,0,0.5
1783082163175947264,0.001,-0.678348,-0.678348,-0.678353,0.000669359,0,0.5
1783082163176947200,0.001,-0.678348,-0.678348,-0.678353,0.000669129,0,0.5
1783082163177947136,0.001,-0.678348,-0.678348,-0.678353,0.00066891,0,0.5
1783082163178947072,0.001,-0.678348,-0.678348,-0.678353,0.0006687,0,0.5
1783082163179947008,0.001,-0.678348,-0.678348,-0.678353,0.0006685,0,0.5
1783082163180946944,0.001,-0.678348,-0.678348,-0.678353,0.000668309,0,0.5
1783082163181946880,0.001,-0.678348,-0.678348,-0.678353,0.000668127,0,0.5
1783082163182946816,0.001,-0.678348,-0.678348,-0.678353,0.000667954,0,0.5
1783082163183946752,0.001,-0.678348,-0.678348,-0.678353,0.000667788,0,0.5
1783082163184946688,0.001,-0.678348,-0.678348,-0.678353,0.00066763,0,0.5
1783082163185946624,0.001,-0.678348,-0.678348,-0.678353,0.000667479,0,0.5
1783082163186946560,0.001,-0.678348,-0.678348,-0.678353,0.000667334,0,0.5
1783082163187946496,0.001,-0.678348,-0.678348,-0.678353,0.000667197,0,0.5
1783082163188946432,0.001,-0.678348,-0.678348,-0.678353,0.000667066,0,0.5
1783082163189946368,0.001,-0.678348,-0.678348,-0.678353,0.00066694,0,0.5
1783082163190946304,0.001,-0.678348,-0.678348,-0.678353,0.00066682,0,0.5
1783082163191946240,0.001,-0.678348,-0.678348,-0.678353,0.000666706,0,0.5
1783082163192946176,0.001,-0.678348,-0.678348,-0.678353,0.000666597,0,0.5
1783082163193946112,0.001,-0.678348,-0.678348,-0.678353,0.000666493,0,0.5
1783082163194946048,0.001,-0.678348,-0.678348,-0.678353,0.000666393,0,0.5
1783082163195945984,0.001,-0.678348,-0.678348,-0.678353,0.000666298,0,0.5
1783082163196945920,0.001,-0.678348,-0.678348,-0.678353,0.000666207,0,0.5
1783082163197945856,0.001,-0.678348,-0.678348,-0.678353,0.00066612,0,0.5
1783082163198945792,0.001,-0.678348,-0.678348,-0.678353,0.000666038,0,0.5
1783082163199945728,0.001,-0.678348,-0.678348,-0.678353,0.000665958,0,0.5
1783082163200945664,0.001,-0.678348,-0.678348,-0.678353,0.000665883,0,0.5
1783082163201945600,0.001,-0.678348,-0.678348,-0.678353,0.00066581,0,0.5
1783082163202945536,0.001,-0.678348,-0.678348,-0.678353,0.000665741,0,0.5
1783082163203945472,0.001,-0.678348,-0.678348,-0.678353,0.000665675,0,0.5
1783082163204945408,0.001,-0.678348,-0.678348,-0.678353,0.000665612,0,0.5
1783082163205945344,0.001,-0.678348,-0.678348,-0.678353,0.000665552,0,0.5
1783082163206945280,0.001,-0.678348,-0.678348,-0.678353,0.000665494,0,0.5
1783082163207945216,0.001,-0.678348,-0.678348,-0.678353,0.000665439,0,0.5
1783082163208945152,0.001,-0.678348,-0.678348,-0.678353,0.000665386,0,0.5
1783082163209945088,0.001,-0.678348,-0.678348,-0.678353,0.000665335,0,0.5
1783082163210945024,0.001,-0.678348,-0.678348,-0.678353,0.000665287,0,0.5
1783082163211944960,0.001,-0.678348,-0.678348,-0.678353,0.000665241,0,0.5
1783082163212944896,0.001,-0.678348,-0.678348,-0.678353,0.000665197,0,0.5
1783082163213944832,0.001,-0.678348,-0.678348,-0.678352,0.000665154,0,0.5
1783082163214944768,0.001,-0.678348,-0.678348,-0.678352,0.000665114,0,0.5
1783082163215944704,0.001,-0.678348,-0.678348,-0.678352,0.000665075,0,0.5
1783082163216944640,0.001,-0.678348,-0.678348,-0.678352,0.000665038,0,0.5
1783082163217944576,0.001,-0.678348,-0.678348,-0.678352,0.000665002,0,0.5
1783082163218944512,0.001,-0.678348,-0.678348,-0.678352,0.000664968,0,0.5
1783082163219944448,0.001,-0.678348,-0.678348,-0.678352,0.000664935,0,0.5
1783082163220944384,0.001,-0.678348,-0.678348,-0.678352,0.000664904,0,0.5
1783082163221944320,0.001,-0.678348,-0.678348,-0.678352,0.000664874,0,0.5
1783082163222944256,0.001,-0.678348,-0.678348,-0.678352,0.000664845,0,0.5
1783082163223944192,0.001,-0.678348,-0.678348,-0.678352,0.000664817,0,0.5
1783082163224944128,0.001,-0.678348,-0.678348,-0.678352,0.000664791,0,0.5
1783082163225944064,0.001,-0.678348,-0.678348,-0.678352,0.000664766,0,0.5
1783082163226944000,0.001,-0.678348,-0.678348,-0.678352,0.000664741,0,0.5
1783082163227943936,0.001,-0.678348,-0.678348,-0.678352,0.000664718,0,0.5
1783082163228943872,0.001,-0.678348,-0.678348,-0.678352,0.000664695,0,0.5
1783082163229943808,0.001,-0.678348,-0.678348,-0.678352,0.000664674,0,0.5
1783082163230943744,0.001,-0.678348,-0.678348,-0.678352,0.000664653,0,0.5
1783082163231943680,0.001,-0.678348,-0.678348,-0.678352,0.000664633,0,0.5
1783082163232943616,0.001,-0.678348,-0.678348,-0.678352,0.000664614,0,0.5
1783082163233943552,0.001,-0.678348,-0.678348,-0.678352,0.000664595,0,0.5
1783082163234943488,0.001,-0.678348,-0.678348,-0.678352,0.000664577,0,0.5
1783082163235943424,0.001,-0.678348,-0.678348,-0.678352,0.00066456,0,0.5
1783082163236943360,0.001,-0.678348,-0.678348,-0.678352,0.000664544,0,0.5
1783082163237943296,0.001,-0.678348,-0.678348,-0.678352,0.000664528,0,0.5
1783082163238943232,0.001,-0.678348,-0.678348,-0.678352,0.000664513,0,0.5
1783082163239943168,0.001,-0.678348,-0.678348,-0.678352,0.000664498,0,0.5
1783082163240943104,0.001,-0.678348,-0.678348,-0.678352,0.000664484,0,0.5
1783082163241943040,0.001,-0.678348,-0.678348,-0.678352,0.00066447,0,0.5
1783082163242942976,0.001,-0.678348,-0.678348,-0.678352,0.000664457,0,0.5
1783082163243942912,0.001,-0.678348,-0.678348,-0.678352,0.000664444,0,0.5
1783082163244942848,0.001,-0.678348,-0.678348,-0.678352,0.000664432,0,0.5
1783082163245942784,0.001,-0.678348,-0.678348,-0.678352,0.00066442,0,0.5
1783082163246942720,0.001,-0.678348,-0.678348,-0.678352,0.000664408,0,0.5
1783082163247942656,0.001,-0.678348,-0.678348,-0.678352,0.000664397,0,0.5
1783082163248942592,0.001,-0.678348,-0.678348,-0.678352,0.000664386,0,0.5
1783082163249942528,0.001,0,0,-0.678351,0.000680324,0,0.5
1783082163250942464,0.001,-0.678348,-0.678348,-0.678351,0.000679566,0,0.5
1783082163251942400,0.001,-0.678348,-0.678348,-0.678351,0.000678844,0,0.5
1783082163252942336,0.001,-0.678348,-0.678348,-0.678351,0.000678156,0,0.5
1783082163253942272,0.001,-0.678348,-0.678348,-0.678351,0.000677501,0,0.5
1783082163254942208,0.001,-0.678348,-0.678348,-0.678351,0.000676876,0,0.5
1783082163255942144,0.001,-0.678348,-0.678348,-0.678351,0.000676281,0,0.5
1783082163256942080,0.001,-0.678348,-0.678348,-0.678351,0.000675713,0,0.5
1783082163257942016,0.001,-0.678348,-0.678348,-0.678351,0.000675172,0,0.5
1783082163258941952,0.001,-0.678348,-0.678348,-0.678351,0.000674657,0,0.5
1783082163259941888,0.001,-0.678348,-0.678348,-0.678351,0.000674165,0,0.5
1783082163260941824,0.001,-0.678348,-0.678348,-0.678351,0.000673697,0,0.5
1783082163261941760,0.001,-0.678348,-0.678348,-0.678351,0.00067325,0,0.5
1783082163262941696,0.001,-0.678348,-0.678348,-0.678351,0.000672824,0,0.5
1783082163263941632,0.001,-0.678348,-0.678348,-0.678351,0.000672418,0,0.5
1783082163264941568,0.001,-0.678348,-0.678348,-0.678351,0.000672031,0,0.5
1783082163265941504,0.001,-0.678348,-0.678348,-0.678351,0.000671661,0,0.5
1783082163266941440,0.001,-0.678348,-0.678348,-0.678351,0.000671309,0,0.5
1783082163267941376,0.001,-0.678348,-0.678348,-0.678351,0.000670974,0,0.5
1783082163268941312,0.001,-0.678348,-0.678348,-0.678351,0.000670653,0,0.5
1783082163269941248,0.001,-0.678348,-0.678348,-0.678351,0.000670348,0,0.5
1783082163270941184,0.001,-0.678348,-0.678348,-0.678351,0.000670057,0,0.5
1783082163271941120,0.001,-0.678348,-0.678348,-0.678351,0.000669779,0,0.5
1783082163272941056,0.001,-0.678348,-0.678348,-0.678351,0.000669514,0,0.5
1783082163273940992,0.001,-0.678348,-0.678348,-0.678351,0.000669261,0,0.5
1783082163274940928,0.001,-0.678348,-0.678348,-0.678351,0.00066902,0,0.5
1783082163275940864,0.001,-0.678348,-0.678348,-0.678351,0.00066879,0,0.5
1783082163276940800,0.001,-0.678348,-0.678348,-0.678351,0.000668571,0,0.5
1783082163277940736,0.001,-0.678348,-0.678348,-0.678351,0.000668361,0,0.5
1783082163278940672,0.001,-0.678348,-0.678348,-0.678351,0.000668162,0,0.5
1783082163279940608,0.001,-0.678348,-0.678348,-0.678351,0.000667971,0,0.5
1783082163280940544,0.001,-0.678348,-0.678348,-0.678351,0.000667789,0,0.5
1783082163281940480,0.001,-0.678348,-0.678348,-0.678351,0.000667615,0,0.5
1783082163282940416,0.001,-0.678348,-0.678348,-0.678351,0.00066745,0,0.5
1783082163283940352,0.001,-0.678348,-0.678348,-0.678351,0.000667292,0,0.5
1783082163284940288,0.001,-0.678348,-0.678348,-0.678351,0.000667141,0,0.5
1783082163285940224,0.001,-0.678348,-0.678348,-0.678351,0.000666997,0,0.5
1783082163286940160,0.001,-0.678348,-0.678348,-0.678351,0.000666859,0,0.5
1783082163287940096,0.001,-0.678348,-0.678348,-0.678351,0.000666728,0,0.5
1783082163288940032,0.001,-0.678348,-0.678348,-0.678351,0.000666603,0,0.5
1783082163289939968,0.001,-0.678348,-0.678348,-0.678351,0.000666483,0,0.5
1783082163290939904,0.001,0,0,-0.67835,0.000682417,0,0.5
1783082163291939840,0.001,-0.678348,-0.678348,-0.67835,0.000681554,0,0.5
1783082163292939776,0.001,-0.678348,-0.678348,-0.67835,0.000680731,0,0.5
1783082163293939712,0.001,-0.678348,-0.678348,-0.67835,0.000679947,0,0.5
1783082163294939648,0.001,-0.678348,-0.678348,-0.67835,0.0006792,0,0.5
1783082163295939584,0.001,-0.678348,-0.678348,-0.67835,0.000678489,0,0.5
1783082163296939520,0.001,-0.678348,-0.678348,-0.67835,0.000677811,0,0.5
1783082163297939456,0.001,-0.678348,-0.678348,-0.67835,0.000677164,0,0.5
1783082163298939392,0.001,-0.678348,-0.678348,-0.67835,0.000676549,0,0.5
1783082163299939328,0.001,-0.678348,-0.678348,-0.67835,0.000675962,0,0.5
1783082163300939264,0.001,-0.678348,-0.678348,-0.67835,0.000675402,0,0.5
1783082163301939200,0.001,-0.678348,-0.678348,-0.67835,0.000674869,0,0.5
1783082163302939136,0.001,-0.678348,-0.678348,-0.67835,0.00067436,0,0.5
1783082163303939072,0.001,-0.678348,-0.678348,-0.67835,0.000673876,0,0.5
1783082163304939008,0.001,-0.678348,-0.678348,-0.67835,0.000673414,0,0.5
1783082163305938944,0.001,-0.678348,-0.678348,-0.67835,0.000672974,0,0.5
1783082163306938880,0.001,-0.678348,-0.678348,-0.67835,0.000672554,0,0.5
1783082163307938816,0.001,-0.678348,-0.678348,-0.67835,0.000672153,0,0.5
1783082163308938752,0.001,-0.678348,-0.678348,-0.67835,0.000671772,0,0.5
1783082163309938688,0.001,-0.678348,-0.678348,-0.67835,0.000671407,0,0.5
1783082163310938624,0.001,-0.678348,-0.678348,-0.67835,0.00067106,0,0.5
1783082163311938560,0.001,-0.678348,-0.678348,-0.67835,0.000670729,0,0.5
1783082163312938496,0.001,-0.678348,-0.678348,-0.67835,0.000670414,0,0.5
1783082163313938432,0.001,-0.678348,-0.678348,-0.67835,0.000670113,0,0.5
1783082163314938368,0.001,-0.678348,-0.678348,-0.67835,0.000669825,0,0.5
1783082163315938304,0.001,-0.678348,-0.678348,-0.67835,0.000669551,0,0.5
1783082163316938240,0.001,-0.678348,-0.678348,-0.67835,0.00066929,0,0.5
1783082163317938176,0.001,-0.678348,-0.678348,-0.67835,0.000669041,0,0.5
1783082163318938112,0.001,-0.678348,-0.678348,-0.67835,0.000668803,0,0.5
1783082163319938048,0.001,-0.678348,-0.678348,-0.67835,0.000668576,0,0.5
1783082163320937984,0.001,-0.678348,-0.678348,-0.67835,0.00066836,0,0.5
1783082163321937920,0.001,-0.678348,-0.678348,-0.67835,0.000668154,0,0.5
1783082163322937856,0.001,-0.678348,-0.678348,-0.67835,0.000667957,0,0.5
1783082163323937792,0.001,-0.678348,-0.678348,-0.67835,0.000667769,0,0.5
1783082163324937728,0.001,-0.678348,-0.678348,-0.67835,0.000667589,0,0.5
1783082163325937664,0.001,-0.678348,-0.678348,-0.67835,0.000667418,0,0.5
1783082163326937600,0.001,-0.678348,-0.678348,-0.67835,0.000667255,0,0.5
1783082163327937536,0.001,-0.678348,-0.678348,-0.67835,0.000667099,0,0.5
1783082163328937472,0.001,-0.678348,-0.678348,-0.67835,0.00066695,0,0.5
1783082163329937408,0.001,-0.678348,-0.678348,-0.67835,0.000666808,0,0.5
1783082163330937344,0.001,-0.678348,-0.678348,-0.67835,0.000666672,0,0.5
1783082163331937280,0.001,-0.678348,-0.678348,-0.67835,0.000666543,0,0.5
1783082163332937216,0.001,-0.678348,-0.678348,-0.67835,0.000666419,0,0.5
1783082163333937152,0.001,-0.678348,-0.678348,-0.67835,0.000666301,0,0.5
1783082163334937088,0.001,-0.678348,-0.678348,-0.67835,0.000666189,0,0.5
1783082163335937024,0.001,-0.678348,-0.678348,-0.67835,0.000666081,0,0.5
1783082163336936960,0.001,-0.678348,-0.678348,-0.67835,0.000665979,0,0.5
1783082163337936896,0.001,-0.678348,-0.678348,-0.67835,0.00066588,0,0.5
1783082163338936832,0.001,-0.678348,-0.678348,-0.67835,0.000665787,0,0.5
1783082163339936768,0.001,-0.678348,-0.678348,-0.67835,0.000665697,0,0.5
1783082163340936704,0.001,-0.678348,-0.678348,-0.67835,0.000665612,0,0.5
1783082163341936640,0.001,-0.678348,-0.678348,-0.67835,0.00066553,0,0.5
1783082163342936576,0.001,0,0,-0.678349,0.00068146,0,0.5
1783082163343936512,0.001,0,0,-0.678348,0.00069739,0,0.5
1783082163344936448,0.001,0,0,-0.678347,0.00071332,0,0.5
1783082163345936384,0.001,0,0,-0.678347,0.00072925,0,0.5
1783082163346936320,0.001,0,0,-0.678346,0.00074518,0,0.5
1783082163347936256,0.001,0,0,-0.678345,0.00076111,0,0.5
1783082163348936192,0.001,0,0,-0.678344,0.00077704,0,0.5
1783082163349936128,0.001,-0.678348,-0.678348,-0.678345,0.000771375,0,0.5
1783082163350936064,0.001,0,0,-0.678344,0.000787305,0,0.5
1783082163351936000,0.001,-0.678348,-0.678348,-0.678344,0.000781083,0,0.5
1783082163352935936,0.001,-0.678348,-0.678348,-0.678344,0.000775199,0,0.5
1783082163353935872,0.001,-0.678348,-0.678348,-0.678344,0.000769631,0,0.5
1783082163354935808,0.001,-0.678348,-0.678348,-0.678344,0.000764361,0,0.5
1783082163355935744,0.001,-0.678348,-0.678348,-0.678344,0.00075937,0,0.5
1783082163356935680,0.001,-0.678348,-0.678348,-0.678345,0.000754642,0,0.5
1783082163357935616,0.001,-0.678348,-0.678348,-0.678345,0.000750162,0,0.5
1783082163358935552,0.001,-0.678348,-0.678348,-0.678345,0.000745916,0,0.5
1783082163359935488,0.001,-0.678348,-0.678348,-0.678345,0.000741889,0,0.5
1783082163360935424,0.001,-0.678348,-0.678348,-0.678345,0.00073807,0,0.5
1783082163361935360,0.001,-0.678348,-0.678348,-0.678345,0.000734447,0,0.5
1783082163362935296,0.001,-0.678348,-0.678348,-0.678345,0.000731008,0,0.5
1783082163363935232,0.001,-0.678348,-0.678348,-0.678345,0.000727745,0,0.5
1783082163364935168,0.001,-0.678348,-0.678348,-0.678345,0.000724646,0,0.5
1783082163365935104,0.001,-0.678348,-0.678348,-0.678345,0.000721704,0,0.5
1783082163366935040,0.001,-0.678348,-0.678348,-0.678346,0.000718909,0,0.5
1783082163367934976,0.001,-0.678348,-0.678348,-0.678346,0.000716254,0,0.5
1783082163368934912,0.001,-0.678348,-0.678348,-0.678346,0.000713731,0,0.5
1783082163369934848,0.001,-0.678348,-0.678348,-0.678346,0.000711333,0,0.5
1783082163370934784,0.001,-0.678348,-0.678348,-0.678346,0.000709054,0,0.5
1783082163371934720,0.001,-0.678348,-0.678348,-0.678346,0.000706888,0,0.5
1783082163372934656,0.001,-0.678348,-0.678348,-0.678346,0.000704827,0,0.5
1783082163373934592,0.001,-0.678348,-0.678348,-0.678346,0.000702868,0,0.5
1783082163374934528,0.001,-0.678348,-0.678348,-0.678346,0.000701005,0,0.5
1783082163375934464,0.001,-0.678348,-0.678348,-0.678346,0.000699232,0,0.5
1783082163376934400,0.001,-0.678348,-0.678348,-0.678346,0.000697546,0,0.5
1783082163377934336,0.001,-0.678348,-0.678348,-0.678346,0.000695941,0,0.5
1783082163378934272,0.001,-0.678348,-0.678348,-0.678346,0.000694414,0,0.5
1783082163379934208,0.001,-0.678348,-0.678348,-0.678346,0.000692961,0,0.5
1783082163380934144,0.001,-0.678348,-0.678348,-0.678346,0.000691578,0,0.5
1783082163381934080,0.001,-0.678348,-0.678348,-0.678346,0.000690262,0,0.5
1783082163382934016,0.001,-0.678348,-0.678348,-0.678346,0.000689008,0,0.5
1783082163383933952,0.001,-0.678348,-0.678348,-0.678347,0.000687815,0,0.5
1783082163384933888,0.001,-0.678348,-0.678348,-0.678347,0.000686679,0,0.5
1783082163385933824,0.001,-0.678348,-0.678348,-0.678347,0.000685597,0,0.5
1783082163386933760,0.001,-0.678348,-0.678348,-0.678347,0.000684566,0,0.5
1783082163387933696,0.001,-0.678348,-0.678348,-0.678347,0.000683585,0,0.5
1783082163388933632,0.001,-0.678348,-0.678348,-0.678347,0.00068265,0,0.5
1783082163389933568,0.001,-0.678348,-0.678348,-0.678347,0.00068176,0,0.5
1783082163390933504,0.001,-0.678348,-0.678348,-0.678347,0.000680912,0,0.5
1783082163391933440,0.001,-0.678348,-0.678348,-0.678347,0.000680104,0,0.5
1783082163392933376,0.001,-0.678348,-0.678348,-0.678347,0.000679334,0,0.5
1783082163393933312,0.001,-0.678348,-0.678348,-0.678347,0.0006786,0,0.5
1783082163394933248,0.001,-0.678348,-0.678348,-0.678347,0.000677901,0,0.5
1783082163395933184,0.001,-0.678348,-0.678348,-0.678347,0.000677235,0,0.5
1783082163396933120,0.001,-0.678348,-0.678348,-0.678347,0.0006766,0,0.5
1783082163397933056,0.001,-0.678348,-0.678348,-0.678347,0.000675995,0,0.5
1783082163398932992,0.001,-0.678348,-0.678348,-0.678347,0.000675419,0,0.5
1783082163399932928,0.001,-0.678348,-0.678348,-0.678347,0.000674869,0,0.5
1783082163400932864,0.001,-0.678348,-0.678348,-0.678347,0.000674345,0,0.5
1783082163401932800,0.001,-0.678348,-0.678348,-0.678347,0.000673846,0,0.5
1783082163402932736,0.001,-0.678348,-0.678348,-0.678347,0.00067337,0,0.5
1783082163403932672,0.001,-0.678348,-0.678348,-0.678347,0.000672916,0,0.5
1783082163404932608,0.001,-0.678348,-0.678348,-0.678347,0.000672484,0,0.5
1783082163405932544,0.001,-0.678348,-0.678348,-0.678347,0.000672071,0,0.5
1783082163406932480,0.001,-0.678348,-0.678348,-0.678347,0.000671678,0,0.5
1783082163407932416,0.001,-0.678348,-0.678348,-0.678347,0.000671303,0,0.5
1783082163408932352,0.001,-0.678348,-0.678348,-0.678347,0.000670945,0,0.5
1783082163409932288,0.001,-0.678348,-0.678348,-0.678347,0.000670604,0,0.5
1783082163410932224,0.001,-0.678348,-0.678348,-0.678347,0.000670279,0,0.5
1783082163411932160,0.001,-0.678348,-0.678348,-0.678347,0.000669969,0,0.5
1783082163412932096,0.001,-0.678348,-0.678348,-0.678347,0.000669673,0,0.5
1783082163413932032,0.001,-0.678348,-0.678348,-0.678347,0.000669391,0,0.5
1783082163414931968,0.001,-0.678348,-0.678348,-0.678347,0.000669122,0,0.5
1783082163415931904,0.001,-0.678348,-0.678348,-0.678347,0.000668865,0,0.5
1783082163416931840,0.001,-0.678348,-0.678348,-0.678347,0.00066862,0,0.5
1783082163417931776,0.001,-0.678348,-0.678348,-0.678347,0.000668387,0,0.5
1783082163418931712,0.001,-0.678348,-0.678348,-0.678347,0.000668164,0,0.5
1783082163419931648,0.001,-0.678348,-0.678348,-0.678347,0.000667951,0,0.5
1783082163420931584,0.001,-0.678348,-0.678348,-0.678347,0.000667749,0,0.5
1783082163421931520,0.001,-0.678348,-0.678348,-0.678347,0.000667555,0,0.5
1783082163422931456,0.001,-0.678348,-0.678348,-0.678347,0.00066737,0,0.5
1783082163423931392,0.001,-0.678348,-0.678348,-0.678347,0.000667194,0,0.5
1783082163424931328,0.001,-0.678348,-0.678348,-0.678347,0.000667026,0,0.5
1783082163425931264,0.001,-0.678348,-0.678348,-0.678347,0.000666866,0,0.5
1783082163426931200,0.001,-0.678348,-0.678348,-0.678347,0.000666712,0,0.5
1783082163427931136,0.001,-0.678348,-0.678348,-0.678347,0.000666566,0,0.5
1783082163428931072,0.001,-0.678348,-0.678348,-0.678347,0.000666427,0,0.5
1783082163429931008,0.001,-0.678348,-0.678348,-0.678347,0.000666293,0,0.5
1783082163430930944,0.001,-0.678348,-0.678348,-0.678347,0.000666166,0,0.5
1783082163431930880,0.001,-0.678348,-0.678348,-0.678347,0.000666045,0,0.5
1783082163432930816,0.001,-0.678348,-0.678348,-0.678347,0.000665929,0,0.5
1783082163433930752,0.001,-0.678348,-0.678348,-0.678347,0.000665818,0,0.5
1783082163434930688,0.001,-0.678348,-0.678348,-0.678347,0.000665713,0,0.5
1783082163435930624,0.001,-0.678348,-0.678348,-0.678347,0.000665612,0,0.5
1783082163436930560,0.001,-0.678348,-0.678348,-0.678347,0.000665515,0,0.5
1783082163437930496,0.001,-0.678348,-0.678348,-0.678347,0.000665423,0,0.5
1783082163438930432,0.001,-0.678348,-0.678348,-0.678347,0.000665335,0,0.5
1783082163439930368,0.001,-0.678348,-0.678348,-0.678347,0.000665251,0,0.5
1783082163440930304,0.001,-0.678348,-0.678348,-0.678347,0.000665171,0,0.5
1783082163441930240,0.001,-0.678348,-0.678348,-0.678347,0.000665094,0,0.5
